DATE,ACTUAL_VALUE,D+1,ORDER,AIC,EXOGENOUS_FACTORS,NUM_FEATURES,FEATURE_NUMBERS,MARGINAL_PRICE,RMSE_COMPONENT,MAE,MAPE,ACCEPTANCE,REVENUE
2024-07-01 20:00:00,1.26,1.3307006979780975,"(2, 0, 2)",-81.49223541939355,FCR_GERMANY_SETTLEMENTCAPACITY_PRICE_[EUR/MW],1,1,2.5,0.004998588694590164,0.07070069797809753,0.05611166506198216,1,1.3307006979780975
2024-07-02 20:00:00,1.33,1.3082432519235891,"(2, 0, 2)",-82.35597879775959,FCR_GERMANY_SETTLEMENTCAPACITY_PRICE_[EUR/MW],1,1,1.66,0.0004733560868604105,0.021756748076410926,0.016358457200308967,1,1.3082432519235891
2024-07-03 20:00:00,1.32,1.39977597433765,"(2, 0, 2)",-83.368146488273,FCR_GERMANY_SETTLEMENTCAPACITY_PRICE_[EUR/MW],1,1,2.37,0.006364206081521399,0.07977597433765005,0.06043634419518942,1,1.39977597433765
2024-07-04 20:00:00,1.54,1.464457539354629,"(2, 0, 2)",-83.42154449959654,FCR_GERMANY_SETTLEMENTCAPACITY_PRICE_[EUR/MW],1,1,2.0,0.00570666336035742,0.07554246064537096,0.0490535458736175,1,1.464457539354629
2024-07-05 20:00:00,1.42,1.5584141904160491,"(2, 0, 2)",-87.13054866936059,FCR_GERMANY_SETTLEMENTCAPACITY_PRICE_[EUR/MW],1,1,1.65,0.01915848810853032,0.1384141904160492,0.09747478198313324,1,1.5584141904160491
2024-07-06 20:00:00,2.65,1.6055734699545932,"(2, 0, 2)",-86.9905358745026,FCR_GERMANY_SETTLEMENTCAPACITY_PRICE_[EUR/MW],1,1,5.09,1.090826776662689,1.0444265300454068,0.3941232188850592,1,1.6055734699545932
2024-07-07 20:00:00,2.01,2.66893801650132,"(2, 0, 2)",-80.31920033135712,FCR_GERMANY_SETTLEMENTCAPACITY_PRICE_[EUR/MW],1,1,2.77,0.4341993095906943,0.6589380165013203,0.3278298589558808,1,2.66893801650132
2024-07-08 20:00:00,1.73,1.961863849657631,"(2, 0, 2)",-79.5818878881201,FCR_GERMANY_SETTLEMENTCAPACITY_PRICE_[EUR/MW],1,1,2.09,0.053760844778056545,0.23186384965763107,0.13402534662290813,1,1.961863849657631
2024-07-09 20:00:00,1.64,1.53718710438939,"(2, 0, 2)",-80.05748147109671,FCR_GERMANY_SETTLEMENTCAPACITY_PRICE_[EUR/MW],1,1,1.93,0.010570491503838148,0.1028128956106098,0.06269079000646939,1,1.53718710438939
2024-07-10 20:00:00,1.45,1.5744169624594015,"(2, 0, 2)",-80.68399044447449,FCR_GERMANY_SETTLEMENTCAPACITY_PRICE_[EUR/MW],1,1,1.6,0.015479580547624145,0.12441696245940159,0.08580480169613904,1,1.5744169624594015
2024-07-11 20:00:00,1.26,1.3398396522270315,"(1, 0, 2)",-95.11208047982636,FCR_GERMANY_SETTLEMENTCAPACITY_PRICE_[EUR/MW],1,1,1.44,0.006374370067733334,0.07983965222703149,0.06336480335478689,1,1.3398396522270315
2024-07-12 20:00:00,1.2,1.2498726732187275,"(2, 0, 0)",-98.17095055977845,FCR_GERMANY_SETTLEMENTCAPACITY_PRICE_[EUR/MW],1,1,1.47,0.002487283533981986,0.04987267321872757,0.04156056101560631,1,1.2498726732187275
2024-07-13 20:00:00,1.41,1.2213124046249657,"(2, 0, 0)",-98.31662814028124,FCR_GERMANY_SETTLEMENTCAPACITY_PRICE_[EUR/MW],1,1,2.0,0.035603008648412635,0.1886875953750342,0.13382098962768385,1,1.2213124046249657
2024-07-14 20:00:00,1.51,1.535537596884587,"(2, 0, 2)",-101.13918542947648,FCR_GERMANY_SETTLEMENTCAPACITY_PRICE_[EUR/MW],1,1,1.87,0.0006521688546396682,0.02553759688458701,0.01691231581760729,1,1.535537596884587
2024-07-15 20:00:00,1.34,1.50018071406888,"(2, 0, 0)",-99.86389688296728,FCR_GERMANY_SETTLEMENTCAPACITY_PRICE_[EUR/MW],1,1,1.58,0.025657861159616296,0.16018071406888001,0.1195378463200597,1,1.50018071406888
2024-07-16 20:00:00,1.52,1.2652425111737478,"(2, 0, 0)",-101.17628461375716,FCR_GERMANY_SETTLEMENTCAPACITY_PRICE_[EUR/MW],1,1,2.49,0.06490137811305804,0.25475748882625227,0.1676036110699028,1,1.2652425111737478
2024-07-17 20:00:00,1.58,1.5237990340218013,"(2, 0, 2)",-104.39333139940952,FCR_GERMANY_SETTLEMENTCAPACITY_PRICE_[EUR/MW],1,1,2.0,0.003158548576882658,0.05620096597819879,0.035570231631771386,1,1.5237990340218013
2024-07-18 20:00:00,1.44,1.6932061712451705,"(2, 0, 2)",-104.35517182617852,FCR_GERMANY_SETTLEMENTCAPACITY_PRICE_[EUR/MW],1,1,1.65,0.06411336515663862,0.25320617124517053,0.17583761892025732,0,0.0
2024-07-19 20:00:00,1.32,1.499624527891535,"(1, 0, 2)",-103.32698434224568,FCR_GERMANY_SETTLEMENTCAPACITY_PRICE_[EUR/MW],1,1,1.46,0.032264971020256814,0.17962452789153494,0.13607918779661737,0,0.0
2024-07-20 20:00:00,1.36,1.147233628906675,"(2, 0, 0)",-106.43720182876008,FCR_GERMANY_SETTLEMENTCAPACITY_PRICE_[EUR/MW],1,1,1.64,0.045269528668222564,0.2127663710933252,0.1564458610980332,1,1.147233628906675
2024-07-21 20:00:00,1.29,1.3130440860183554,"(1, 0, 0)",-105.7401420636066,FCR_GERMANY_SETTLEMENTCAPACITY_PRICE_[EUR/MW],1,1,1.44,0.0005310299004213625,0.023044086018355392,0.01786363257236852,1,1.3130440860183554
2024-07-22 20:00:00,1.16,1.2661059140123034,"(1, 0, 0)",-106.92869483662548,FCR_GERMANY_SETTLEMENTCAPACITY_PRICE_[EUR/MW],1,1,1.3,0.011258464988386348,0.10610591401230351,0.09147061552784787,1,1.2661059140123034
2024-07-23 20:00:00,1.12,1.1460029940478402,"(1, 0, 1)",-110.16057273977208,FCR_GERMANY_SETTLEMENTCAPACITY_PRICE_[EUR/MW],1,1,1.28,0.0006761556994520088,0.026002994047840122,0.023216958971285822,1,1.1460029940478402
2024-07-24 20:00:00,1.06,1.2602779469707772,"(1, 0, 1)",-111.09329377503232,FCR_GERMANY_SETTLEMENTCAPACITY_PRICE_[EUR/MW],1,1,1.25,0.04011125604282943,0.20027794697077717,0.18894145940639354,0,0.0
2024-07-25 20:00:00,1.04,1.1240574143519335,"(1, 0, 1)",-111.3536693163638,FCR_GERMANY_SETTLEMENTCAPACITY_PRICE_[EUR/MW],1,1,1.15,0.007065648907532632,0.08405741435193348,0.08082443687685911,1,1.1240574143519335
2024-07-26 20:00:00,0.95,1.010666646936775,"(1, 0, 1)",-111.29700890423548,FCR_GERMANY_SETTLEMENTCAPACITY_PRICE_[EUR/MW],1,1,1.12,0.0036804420505513295,0.06066664693677515,0.06385962835450015,1,1.010666646936775
2024-07-27 20:00:00,1.07,0.8736772008122295,"(1, 0, 1)",-111.51307666670512,FCR_GERMANY_SETTLEMENTCAPACITY_PRICE_[EUR/MW],1,1,1.33,0.038542641480921666,0.1963227991877705,0.18347925157735562,1,0.8736772008122295
2024-07-28 20:00:00,1.25,1.2100892685866929,"(1, 0, 1)",-110.43939516114906,FCR_GERMANY_SETTLEMENTCAPACITY_PRICE_[EUR/MW],1,1,1.49,0.0015928664819451416,0.03991073141330714,0.03192858513064571,1,1.2100892685866929
2024-07-29 20:00:00,1.13,1.2165838531316042,"(1, 0, 1)",-110.51480171095102,FCR_GERMANY_SETTLEMENTCAPACITY_PRICE_[EUR/MW],1,1,1.31,0.007496763623115229,0.08658385313160433,0.07662287887752596,1,1.2165838531316042
2024-07-30 20:00:00,1.04,1.099653747532097,"(1, 0, 1)",-111.36708537518894,FCR_GERMANY_SETTLEMENTCAPACITY_PRICE_[EUR/MW],1,1,1.3,0.003558569594623177,0.05965374753209707,0.05735937262701641,1,1.099653747532097
2024-07-31 20:00:00,1.02,0.9696924064311052,"(1, 0, 2)",-112.90302312381144,FCR_GERMANY_SETTLEMENTCAPACITY_PRICE_[EUR/MW],1,1,1.19,0.0025308539706931058,0.050307593568894804,0.04932117016558314,1,0.9696924064311052
2024-08-01 20:00:00,0.99,1.0056962248375465,"(1, 0, 1)",-116.50516385008704,FCR_GERMANY_SETTLEMENTCAPACITY_PRICE_[EUR/MW],1,1,1.15,0.00024637147415081204,0.015696224837546513,0.015854772563178295,1,1.0056962248375465
2024-08-02 20:00:00,0.95,1.1011528973225575,"(1, 0, 1)",-116.52793687495196,FCR_GERMANY_SETTLEMENTCAPACITY_PRICE_[EUR/MW],1,1,1.08,0.022847198369003625,0.15115289732255754,0.15910831297111322,0,0.0
2024-08-03 20:00:00,1.05,0.9313902814626522,"(1, 0, 1)",-116.48924617053156,FCR_GERMANY_SETTLEMENTCAPACITY_PRICE_[EUR/MW],1,1,1.27,0.014068265331508869,0.11860971853734781,0.11296163670223601,1,0.9313902814626522
2024-08-04 20:00:00,1.11,1.0166066699807412,"(2, 0, 2)",-125.780677403224,FCR_GERMANY_SETTLEMENTCAPACITY_PRICE_[EUR/MW],1,1,1.25,0.0087223140920862,0.09339333001925887,0.08413813515248546,1,1.0166066699807412
2024-08-05 20:00:00,0.97,1.1854975197216908,"(2, 0, 2)",-136.78047481595644,FCR_GERMANY_SETTLEMENTCAPACITY_PRICE_[EUR/MW],1,1,1.11,0.046439181006200536,0.21549751972169084,0.22216239146566066,0,0.0
2024-08-06 20:00:00,0.95,0.9436280541149548,"(2, 0, 2)",-143.46407740399803,FCR_GERMANY_SETTLEMENTCAPACITY_PRICE_[EUR/MW],1,1,1.08,4.060169436194438e-05,0.006371945885045194,0.00670731145794231,1,0.9436280541149548
2024-08-07 20:00:00,0.91,0.983515688922816,"(2, 0, 2)",-145.19242349614768,FCR_GERMANY_SETTLEMENTCAPACITY_PRICE_[EUR/MW],1,1,0.98,0.005404556517796253,0.07351568892281601,0.08078647134375386,0,0.0
2024-08-08 20:00:00,0.85,0.9278049954447676,"(2, 0, 2)",-144.98934103809268,FCR_GERMANY_SETTLEMENTCAPACITY_PRICE_[EUR/MW],1,1,0.9,0.006053617316160307,0.0778049954447676,0.09153528875855012,0,0.0
2024-08-09 20:00:00,0.96,0.860891779726308,"(2, 0, 2)",-144.68095188154513,FCR_GERMANY_SETTLEMENTCAPACITY_PRICE_[EUR/MW],1,1,1.18,0.00982243932581864,0.09910822027369193,0.10323772945176243,1,0.860891779726308
2024-08-10 20:00:00,1.0,0.998723253911598,"(2, 0, 2)",-144.25200445010256,FCR_GERMANY_SETTLEMENTCAPACITY_PRICE_[EUR/MW],1,1,1.18,1.6300805742498158e-06,0.0012767460884020032,0.0012767460884020032,1,0.998723253911598
2024-08-11 20:00:00,1.0,1.002028278188757,"(2, 0, 2)",-144.26238323666524,FCR_GERMANY_SETTLEMENTCAPACITY_PRICE_[EUR/MW],1,1,1.12,4.11391241098762e-06,0.00202827818875706,0.00202827818875706,1,1.002028278188757
2024-08-12 20:00:00,0.97,1.036156210179224,"(2, 0, 2)",-144.2624643507655,FCR_GERMANY_SETTLEMENTCAPACITY_PRICE_[EUR/MW],1,1,1.11,0.004376644145277679,0.06615621017922413,0.06820227853528261,1,1.036156210179224
2024-08-13 20:00:00,1.12,0.9718419444029672,"(2, 0, 2)",-144.2180677387377,FCR_GERMANY_SETTLEMENTCAPACITY_PRICE_[EUR/MW],1,1,2.19,0.021950809438293487,0.14815805559703288,0.13228397821163648,1,0.9718419444029672
2024-08-14 20:00:00,1.12,1.1514793681243107,"(2, 0, 2)",-144.52596374900668,FCR_GERMANY_SETTLEMENTCAPACITY_PRICE_[EUR/MW],1,1,1.41,0.000990950617505864,0.031479368124310625,0.028106578682420197,1,1.1514793681243107
2024-08-15 20:00:00,1.1,1.0958495117614693,"(2, 0, 2)",-144.98484475594267,FCR_GERMANY_SETTLEMENTCAPACITY_PRICE_[EUR/MW],1,1,1.23,1.722655261818262e-05,0.004150488238530814,0.0037731711259371033,1,1.0958495117614693
2024-08-16 20:00:00,1.0,1.1427849039310178,"(2, 0, 2)",-148.28785005159295,FCR_GERMANY_SETTLEMENTCAPACITY_PRICE_[EUR/MW],1,1,1.18,0.02038752879058999,0.14278490393101784,0.14278490393101784,1,1.1427849039310178
2024-08-17 20:00:00,1.08,0.9430383047980492,"(2, 0, 2)",-147.70437272540937,FCR_GERMANY_SETTLEMENTCAPACITY_PRICE_[EUR/MW],1,1,1.29,0.018758505952592097,0.1369616952019509,0.12681638444625082,1,0.9430383047980492
2024-08-18 20:00:00,1.17,1.0989320871875303,"(2, 0, 2)",-147.8436874318786,FCR_GERMANY_SETTLEMENTCAPACITY_PRICE_[EUR/MW],1,1,1.54,0.005050648231520781,0.0710679128124696,0.0607418058226236,1,1.0989320871875303
2024-08-19 20:00:00,1.06,1.2667030055877246,"(2, 0, 2)",-148.07928821007016,FCR_GERMANY_SETTLEMENTCAPACITY_PRICE_[EUR/MW],1,1,1.21,0.0427261325189989,0.2067030055877246,0.1950028354601175,0,0.0
2024-08-20 20:00:00,1.09,0.9988832866260036,"(1, 0, 2)",-174.21610680108682,FCR_GERMANY_SETTLEMENTCAPACITY_PRICE_[EUR/MW],1,1,1.39,0.008302255456079035,0.09111671337399652,0.08359331502201514,1,0.9988832866260036
2024-08-21 20:00:00,1.32,1.0935401570742318,"(2, 0, 2)",-178.83285772635435,FCR_GERMANY_SETTLEMENTCAPACITY_PRICE_[EUR/MW],1,1,3.35,0.05128406045796363,0.22645984292576826,0.17156048706497595,1,1.0935401570742318
2024-08-22 20:00:00,1.74,1.3352688415658065,"(2, 0, 2)",-177.88636230390046,FCR_GERMANY_SETTLEMENTCAPACITY_PRICE_[EUR/MW],1,1,2.58,0.16380731060748424,0.4047311584341935,0.23260411404263995,1,1.3352688415658065
2024-08-23 20:00:00,1.85,1.7453566139916563,"(2, 0, 2)",-175.11689869069264,FCR_GERMANY_SETTLEMENTCAPACITY_PRICE_[EUR/MW],1,1,2.31,0.010950238235291237,0.10464338600834378,0.05656399243694258,1,1.7453566139916563
2024-08-24 20:00:00,2.0,1.666608257982296,"(2, 0, 2)",-175.23992796797063,FCR_GERMANY_SETTLEMENTCAPACITY_PRICE_[EUR/MW],1,1,2.3,0.11115005364559925,0.33339174201770394,0.16669587100885197,1,1.666608257982296
2024-08-25 20:00:00,1.89,1.9060111103312136,"(2, 0, 2)",-173.70960763944163,FCR_GERMANY_SETTLEMENTCAPACITY_PRICE_[EUR/MW],1,1,2.68,0.00025635565403829867,0.016011110331213718,0.008471486947732126,1,1.9060111103312136
2024-08-26 20:00:00,1.65,1.8753572602728543,"(1, 0, 1)",-175.28054655555144,FCR_GERMANY_SETTLEMENTCAPACITY_PRICE_[EUR/MW],1,1,1.96,0.05078589475768704,0.2253572602728544,0.1365801577411239,1,1.8753572602728543
2024-08-27 20:00:00,1.62,1.5767507243636014,"(1, 0, 1)",-174.85837342541132,FCR_GERMANY_SETTLEMENTCAPACITY_PRICE_[EUR/MW],1,1,1.93,0.001870499843073189,0.04324927563639869,0.02669708372617203,1,1.5767507243636014
2024-08-28 20:00:00,1.61,1.5994182672522002,"(1, 0, 1)",-175.0972221080135,FCR_GERMANY_SETTLEMENTCAPACITY_PRICE_[EUR/MW],1,1,1.9,0.00011197306794586174,0.010581732747799943,0.006572504812298101,1,1.5994182672522002
2024-08-29 20:00:00,1.59,1.71585226976789,"(1, 0, 1)",-175.1102222263092,FCR_GERMANY_SETTLEMENTCAPACITY_PRICE_[EUR/MW],1,1,1.75,0.01583879380572973,0.12585226976788988,0.07915237092320118,1,1.71585226976789
2024-08-30 20:00:00,1.5,1.4794008018035565,"(1, 0, 1)",-176.91481311199777,FCR_GERMANY_SETTLEMENTCAPACITY_PRICE_[EUR/MW],1,1,1.66,0.00042432696633636167,0.020599198196443513,0.013732798797629009,1,1.4794008018035565
2024-08-31 20:00:00,1.49,1.4204488892624465,"(1, 0, 1)",-178.97238469556223,FCR_GERMANY_SETTLEMENTCAPACITY_PRICE_[EUR/MW],1,1,1.7,0.004837357004827428,0.06955111073755349,0.046678597810438587,1,1.4204488892624465
2024-09-01 20:00:00,1.54,1.470722645205764,"(1, 0, 1)",-179.0418492311283,FCR_GERMANY_SETTLEMENTCAPACITY_PRICE_[EUR/MW],1,1,2.29,0.004799351887286457,0.06927735479423602,0.044985295320932484,1,1.470722645205764
2024-09-02 20:00:00,1.59,1.5408820149646938,"(1, 0, 1)",-178.94170828747036,FCR_GERMANY_SETTLEMENTCAPACITY_PRICE_[EUR/MW],1,1,1.98,0.0024125764539285723,0.04911798503530629,0.030891814487614015,1,1.5408820149646938
2024-09-03 20:00:00,1.52,1.6375251918442786,"(1, 0, 1)",-178.95316893625113,FCR_GERMANY_SETTLEMENTCAPACITY_PRICE_[EUR/MW],1,1,2.2,0.013812170718034481,0.11752519184427856,0.07731920516070959,1,1.6375251918442786
2024-09-04 20:00:00,1.63,1.5176895554183405,"(2, 0, 2)",-181.42591113573795,FCR_GERMANY_SETTLEMENTCAPACITY_PRICE_[EUR/MW],1,1,1.96,0.012613635962129987,0.1123104445816594,0.06890211324028184,1,1.5176895554183405
2024-09-05 20:00:00,2.21,1.5657473732727945,"(2, 0, 2)",-184.12885730033207,FCR_GERMANY_SETTLEMENTCAPACITY_PRICE_[EUR/MW],1,1,4.57,0.415061447044904,0.6442526267272055,0.2915170256684188,1,1.5657473732727945
2024-09-06 20:00:00,1.99,2.257440566813113,"(2, 0, 2)",-179.96891047137962,FCR_GERMANY_SETTLEMENTCAPACITY_PRICE_[EUR/MW],1,1,2.31,0.07152445677731904,0.2674405668131128,0.13439224462970492,1,2.257440566813113
2024-09-07 20:00:00,1.89,1.8456882451011616,"(1, 0, 2)",-180.7512801202416,FCR_GERMANY_SETTLEMENTCAPACITY_PRICE_[EUR/MW],1,1,2.05,0.0019635316222147217,0.04431175489883832,0.023445372962348318,1,1.8456882451011616
2024-09-08 20:00:00,1.74,1.8340865004476796,"(1, 0, 1)",-184.23028003677163,FCR_GERMANY_SETTLEMENTCAPACITY_PRICE_[EUR/MW],1,1,2.0,0.00885226956649122,0.09408650044767963,0.054072701406712435,1,1.8340865004476796
2024-09-09 20:00:00,2.01,1.725062508832239,"(1, 0, 1)",-184.26772684178127,FCR_GERMANY_SETTLEMENTCAPACITY_PRICE_[EUR/MW],1,1,4.5,0.0811893738729777,0.2849374911677607,0.14175994585460733,1,1.725062508832239
2024-09-10 20:00:00,2.54,2.0228842941103893,"(2, 0, 2)",-183.77339243250745,FCR_GERMANY_SETTLEMENTCAPACITY_PRICE_[EUR/MW],1,1,4.72,0.2674086532777104,0.5171157058896108,0.20358886058646092,1,2.0228842941103893
2024-09-11 20:00:00,2.57,2.569568747229701,"(1, 0, 1)",-184.18958368271583,FCR_GERMANY_SETTLEMENTCAPACITY_PRICE_[EUR/MW],1,1,3.85,1.8597895189035705e-07,0.0004312527702987623,0.00016780263435749507,1,2.569568747229701
2024-09-12 20:00:00,2.33,2.530761716357561,"(1, 0, 0)",-184.3059181481677,FCR_GERMANY_SETTLEMENTCAPACITY_PRICE_[EUR/MW],1,1,2.6,0.040305266754833695,0.2007617163575608,0.08616382676290163,1,2.530761716357561
2024-09-13 20:00:00,2.48,2.324242922871553,"(1, 0, 0)",-184.0793736031593,FCR_GERMANY_SETTLEMENTCAPACITY_PRICE_[EUR/MW],1,1,3.6,0.02426026707559702,0.1557570771284471,0.06280527303566416,1,2.324242922871553
2024-09-14 20:00:00,2.57,2.399032793512253,"(1, 0, 0)",-183.88253301305397,FCR_GERMANY_SETTLEMENTCAPACITY_PRICE_[EUR/MW],1,1,3.03,0.029229785694223916,0.170967206487747,0.06652420485904553,1,2.399032793512253
2024-09-15 20:00:00,2.46,2.5161240987790245,"(1, 0, 1)",-184.76855565194535,FCR_GERMANY_SETTLEMENTCAPACITY_PRICE_[EUR/MW],1,1,2.99,0.003149914463757708,0.05612409877902458,0.022814674300416494,1,2.5161240987790245
2024-09-16 20:00:00,2.47,2.4861633627416118,"(1, 0, 0)",-184.8974209845144,FCR_GERMANY_SETTLEMENTCAPACITY_PRICE_[EUR/MW],1,1,3.52,0.0002612542951169169,0.016163362741611564,0.006543871555308325,1,2.4861633627416118
2024-09-17 20:00:00,2.71,2.4000695304109487,"(1, 0, 1)",-187.1785790454838,FCR_GERMANY_SETTLEMENTCAPACITY_PRICE_[EUR/MW],1,1,4.5,0.09605689597968982,0.30993046958905124,0.11436548693322925,1,2.4000695304109487
2024-09-18 20:00:00,3.24,2.653186612752182,"(1, 0, 0)",-186.95698585454983,FCR_GERMANY_SETTLEMENTCAPACITY_PRICE_[EUR/MW],1,1,4.96,0.3443499514532577,0.5868133872478181,0.1811152429777216,1,2.653186612752182
2024-09-19 20:00:00,3.63,3.150675514448525,"(2, 0, 2)",-188.34418760665855,FCR_GERMANY_SETTLEMENTCAPACITY_PRICE_[EUR/MW],1,1,6.0,0.22975196244918628,0.4793244855514751,0.13204531282409784,1,3.150675514448525
2024-09-20 20:00:00,3.41,3.4812411457659325,"(2, 0, 2)",-191.807132675513,FCR_GERMANY_SETTLEMENTCAPACITY_PRICE_[EUR/MW],1,1,3.82,0.005075300850042817,0.07124114576593232,0.020891831602912705,1,3.4812411457659325
2024-09-21 20:00:00,2.88,3.307337339937843,"(1, 0, 2)",-229.80788148401396,FCR_GERMANY_SETTLEMENTCAPACITY_PRICE_[EUR/MW],1,1,3.32,0.18261720210515184,0.4273373399378433,0.14838102081175114,1,3.307337339937843
2024-09-22 20:00:00,2.57,2.789947190799107,"(1, 0, 1)",-232.79291180578767,FCR_GERMANY_SETTLEMENTCAPACITY_PRICE_[EUR/MW],1,1,3.09,0.04837676674041881,0.21994719079910707,0.08558256451327124,1,2.789947190799107
2024-09-23 20:00:00,2.46,2.526611189002051,"(1, 0, 2)",-236.69530598313477,FCR_GERMANY_SETTLEMENTCAPACITY_PRICE_[EUR/MW],1,1,2.99,0.004437050500266943,0.06661118900205087,0.027077719106524747,1,2.526611189002051
2024-09-24 20:00:00,2.39,2.400144402197884,"(2, 0, 0)",-241.36736801237575,FCR_GERMANY_SETTLEMENTCAPACITY_PRICE_[EUR/MW],1,1,2.9,0.00010290889595243002,0.010144402197883817,0.004244519748068542,1,2.400144402197884
2024-09-25 20:00:00,2.36,2.3634787297730124,"(2, 0, 2)",-246.68746309825275,FCR_GERMANY_SETTLEMENTCAPACITY_PRICE_[EUR/MW],1,1,2.6,1.2101560833643994e-05,0.0034787297730125566,0.0014740380394121003,1,2.3634787297730124
2024-09-26 20:00:00,2.42,2.3382498228434505,"(1, 0, 2)",-250.52228274184336,FCR_GERMANY_SETTLEMENTCAPACITY_PRICE_[EUR/MW],1,1,3.09,0.006683091465127215,0.08175017715654942,0.0337810649407229,1,2.3382498228434505
2024-09-27 20:00:00,2.74,2.3926078209520805,"(1, 0, 1)",-254.79714195842405,FCR_GERMANY_SETTLEMENTCAPACITY_PRICE_[EUR/MW],1,1,3.57,0.12068132606366193,0.34739217904791975,0.12678546680581013,1,2.3926078209520805
2024-09-28 20:00:00,2.62,2.6955368693101875,"(1, 0, 0)",-254.17539336311975,FCR_GERMANY_SETTLEMENTCAPACITY_PRICE_[EUR/MW],1,1,2.9,0.005705818625184337,0.07553686931018744,0.028830866148926503,1,2.6955368693101875
2024-09-29 20:00:00,2.37,2.553395837623897,"(1, 0, 1)",-256.9572050918848,FCR_GERMANY_SETTLEMENTCAPACITY_PRICE_[EUR/MW],1,1,2.57,0.03363403325777075,0.18339583762389688,0.07738220996788897,1,2.553395837623897
2024-09-30 20:00:00,3.06,2.3377087899020648,"(1, 0, 0)",-256.8195698349789,FCR_GERMANY_SETTLEMENTCAPACITY_PRICE_[EUR/MW],1,1,5.1,0.5217045921847397,0.7222912100979353,0.2360428791169723,1,2.3377087899020648
2024-10-01 20:00:00,2.81,3.019161866831736,"(1, 0, 0)",-249.93926356293696,FCR_GERMANY_SETTLEMENTCAPACITY_PRICE_[EUR/MW],1,1,3.6,0.04374868653653691,0.2091618668317361,0.0744348280539986,1,3.019161866831736
2024-10-02 20:00:00,2.38,2.7505007181752226,"(1, 0, 0)",-249.9459000112944,FCR_GERMANY_SETTLEMENTCAPACITY_PRICE_[EUR/MW],1,1,2.73,0.13727078216835578,0.3705007181752227,0.15567257066185827,0,0.0
2024-10-03 20:00:00,2.14,2.3392935181939905,"(1, 0, 0)",-248.70238984514756,FCR_GERMANY_SETTLEMENTCAPACITY_PRICE_[EUR/MW],1,1,2.39,0.03971790639413835,0.19929351819399033,0.09312781224018239,1,2.3392935181939905
2024-10-04 20:00:00,1.92,2.1203808143482044,"(1, 0, 0)",-248.1605934112568,FCR_GERMANY_SETTLEMENTCAPACITY_PRICE_[EUR/MW],1,1,2.06,0.04015247075884957,0.20038081434820443,0.10436500747302314,0,0.0
2024-10-05 20:00:00,1.73,1.90414838241362,"(1, 0, 0)",-247.48721364839545,FCR_GERMANY_SETTLEMENTCAPACITY_PRICE_[EUR/MW],1,1,1.98,0.030327659097280458,0.17414838241362007,0.10066380486336421,1,1.90414838241362
2024-10-06 20:00:00,2.08,1.725107209363797,"(1, 0, 0)",-246.85892380195463,FCR_GERMANY_SETTLEMENTCAPACITY_PRICE_[EUR/MW],1,1,4.02,0.12594889284555194,0.35489279063620316,0.17062153395971305,1,1.725107209363797
2024-10-07 20:00:00,2.02,2.032651323243293,"(1, 0, 0)",-244.8795084408269,FCR_GERMANY_SETTLEMENTCAPACITY_PRICE_[EUR/MW],1,1,2.51,0.00016005597980628543,0.012651323243292989,0.006263031308560886,1,2.032651323243293
2024-10-08 20:00:00,1.91,1.9896180521153004,"(1, 0, 1)",-245.5835528530289,FCR_GERMANY_SETTLEMENTCAPACITY_PRICE_[EUR/MW],1,1,2.12,0.006339034222634704,0.07961805211530049,0.04168484403942434,1,1.9896180521153004
2024-10-09 20:00:00,1.74,1.8807537162640608,"(1, 0, 1)",-246.14127914794608,FCR_GERMANY_SETTLEMENTCAPACITY_PRICE_[EUR/MW],1,1,1.9,0.01981160864214375,0.14075371626406086,0.08089294038164417,1,1.8807537162640608
2024-10-10 20:00:00,1.57,1.7145572572465049,"(1, 0, 0)",-246.04200962474152,FCR_GERMANY_SETTLEMENTCAPACITY_PRICE_[EUR/MW],1,1,1.73,0.020896800622632168,0.1445572572465048,0.09207468614427057,1,1.7145572572465049
2024-10-11 20:00:00,1.4,1.5503911429882618,"(1, 0, 2)",-245.8954784919464,FCR_GERMANY_SETTLEMENTCAPACITY_PRICE_[EUR/MW],1,1,1.53,0.022617495889315817,0.15039114298826184,0.10742224499161561,0,0.0
2024-10-12 20:00:00,2.34,1.369548977344137,"(1, 0, 1)",-248.91334801079392,FCR_GERMANY_SETTLEMENTCAPACITY_PRICE_[EUR/MW],1,1,3.79,0.9417751873738102,0.9704510226558629,0.4147226592546423,1,1.369548977344137
2024-10-13 20:00:00,2.72,2.3058094448130637,"(1, 0, 0)",-230.63755866762543,FCR_GERMANY_SETTLEMENTCAPACITY_PRICE_[EUR/MW],1,1,4.02,0.17155381600606268,0.4141905551869365,0.15227593940696194,1,2.3058094448130637
2024-10-14 20:00:00,2.51,2.5662422430285723,"(1, 0, 2)",-231.87862635834733,FCR_GERMANY_SETTLEMENTCAPACITY_PRICE_[EUR/MW],1,1,5.52,0.0031631899008850123,0.0562422430285725,0.022407268138873507,1,2.5662422430285723
2024-10-15 20:00:00,5.69,2.4387075032965746,"(1, 0, 1)",-234.47034878019505,FCR_GERMANY_SETTLEMENTCAPACITY_PRICE_[EUR/MW],1,1,13.58,10.570902899119996,3.251292496703426,0.5714046567141345,1,2.4387075032965746
2024-10-16 20:00:00,6.7,3.819371657120473,"(1, 0, 0)",-222.50301999013416,FCR_GERMANY_SETTLEMENTCAPACITY_PRICE_[EUR/MW],1,1,9.83,8.298019649800851,2.880628342879527,0.4299445287879891,1,3.819371657120473
2024-10-17 20:00:00,5.27,3.7544638123546807,"(1, 0, 0)",-221.69145350430568,FCR_GERMANY_SETTLEMENTCAPACITY_PRICE_[EUR/MW],1,1,6.65,2.296849936062507,1.5155361876453188,0.28757802422112316,1,3.7544638123546807
2024-10-18 20:00:00,4.64,3.7893049941603314,"(1, 0, 0)",-221.6287282310986,FCR_GERMANY_SETTLEMENTCAPACITY_PRICE_[EUR/MW],1,1,5.05,0.7236819929605532,0.8506950058396683,0.18333944091372162,1,3.7893049941603314
2024-10-19 20:00:00,3.95,3.9881264157841936,"(1, 0, 0)",-214.38716078983177,FCR_GERMANY_SETTLEMENTCAPACITY_PRICE_[EUR/MW],1,1,4.6,0.0014536235805491916,0.0381264157841934,0.00965225716055529,1,3.9881264157841936
2024-10-20 20:00:00,6.5,3.9015595427316647,"(1, 0, 0)",-214.3261874842005,FCR_GERMANY_SETTLEMENTCAPACITY_PRICE_[EUR/MW],1,1,15.8,6.751892809968876,2.5984404572683353,0.39976007034897465,1,3.9015595427316647
2024-10-21 20:00:00,4.72,4.46762144240149,"(1, 0, 0)",-193.09994943926523,FCR_GERMANY_SETTLEMENTCAPACITY_PRICE_[EUR/MW],1,1,5.9,0.06369493633550433,0.2523785575985098,0.05347003338951479,1,4.46762144240149
2024-10-22 20:00:00,3.83,4.482008349857136,"(1, 0, 2)",-193.55075228119225,FCR_GERMANY_SETTLEMENTCAPACITY_PRICE_[EUR/MW],1,1,4.41,0.425114888283425,0.6520083498571356,0.17023716706452627,0,0.0
2024-10-23 20:00:00,3.32,3.6699187446989376,"(2, 0, 2)",-197.7073854324224,FCR_GERMANY_SETTLEMENTCAPACITY_PRICE_[EUR/MW],1,1,3.53,0.12244312789168041,0.3499187446989378,0.1053972122587162,0,0.0
2024-10-24 20:00:00,2.77,3.203364277272315,"(1, 0, 1)",-200.48420866080437,FCR_GERMANY_SETTLEMENTCAPACITY_PRICE_[EUR/MW],1,1,3.3,0.1878045968157559,0.43336427727231497,0.15644919757123285,1,3.203364277272315
2024-10-25 20:00:00,2.32,2.6947651367120127,"(1, 0, 0)",-201.17204958083352,FCR_GERMANY_SETTLEMENTCAPACITY_PRICE_[EUR/MW],1,1,2.53,0.14044890769477367,0.37476513671201284,0.16153669685862623,0,0.0
2024-10-26 20:00:00,2.24,2.2686710915990003,"(1, 0, 0)",-204.57580064061057,FCR_GERMANY_SETTLEMENTCAPACITY_PRICE_[EUR/MW],1,1,2.77,0.0008220314934782514,0.028671091599000054,0.012799594463839308,1,2.2686710915990003
2024-10-27 20:00:00,2.11,2.19410748163511,"(1, 0, 0)",-204.6085244192128,FCR_GERMANY_SETTLEMENTCAPACITY_PRICE_[EUR/MW],1,1,2.4,0.007074068467000357,0.08410748163510995,0.039861365703843576,1,2.19410748163511
2024-10-28 20:00:00,1.66,2.0807724413933983,"(1, 0, 0)",-204.57765489229251,FCR_GERMANY_SETTLEMENTCAPACITY_PRICE_[EUR/MW],1,1,1.99,0.1770494474361609,0.4207724413933984,0.25347737433337253,0,0.0
2024-10-29 20:00:00,1.38,1.5792173006805543,"(1, 0, 2)",-206.0134653140478,FCR_GERMANY_SETTLEMENTCAPACITY_PRICE_[EUR/MW],1,1,1.8,0.039687532890446436,0.19921730068055443,0.144360362811996,1,1.5792173006805543
2024-10-30 20:00:00,1.24,1.3313715269570952,"(1, 0, 1)",-209.10596302907464,FCR_GERMANY_SETTLEMENTCAPACITY_PRICE_[EUR/MW],1,1,1.48,0.008348755938471168,0.09137152695709516,0.07368671528797997,1,1.3313715269570952
2024-10-31 20:00:00,1.66,1.2163373449638153,"(1, 0, 1)",-212.2354941133762,FCR_GERMANY_SETTLEMENTCAPACITY_PRICE_[EUR/MW],1,1,3.25,0.19683655147375656,0.4436626550361846,0.2672666596603522,1,1.2163373449638153
2024-11-01 20:00:00,2.12,1.7192331925319453,"(1, 0, 1)",-207.32390605552465,FCR_GERMANY_SETTLEMENTCAPACITY_PRICE_[EUR/MW],1,1,3.0,0.16061403396813692,0.4007668074680548,0.18904094691889378,1,1.7192331925319453
2024-11-02 20:00:00,1.8,2.161944964724096,"(1, 0, 1)",-206.31618993744223,FCR_GERMANY_SETTLEMENTCAPACITY_PRICE_[EUR/MW],1,1,2.14,0.13100415748912692,0.36194496472409576,0.20108053595783099,0,0.0
2024-11-03 20:00:00,1.58,1.7026167676429462,"(1, 0, 1)",-204.65181587359731,FCR_GERMANY_SETTLEMENTCAPACITY_PRICE_[EUR/MW],1,1,1.72,0.015034871707204248,0.12261676764294616,0.07760554914110517,1,1.7026167676429462
2024-11-04 20:00:00,1.24,1.5412056958802345,"(1, 0, 1)",-204.53043450848344,FCR_GERMANY_SETTLEMENTCAPACITY_PRICE_[EUR/MW],1,1,1.41,0.09072487123069631,0.3012056958802345,0.24290781925825364,0,0.0
2024-11-05 20:00:00,1.04,1.1800201171644642,"(1, 0, 1)",-202.01193308781723,FCR_GERMANY_SETTLEMENTCAPACITY_PRICE_[EUR/MW],1,1,1.18,0.019605633210750272,0.14002011716446416,0.134634728042754,0,0.0
2024-11-06 20:00:00,0.88,1.0259917954257165,"(1, 0, 1)",-201.5386763206768,FCR_GERMANY_SETTLEMENTCAPACITY_PRICE_[EUR/MW],1,1,1.06,0.021313604331624256,0.1459917954257165,0.16589976752922328,1,1.0259917954257165
2024-11-07 20:00:00,0.78,0.8579330387214974,"(1, 0, 1)",-200.40971990901284,FCR_GERMANY_SETTLEMENTCAPACITY_PRICE_[EUR/MW],1,1,0.95,0.0060735585243664085,0.07793303872149737,0.09991415220704791,1,0.8579330387214974
2024-11-08 20:00:00,0.83,0.7745448907262408,"(1, 0, 1)",-199.92733325445064,FCR_GERMANY_SETTLEMENTCAPACITY_PRICE_[EUR/MW],1,1,1.65,0.003075269144564572,0.055455109273759184,0.06681338466717975,1,0.7745448907262408
2024-11-09 20:00:00,0.86,0.8412233038504683,"(1, 0, 1)",-199.6728638046999,FCR_GERMANY_SETTLEMENTCAPACITY_PRICE_[EUR/MW],1,1,1.18,0.00035256431829183867,0.018776696149531702,0.02183336761573454,1,0.8412233038504683
2024-11-10 20:00:00,0.74,0.8680879944992537,"(1, 0, 1)",-199.6947383885734,FCR_GERMANY_SETTLEMENTCAPACITY_PRICE_[EUR/MW],1,1,0.86,0.01640653433484084,0.12808799449925368,0.17309188445845092,0,0.0
2024-11-11 20:00:00,0.84,0.7327925086224493,"(1, 0, 1)",-199.83357221113252,FCR_GERMANY_SETTLEMENTCAPACITY_PRICE_[EUR/MW],1,1,2.25,0.011493446207467608,0.1072074913775507,0.1276279659256556,1,0.7327925086224493
2024-11-12 20:00:00,0.9,0.862352988895395,"(1, 0, 1)",-198.86514419404864,FCR_GERMANY_SETTLEMENTCAPACITY_PRICE_[EUR/MW],1,1,1.8,0.0014172974451102521,0.037647011104605,0.04183001233845,1,0.862352988895395
2024-11-13 20:00:00,1.23,0.9122461480404164,"(1, 0, 1)",-198.8047753660807,FCR_GERMANY_SETTLEMENTCAPACITY_PRICE_[EUR/MW],1,1,2.11,0.10096751043515298,0.3177538519595836,0.25833646500779156,1,0.9122461480404164
2024-11-14 20:00:00,1.19,1.2884151785571416,"(1, 0, 1)",-194.2018367759066,FCR_GERMANY_SETTLEMENTCAPACITY_PRICE_[EUR/MW],1,1,1.58,0.009685547370434075,0.09841517855714166,0.08270183072028711,1,1.2884151785571416
2024-11-15 20:00:00,1.13,1.1656745504633657,"(1, 0, 1)",-193.9181999470344,FCR_GERMANY_SETTLEMENTCAPACITY_PRICE_[EUR/MW],1,1,1.5,0.0012726735507632304,0.03567455046336576,0.03157039864014669,1,1.1656745504633657
2024-11-16 20:00:00,1.77,1.1178294967172664,"(1, 0, 1)",-194.36083164204464,FCR_GERMANY_SETTLEMENTCAPACITY_PRICE_[EUR/MW],1,1,3.58,0.4253263653520541,0.6521705032827336,0.36845791145917156,1,1.1178294967172664
2024-11-17 20:00:00,3.37,1.9141744511444256,"(1, 0, 1)",-183.7448039599662,FCR_GERMANY_SETTLEMENTCAPACITY_PRICE_[EUR/MW],1,1,5.75,2.119428028700635,1.4558255488555745,0.4319957118265799,1,1.9141744511444256
2024-11-18 20:00:00,2.02,3.7249343728342295,"(1, 0, 1)",-169.7682220034043,FCR_GERMANY_SETTLEMENTCAPACITY_PRICE_[EUR/MW],1,1,2.8,2.9068012156716474,1.7049343728342294,0.844026917244668,0,0.0
2024-11-19 20:00:00,2.07,1.7606722691751755,"(1, 0, 1)",-154.66730277981384,FCR_GERMANY_SETTLEMENTCAPACITY_PRICE_[EUR/MW],1,1,2.93,0.09568364505723498,0.30932773082482434,0.14943368638880405,1,1.7606722691751755
2024-11-20 20:00:00,1.81,2.0568537933108346,"(1, 0, 1)",-153.767727110469,FCR_GERMANY_SETTLEMENTCAPACITY_PRICE_[EUR/MW],1,1,2.43,0.06093679527194824,0.24685379331083457,0.13638331122145556,1,2.0568537933108346
2024-11-21 20:00:00,1.61,1.7627318755287429,"(1, 0, 0)",-153.24234766577325,FCR_GERMANY_SETTLEMENTCAPACITY_PRICE_[EUR/MW],1,1,2.0,0.02332702580252738,0.1527318755287428,0.09486451896195204,1,1.7627318755287429
2024-11-22 20:00:00,1.69,1.5616725326781462,"(1, 0, 1)",-152.93810510162706,FCR_GERMANY_SETTLEMENTCAPACITY_PRICE_[EUR/MW],1,1,2.96,0.01646793886924144,0.12832746732185374,0.07593341261648151,1,1.5616725326781462
2024-11-23 20:00:00,3.7,1.7042627152675591,"(1, 0, 1)",-152.90013373541908,FCR_GERMANY_SETTLEMENTCAPACITY_PRICE_[EUR/MW],1,1,9.0,3.9829673096712166,1.995737284732441,0.5393884553330921,1,1.7042627152675591
2024-11-24 20:00:00,9.72,4.037742579080987,"(1, 0, 1)",-130.00622692282684,FCR_GERMANY_SETTLEMENTCAPACITY_PRICE_[EUR/MW],1,1,18.84,32.2880493975892,5.682257420919013,0.5845943848682112,1,4.037742579080987
2024-11-25 20:00:00,6.7,4.713164763983908,"(1, 0, 1)",-125.8568527555957,FCR_GERMANY_SETTLEMENTCAPACITY_PRICE_[EUR/MW],1,1,8.5,3.9475142550751205,1.9868352360160921,0.2965425725397152,1,4.713164763983908
2024-11-26 20:00:00,3.38,4.300279797239819,"(1, 0, 1)",-124.02614558337382,FCR_GERMANY_SETTLEMENTCAPACITY_PRICE_[EUR/MW],1,1,4.7,0.8469149052077621,0.9202797972398189,0.2722721293608932,1,4.300279797239819
2024-11-27 20:00:00,5.06,3.128009882765548,"(1, 0, 1)",-122.20553410600792,FCR_GERMANY_SETTLEMENTCAPACITY_PRICE_[EUR/MW],1,1,15.0,3.7325858130915908,1.9319901172344518,0.38181622870246085,1,3.128009882765548
2024-11-28 20:00:00,3.99,5.085611834793431,"(1, 0, 1)",-106.17770922143784,FCR_GERMANY_SETTLEMENTCAPACITY_PRICE_[EUR/MW],1,1,5.38,1.2003652925394277,1.0956118347934307,0.2745894322790553,1,5.085611834793431
2024-11-29 20:00:00,3.02,3.848780793604132,"(1, 0, 0)",-104.50949120320398,FCR_GERMANY_SETTLEMENTCAPACITY_PRICE_[EUR/MW],1,1,3.5,0.6868776038470945,0.8287807936041318,0.274430726358984,0,0.0
2024-11-30 20:00:00,2.78,2.7938535336720163,"(1, 0, 1)",-103.56163188026017,FCR_GERMANY_SETTLEMENTCAPACITY_PRICE_[EUR/MW],1,1,3.15,0.00019192039520169417,0.013853533672016471,0.004983285493531105,1,2.7938535336720163
2024-12-01 20:00:00,2.86,2.760754112107614,"(2, 0, 2)",-103.32639692017754,FCR_GERMANY_SETTLEMENTCAPACITY_PRICE_[EUR/MW],1,1,3.49,0.009849746263548067,0.09924588789238609,0.0347013594029322,1,2.760754112107614
2024-12-02 20:00:00,2.23,2.7281144458899838,"(1, 0, 2)",-122.54729539000532,FCR_GERMANY_SETTLEMENTCAPACITY_PRICE_[EUR/MW],1,1,2.64,0.24811800120428557,0.49811444588998377,0.22336970667712278,0,0.0
2024-12-03 20:00:00,2.03,2.037022322508108,"(1, 0, 1)",-123.29792757831969,FCR_GERMANY_SETTLEMENTCAPACITY_PRICE_[EUR/MW],1,1,4.07,4.931301340788448e-05,0.007022322508108303,0.003459272171481923,1,2.037022322508108
2024-12-04 20:00:00,1.69,2.00758387470574,"(1, 0, 0)",-124.94024041195212,FCR_GERMANY_SETTLEMENTCAPACITY_PRICE_[EUR/MW],1,1,2.17,0.10085951747311131,0.31758387470574023,0.1879194524886037,1,2.00758387470574
2024-12-05 20:00:00,3.71,1.7111597911868723,"(1, 0, 0)",-133.0417253758318,FCR_GERMANY_SETTLEMENTCAPACITY_PRICE_[EUR/MW],1,1,6.72,3.9953621803681076,1.9988402088131276,0.5387709457717326,1,1.7111597911868723
2024-12-06 20:00:00,2.95,3.5012700619351307,"(1, 0, 0)",-114.45308805716428,FCR_GERMANY_SETTLEMENTCAPACITY_PRICE_[EUR/MW],1,1,3.59,0.30389868118596264,0.5512700619351305,0.18687120743563745,1,3.5012700619351307
2024-12-07 20:00:00,3.02,2.7927954755207467,"(1, 0, 0)",-116.14382197769356,FCR_GERMANY_SETTLEMENTCAPACITY_PRICE_[EUR/MW],1,1,3.99,0.05162189594384362,0.22720452447925332,0.07523328625140839,1,2.7927954755207467
2024-12-08 20:00:00,2.9,2.900053232081151,"(1, 0, 0)",-128.1241117511589,FCR_GERMANY_SETTLEMENTCAPACITY_PRICE_[EUR/MW],1,1,3.56,2.8336544636713866e-09,5.32320811510445e-05,1.835589005208431e-05,1,2.900053232081151
2024-12-09 20:00:00,2.64,2.838587127005625,"(1, 0, 0)",-128.47437244954992,FCR_GERMANY_SETTLEMENTCAPACITY_PRICE_[EUR/MW],1,1,3.42,0.039436847012348224,0.19858712700562497,0.07522239659303975,1,2.838587127005625
2024-12-10 20:00:00,2.16,2.4745570502814997,"(1, 0, 0)",-128.8219133073641,FCR_GERMANY_SETTLEMENTCAPACITY_PRICE_[EUR/MW],1,1,2.71,0.09894613788179787,0.3145570502814996,0.14562826401921278,1,2.4745570502814997
2024-12-11 20:00:00,1.83,2.1632280709308715,"(1, 0, 0)",-128.26477894003958,FCR_GERMANY_SETTLEMENTCAPACITY_PRICE_[EUR/MW],1,1,4.9,0.11104094725630992,0.3332280709308715,0.18209184203872758,1,2.1632280709308715
2024-12-12 20:00:00,2.16,1.8491836678992,"(1, 0, 0)",-127.4361506755256,FCR_GERMANY_SETTLEMENTCAPACITY_PRICE_[EUR/MW],1,1,3.8,0.09660679230059491,0.3108163321008002,0.14389645004666674,1,1.8491836678992
2024-12-13 20:00:00,2.38,2.0711404536513687,"(1, 0, 0)",-126.5939747054469,FCR_GERMANY_SETTLEMENTCAPACITY_PRICE_[EUR/MW],1,1,3.23,0.09539421937068228,0.3088595463486312,0.12977291863387866,1,2.0711404536513687
2024-12-14 20:00:00,3.58,2.249712143950311,"(1, 0, 0)",-125.91925942956908,FCR_GERMANY_SETTLEMENTCAPACITY_PRICE_[EUR/MW],1,1,6.78,1.7696657799532785,1.3302878560496891,0.37158878660605843,1,2.249712143950311
2024-12-15 20:00:00,8.92,3.5298167782133456,"(1, 0, 0)",-118.75471743185427,FCR_GERMANY_SETTLEMENTCAPACITY_PRICE_[EUR/MW],1,1,15.68,29.05407516443036,5.390183221786654,0.6042806302451407,1,3.5298167782133456
2024-12-16 20:00:00,7.0,4.327250147953961,"(1, 0, 0)",-104.8437944171136,FCR_GERMANY_SETTLEMENTCAPACITY_PRICE_[EUR/MW],1,1,9.15,7.1435917716121216,2.6727498520460387,0.38182140743514836,1,4.327250147953961
2024-12-17 20:00:00,4.59,4.495871803654111,"(1, 0, 0)",-101.11920324454454,FCR_GERMANY_SETTLEMENTCAPACITY_PRICE_[EUR/MW],1,1,6.36,0.008860117347330124,0.09412819634588843,0.02050723231936567,1,4.495871803654111
2024-12-18 20:00:00,7.05,4.573245602861211,"(1, 0, 0)",-101.65552223681652,FCR_GERMANY_SETTLEMENTCAPACITY_PRICE_[EUR/MW],1,1,10.76,6.134312343746327,2.476754397138789,0.3513126804452183,1,4.573245602861211
2024-12-19 20:00:00,6.87,4.882589985982708,"(1, 0, 0)",-92.56345521769116,FCR_GERMANY_SETTLEMENTCAPACITY_PRICE_[EUR/MW],1,1,8.73,3.9497985638162123,1.987410014017292,0.28928821164734964,1,4.882589985982708
2024-12-20 20:00:00,6.48,5.185950047283942,"(1, 0, 0)",-86.91330165875964,FCR_GERMANY_SETTLEMENTCAPACITY_PRICE_[EUR/MW],1,1,6.9,1.6745652801244326,1.2940499527160583,0.19969906677716948,1,5.185950047283942
2024-12-21 20:00:00,9.55,5.244020908174161,"(1, 0, 0)",-76.20918953400908,FCR_GERMANY_SETTLEMENTCAPACITY_PRICE_[EUR/MW],1,1,11.86,18.541455939241285,4.30597909182584,0.45088786301841255,1,5.244020908174161
2024-12-22 20:00:00,7.82,6.441455249592414,"(1, 0, 0)",-58.64132753158084,FCR_GERMANY_SETTLEMENTCAPACITY_PRICE_[EUR/MW],1,1,9.31,1.900385628876315,1.3785447504075865,0.17628449493703152,1,6.441455249592414
2024-12-23 20:00:00,5.59,5.850776558672536,"(1, 0, 0)",-56.57821553148474,FCR_GERMANY_SETTLEMENTCAPACITY_PRICE_[EUR/MW],1,1,6.6,0.0680044135530909,0.2607765586725366,0.046650547168611195,1,5.850776558672536
2024-12-24 20:00:00,4.22,5.431640377521744,"(1, 0, 0)",-56.66255836344175,FCR_GERMANY_SETTLEMENTCAPACITY_PRICE_[EUR/MW],1,1,4.66,1.4680724044410358,1.2116403775217446,0.28711857287245135,0,0.0
2024-12-25 20:00:00,3.27,3.951672148551314,"(1, 0, 0)",-55.20983132367614,FCR_GERMANY_SETTLEMENTCAPACITY_PRICE_[EUR/MW],1,1,3.67,0.46467691811056494,0.6816721485513142,0.20846243074963736,0,0.0
2024-12-26 20:00:00,2.59,3.112419734630692,"(1, 0, 0)",-54.45943409921051,FCR_GERMANY_SETTLEMENTCAPACITY_PRICE_[EUR/MW],1,1,2.83,0.27292237913160267,0.522419734630692,0.20170646124737146,0,0.0
2024-12-27 20:00:00,1.96,2.499683740099532,"(1, 0, 0)",-53.674833580000325,FCR_GERMANY_SETTLEMENTCAPACITY_PRICE_[EUR/MW],1,1,2.37,0.2912585393278192,0.539683740099532,0.27534884698955714,0,0.0
2024-12-28 20:00:00,1.73,1.880750445307316,"(1, 0, 0)",-52.3547404779885,FCR_GERMANY_SETTLEMENTCAPACITY_PRICE_[EUR/MW],1,1,1.93,0.022725696760354096,0.15075044530731607,0.0871389857267723,1,1.880750445307316
2024-12-29 20:00:00,1.82,1.7450491669638586,"(1, 0, 0)",-52.530457524633,FCR_GERMANY_SETTLEMENTCAPACITY_PRICE_[EUR/MW],1,1,2.56,0.005617627372811556,0.07495083303614147,0.041181776393484325,1,1.7450491669638586
2024-12-30 20:00:00,2.04,1.7766122642342417,"(1, 0, 0)",-52.61246100409216,FCR_GERMANY_SETTLEMENTCAPACITY_PRICE_[EUR/MW],1,1,2.35,0.06937309935181295,0.26338773576575836,0.1291116351792933,1,1.7766122642342417
2024-12-31 20:00:00,5.54,2.473569519996248,"(1, 0, 0)",-53.51084731180205,FCR_GERMANY_SETTLEMENTCAPACITY_PRICE_[EUR/MW],1,1,14.35,9.40299588869604,3.066430480003752,0.553507306859883,1,2.473569519996248
2025-01-01 20:00:00,9.34,3.9457005775420506,"(1, 0, 0)",-40.36101104291333,FCR_GERMANY_SETTLEMENTCAPACITY_PRICE_[EUR/MW],1,1,13.4,29.09846625913017,5.39429942245795,0.5775481180361831,1,3.9457005775420506
2025-01-02 20:00:00,4.68,6.507854303049073,"(1, 0, 1)",-33.03123201773836,FCR_GERMANY_SETTLEMENTCAPACITY_PRICE_[EUR/MW],1,1,6.59,3.3410513531750134,1.8278543030490733,0.39056715877116954,1,6.507854303049073
2025-01-03 20:00:00,3.52,4.148670201613523,"(1, 0, 1)",-31.045029295734267,FCR_GERMANY_SETTLEMENTCAPACITY_PRICE_[EUR/MW],1,1,4.17,0.395226222396788,0.6286702016135233,0.17859948909475093,1,4.148670201613523
2025-01-04 20:00:00,2.8,3.324251299634192,"(1, 0, 2)",-35.88546977994466,FCR_GERMANY_SETTLEMENTCAPACITY_PRICE_[EUR/MW],1,1,3.15,0.27483942516813953,0.5242512996341921,0.1872326070122115,0,0.0
2025-01-05 20:00:00,4.84,2.696731360240753,"(1, 0, 1)",-36.64374236238247,FCR_GERMANY_SETTLEMENTCAPACITY_PRICE_[EUR/MW],1,1,7.81,4.593600462175452,2.143268639759247,0.4428240991238113,1,2.696731360240753
2025-01-06 20:00:00,5.59,5.391486855322918,"(1, 0, 2)",-30.214684249295097,FCR_GERMANY_SETTLEMENTCAPACITY_PRICE_[EUR/MW],1,1,7.45,0.0394074686095841,0.19851314467708203,0.03551219046101647,1,5.391486855322918
2025-01-07 20:00:00,4.68,5.223627361957091,"(2, 0, 2)",-30.756448728057077,FCR_GERMANY_SETTLEMENTCAPACITY_PRICE_[EUR/MW],1,1,6.18,0.2955307086684268,0.5436273619570917,0.1161596927258743,1,5.223627361957091
2025-01-08 20:00:00,3.52,4.337610541814814,"(1, 0, 1)",-30.674493291747567,FCR_GERMANY_SETTLEMENTCAPACITY_PRICE_[EUR/MW],1,1,3.81,0.6684869980867139,0.8176105418148141,0.23227572210648126,0,0.0
2025-01-09 20:00:00,2.78,3.1530075297845284,"(1, 0, 1)",-29.840391548246487,FCR_GERMANY_SETTLEMENTCAPACITY_PRICE_[EUR/MW],1,1,3.47,0.13913461727595597,0.37300752978452856,0.13417537042608943,1,3.1530075297845284
2025-01-10 20:00:00,2.43,2.5407737214731667,"(1, 0, 1)",-29.58941217747944,FCR_GERMANY_SETTLEMENTCAPACITY_PRICE_[EUR/MW],1,1,2.84,0.012270817369014681,0.11077372147316655,0.0455858936103566,1,2.5407737214731667
2025-01-11 20:00:00,2.18,2.2197635328885768,"(1, 0, 1)",-29.66957136421321,FCR_GERMANY_SETTLEMENTCAPACITY_PRICE_[EUR/MW],1,1,2.92,0.0015811385477809122,0.03976353288857659,0.01824015270118192,1,2.2197635328885768
2025-01-12 20:00:00,1.89,2.1123481023011648,"(1, 0, 1)",-29.98018010593067,FCR_GERMANY_SETTLEMENTCAPACITY_PRICE_[EUR/MW],1,1,2.4,0.04943867859692928,0.22234810230116486,0.11764449857204491,1,2.1123481023011648
2025-01-13 20:00:00,1.78,1.8153611184614384,"(1, 0, 1)",-29.84232282497693,FCR_GERMANY_SETTLEMENTCAPACITY_PRICE_[EUR/MW],1,1,2.21,0.0012504086988438805,0.03536111846143841,0.019865796888448545,1,1.8153611184614384
2025-01-14 20:00:00,1.74,1.70621251417396,"(1, 0, 1)",-30.219356710839385,FCR_GERMANY_SETTLEMENTCAPACITY_PRICE_[EUR/MW],1,1,1.97,0.001141594198444859,0.033787485826040076,0.019418095302321883,1,1.70621251417396
2025-01-15 20:00:00,1.41,1.7530042608342378,"(1, 0, 1)",-30.65502844650193,FCR_GERMANY_SETTLEMENTCAPACITY_PRICE_[EUR/MW],1,1,1.82,0.11765192295044187,0.34300426083423785,0.24326543321577154,1,1.7530042608342378
2025-01-16 20:00:00,1.47,1.2988057072821215,"(1, 0, 1)",-29.82977069736271,FCR_GERMANY_SETTLEMENTCAPACITY_PRICE_[EUR/MW],1,1,2.5,0.02930748585917465,0.17119429271787845,0.11645870252916901,1,1.2988057072821215
2025-01-17 20:00:00,1.43,1.4659545982689317,"(1, 0, 1)",-29.844139734790154,FCR_GERMANY_SETTLEMENTCAPACITY_PRICE_[EUR/MW],1,1,1.64,0.0012927331366802714,0.03595459826893177,0.0251430757125397,1,1.4659545982689317
2025-01-18 20:00:00,1.3,1.4125281065895627,"(1, 0, 1)",-30.499786487553607,FCR_GERMANY_SETTLEMENTCAPACITY_PRICE_[EUR/MW],1,1,1.65,0.012662574772631982,0.1125281065895627,0.0865600819919713,1,1.4125281065895627
2025-01-19 20:00:00,1.24,1.2477728654516085,"(1, 0, 1)",-30.809172689971145,FCR_GERMANY_SETTLEMENTCAPACITY_PRICE_[EUR/MW],1,1,1.37,6.041743732880886e-05,0.0077728654516084905,0.006268439880329428,1,1.2477728654516085
2025-01-20 20:00:00,1.06,1.2369386672223337,"(1, 0, 1)",-30.80838808649743,FCR_GERMANY_SETTLEMENTCAPACITY_PRICE_[EUR/MW],1,1,1.26,0.03130729195841573,0.17693866722233365,0.1669232709644657,1,1.2369386672223337
2025-01-21 20:00:00,1.05,1.1032519274970445,"(1, 0, 1)",-30.46341908960534,FCR_GERMANY_SETTLEMENTCAPACITY_PRICE_[EUR/MW],1,1,1.5,0.0028357677821504775,0.05325192749704444,0.050716121425756606,1,1.1032519274970445
2025-01-22 20:00:00,1.14,1.026057264727651,"(1, 0, 1)",-30.412222714841636,FCR_GERMANY_SETTLEMENTCAPACITY_PRICE_[EUR/MW],1,1,1.42,0.012982946921344603,0.113942735272349,0.09994976778276228,1,1.026057264727651
2025-01-23 20:00:00,2.21,1.1717306548874389,"(1, 0, 1)",-30.77933510859024,FCR_GERMANY_SETTLEMENTCAPACITY_PRICE_[EUR/MW],1,1,4.0,1.0780032330004665,1.038269345112561,0.4698051335350955,1,1.1717306548874389
2025-01-24 20:00:00,3.52,2.419150747223281,"(1, 0, 1)",-22.6773227928378,FCR_GERMANY_SETTLEMENTCAPACITY_PRICE_[EUR/MW],1,1,8.66,1.2118690773390604,1.1008492527767189,0.31274126499338606,1,2.419150747223281
2025-01-25 20:00:00,3.03,3.459573368189893,"(1, 0, 1)",-20.27695556712284,FCR_GERMANY_SETTLEMENTCAPACITY_PRICE_[EUR/MW],1,1,3.5,0.18453327865800956,0.4295733681898932,0.14177338884154891,1,3.459573368189893
2025-01-26 20:00:00,4.58,2.843256310325836,"(1, 0, 1)",-20.732222496424367,FCR_GERMANY_SETTLEMENTCAPACITY_PRICE_[EUR/MW],1,1,8.18,3.0162786436230293,1.7367436896741641,0.3792016789681581,1,2.843256310325836
2025-01-27 20:00:00,4.69,4.865074970197168,"(1, 0, 1)",-16.349295221086354,FCR_GERMANY_SETTLEMENTCAPACITY_PRICE_[EUR/MW],1,1,6.81,0.03065124518953907,0.17507497019716745,0.037329417952487724,1,4.865074970197168
2025-01-28 20:00:00,3.83,4.350696887544196,"(1, 0, 1)",-16.362530211846362,FCR_GERMANY_SETTLEMENTCAPACITY_PRICE_[EUR/MW],1,1,4.73,0.2711252486982126,0.5206968875441955,0.13595218995931999,1,4.350696887544196
2025-01-29 20:00:00,3.13,3.4942186901500776,"(1, 0, 1)",-16.16755799059339,FCR_GERMANY_SETTLEMENTCAPACITY_PRICE_[EUR/MW],1,1,3.6,0.13265525425463828,0.3642186901500777,0.11636379876999288,1,3.4942186901500776
2025-01-30 20:00:00,2.45,2.821245531095584,"(1, 0, 1)",-15.981933608488031,FCR_GERMANY_SETTLEMENTCAPACITY_PRICE_[EUR/MW],1,1,2.9,0.13782324435844223,0.371245531095584,0.15152878820227916,1,2.821245531095584
2025-01-31 20:00:00,2.0,2.213837509981824,"(1, 0, 1)",-15.641470707218096,FCR_GERMANY_SETTLEMENTCAPACITY_PRICE_[EUR/MW],1,1,2.17,0.04572648067522675,0.21383750998182416,0.10691875499091208,0,0.0
2025-02-01 20:00:00,1.73,1.8767326149162389,"(1, 0, 1)",-16.236481738688052,FCR_GERMANY_SETTLEMENTCAPACITY_PRICE_[EUR/MW],1,1,1.99,0.021530460280157256,0.1467326149162389,0.08481654041401093,1,1.8767326149162389
2025-02-02 20:00:00,1.6,1.6479592963996337,"(1, 0, 1)",-16.140665539190774,FCR_GERMANY_SETTLEMENTCAPACITY_PRICE_[EUR/MW],1,1,1.76,0.002300094111147907,0.04795929639963359,0.029974560249770993,1,1.6479592963996337
2025-02-03 20:00:00,1.38,1.6134973994704571,"(1, 0, 1)",-17.101246511556774,FCR_GERMANY_SETTLEMENTCAPACITY_PRICE_[EUR/MW],1,1,1.54,0.054521035559466274,0.23349739947045722,0.169201014109027,0,0.0
2025-02-04 20:00:00,1.25,1.336108469543186,"(1, 0, 1)",-17.46697711072644,FCR_GERMANY_SETTLEMENTCAPACITY_PRICE_[EUR/MW],1,1,1.44,0.007414668527069785,0.08610846954318596,0.06888677563454877,1,1.336108469543186
2025-02-05 20:00:00,1.1,1.218689932705191,"(1, 0, 1)",-17.388398472535904,FCR_GERMANY_SETTLEMENTCAPACITY_PRICE_[EUR/MW],1,1,1.24,0.014087300125562745,0.1186899327051909,0.10789993882290082,1,1.218689932705191
2025-02-06 20:00:00,0.99,1.058544360684717,"(1, 0, 1)",-17.200196885213895,FCR_GERMANY_SETTLEMENTCAPACITY_PRICE_[EUR/MW],1,1,1.14,0.0046983293816765664,0.06854436068471692,0.06923672796436052,1,1.058544360684717
2025-02-07 20:00:00,1.1,0.9679977584251728,"(1, 0, 1)",-17.38798296380002,FCR_GERMANY_SETTLEMENTCAPACITY_PRICE_[EUR/MW],1,1,1.4,0.01742459178077907,0.13200224157482732,0.12000203779529756,1,0.9679977584251728
2025-02-08 20:00:00,0.92,1.1096408330328509,"(1, 0, 1)",-17.301427834698632,FCR_GERMANY_SETTLEMENTCAPACITY_PRICE_[EUR/MW],1,1,1.12,0.03596364555339361,0.18964083303285084,0.20613134025309873,1,1.1096408330328509
2025-02-09 20:00:00,0.85,0.8866484323080044,"(1, 0, 1)",-16.64301509212043,FCR_GERMANY_SETTLEMENTCAPACITY_PRICE_[EUR/MW],1,1,0.99,0.0013431075906343813,0.03664843230800441,0.04311580271529931,1,0.8866484323080044
2025-02-10 20:00:00,1.06,0.8547745463184114,"(1, 0, 1)",-16.626327337893507,FCR_GERMANY_SETTLEMENTCAPACITY_PRICE_[EUR/MW],1,1,5.14,0.042117486838813875,0.20522545368158862,0.19360891856753643,1,0.8547745463184114
2025-02-11 20:00:00,1.45,1.115448310215064,"(1, 0, 1)",-16.046066325863595,FCR_GERMANY_SETTLEMENTCAPACITY_PRICE_[EUR/MW],1,1,2.17,0.11192483313795597,0.3345516897849359,0.23072530329995578,1,1.115448310215064
2025-02-12 20:00:00,1.35,1.5150763517798478,"(1, 0, 1)",-15.025146468560871,FCR_GERMANY_SETTLEMENTCAPACITY_PRICE_[EUR/MW],1,1,1.55,0.027250201916944026,0.1650763517798477,0.12227877909618347,1,1.5150763517798478
2025-02-13 20:00:00,1.13,1.3490797461576245,"(1, 0, 1)",-14.771347868657635,FCR_GERMANY_SETTLEMENTCAPACITY_PRICE_[EUR/MW],1,1,1.29,0.04799593517648923,0.2190797461576246,0.19387588155542002,0,0.0
2025-02-14 20:00:00,0.95,1.1134790273932242,"(1, 0, 1)",-14.198002308409702,FCR_GERMANY_SETTLEMENTCAPACITY_PRICE_[EUR/MW],1,1,1.05,0.026725392397434575,0.16347902739322429,0.1720831867297098,0,0.0
2025-02-15 20:00:00,0.91,0.9169988578017344,"(1, 0, 1)",-14.58978895695801,FCR_GERMANY_SETTLEMENTCAPACITY_PRICE_[EUR/MW],1,1,1.0,4.898401052889806e-05,0.0069988578017343706,0.0076910525293784286,1,0.9169988578017344
2025-02-16 20:00:00,0.86,0.8805548874967444,"(1, 0, 1)",-14.757954702325538,FCR_GERMANY_SETTLEMENTCAPACITY_PRICE_[EUR/MW],1,1,0.95,0.0004225034000038188,0.02055488749674439,0.023901031972958592,1,0.8805548874967444
2025-02-17 20:00:00,0.78,0.8892563658188196,"(1, 0, 1)",-15.321363307691907,FCR_GERMANY_SETTLEMENTCAPACITY_PRICE_[EUR/MW],1,1,0.92,0.01193695347193573,0.10925636581881959,0.14007226387028152,1,0.8892563658188196
2025-02-18 20:00:00,0.76,0.7746683031252596,"(1, 0, 1)",-16.66869737266085,FCR_GERMANY_SETTLEMENTCAPACITY_PRICE_[EUR/MW],1,1,0.9,0.0002151591165744998,0.014668303125259574,0.019300398849025756,1,0.7746683031252596
2025-02-19 20:00:00,0.76,0.7649656493231483,"(1, 0, 1)",-16.687360873089283,FCR_GERMANY_SETTLEMENTCAPACITY_PRICE_[EUR/MW],1,1,0.95,2.465767320048264e-05,0.004965649323148247,0.006533749109405588,1,0.7649656493231483
2025-02-20 20:00:00,0.89,0.7776264952165168,"(1, 0, 1)",-17.259216505609874,FCR_GERMANY_SETTLEMENTCAPACITY_PRICE_[EUR/MW],1,1,2.0,0.012627804577323517,0.11237350478348318,0.126262364925262,1,0.7776264952165168
2025-02-21 20:00:00,1.94,0.910276543253657,"(1, 0, 1)",-18.5343799124875,FCR_GERMANY_SETTLEMENTCAPACITY_PRICE_[EUR/MW],1,1,3.99,1.0603303973736375,1.029723456746343,0.530785286982651,1,0.910276543253657
2025-02-22 20:00:00,1.77,2.2805044633289944,"(1, 0, 1)",-7.594829871215989,FCR_GERMANY_SETTLEMENTCAPACITY_PRICE_[EUR/MW],1,1,2.69,0.26061480707882456,0.5105044633289944,0.28842060075084425,1,2.2805044633289944
2025-02-23 20:00:00,1.77,1.6212953890697257,"(1, 0, 1)",-7.068701848239506,FCR_GERMANY_SETTLEMENTCAPACITY_PRICE_[EUR/MW],1,1,2.16,0.02211306131192426,0.14870461093027432,0.08401390448038097,1,1.6212953890697257
2025-02-24 20:00:00,1.48,1.7904560886129937,"(1, 0, 1)",-6.962169904907192,FCR_GERMANY_SETTLEMENTCAPACITY_PRICE_[EUR/MW],1,1,1.83,0.09638298295687898,0.3104560886129937,0.20976762744121194,1,1.7904560886129937
2025-02-25 20:00:00,1.15,1.33822552501823,"(1, 0, 1)",-6.966421923364248,FCR_GERMANY_SETTLEMENTCAPACITY_PRICE_[EUR/MW],1,1,1.44,0.03542884826838836,0.1882255250182301,0.16367436958106965,1,1.33822552501823
2025-02-26 20:00:00,1.02,1.2312708737118,"(1, 0, 1)",-6.554334449584422,FCR_GERMANY_SETTLEMENTCAPACITY_PRICE_[EUR/MW],1,1,1.19,0.044635382078947385,0.2112708737118001,0.2071283075605883,0,0.0
2025-02-27 20:00:00,0.89,0.9754450127061944,"(1, 0, 1)",-6.065512286677063,FCR_GERMANY_SETTLEMENTCAPACITY_PRICE_[EUR/MW],1,1,1.0,0.007300850196361727,0.08544501270619442,0.09600563225415104,1,0.9754450127061944
2025-02-28 20:00:00,0.76,0.8142382304414821,"(1, 0, 1)",-7.795740448361785,FCR_GERMANY_SETTLEMENTCAPACITY_PRICE_[EUR/MW],1,1,0.87,0.0029417856414233187,0.05423823044148213,0.07136609268616069,1,0.8142382304414821
