DATE,ACTUAL_VALUE,D+1,ORDER,MARGINAL_PRICE,RMSE,MAPE,MAE,ACCEPTANCE,REVENUE
2023-12-01 20:00:00,12.05,8.50377672448712,"(4, 0, 0)",17.73,12.575699519789309,0.29429238800936774,3.5462232755128813,1,8.50377672448712
2023-12-02 20:00:00,10.74,9.02286345010331,"(4, 0, 0)",12.0,2.9485579309911074,0.15988236032557634,1.71713654989669,1,9.02286345010331
2023-12-03 20:00:00,9.42,7.87501124560178,"(4, 0, 0)",10.26,2.3869902512169645,0.16401154505288965,1.5449887543982204,1,7.87501124560178
2023-12-04 20:00:00,9.47,7.80151229847413,"(4, 0, 0)",10.87,2.783851210143084,0.1761866633079061,1.668487701525871,1,7.80151229847413
2023-12-05 20:00:00,9.21,8.07462169007452,"(4, 0, 0)",9.91,1.2890839066492397,0.1232766894598784,1.1353783099254802,1,8.07462169007452
2023-12-06 20:00:00,9.02,7.594829057722571,"(4, 0, 0)",10.17,2.0311122147119325,0.1580012131127969,1.4251709422774281,1,7.594829057722571
2023-12-07 20:00:00,8.53,7.190256278986087,"(4, 0, 0)",9.4,1.794913237996203,0.15706256987267433,1.339743721013912,1,7.190256278986087
2023-12-08 20:00:00,8.17,6.948606447425031,"(4, 0, 0)",9.5,1.4918022102717032,0.14949737485617734,1.2213935525749688,1,6.948606447425031
2023-12-09 20:00:00,9.65,6.051136453623471,"(4, 0, 0)",19.4,12.95181882543785,0.37293922760378545,3.5988635463765295,1,6.051136453623471
2023-12-10 20:00:00,9.11,7.761286062421387,"(1, 0, 3)",10.46,1.8190292854188044,0.14804763310412866,1.3487139375786121,1,7.761286062421387
2023-12-11 20:00:00,9.43,7.6503459724926035,"(1, 0, 3)",10.59,3.1671684576232964,0.18872259040375358,1.7796540275073962,1,7.6503459724926035
2023-12-12 20:00:00,9.02,9.40271929219771,"(1, 0, 2)",9.47,0.146474056620317,0.042430076740322745,0.38271929219771117,1,9.40271929219771
2023-12-13 20:00:00,8.61,8.427255220321065,"(1, 0, 2)",9.02,0.03339565449990225,0.021224713086984242,0.18274477967893432,1,8.427255220321065
2023-12-14 20:00:00,8.06,8.998061858672493,"(2, 0, 3)",8.5,0.8799600506960913,0.11638484598914298,0.9380618586724925,0,0.0
2023-12-15 20:00:00,7.54,7.704896030819146,"(2, 0, 3)",8.0,0.027190700979908767,0.02186950010864006,0.16489603081914606,1,7.704896030819146
2023-12-16 20:00:00,7.08,6.88292638844571,"(1, 0, 2)",7.79,0.03883800837105133,0.027835255869250054,0.19707361155429037,1,6.88292638844571
2023-12-17 20:00:00,6.96,7.121771974401112,"(3, 0, 3)",7.62,0.026170171701633934,0.023243099770274667,0.16177197440111168,1,7.121771974401112
2023-12-18 20:00:00,7.16,7.267848036634138,"(2, 0, 4)",8.19,0.011631199005838396,0.015062574948901971,0.10784803663413811,1,7.267848036634138
2023-12-19 20:00:00,7.09,7.4070378423724,"(2, 0, 4)",7.39,0.10051299349614694,0.04471619779582515,0.3170378423724003,0,0.0
2023-12-20 20:00:00,6.51,6.277975552227556,"(1, 0, 3)",6.92,0.053835344364107605,0.035641236216965286,0.23202444777244402,1,6.277975552227556
2023-12-21 20:00:00,5.69,5.563990851013401,"(2, 0, 3)",6.27,0.015878305628327094,0.022145720384288182,0.12600914898659976,1,5.563990851013401
2023-12-22 20:00:00,5.73,6.098907853369848,"(2, 0, 3)",10.47,0.1360930042779491,0.06438182432283555,0.36890785336984777,1,6.098907853369848
2023-12-23 20:00:00,7.55,6.246216006778209,"(2, 0, 3)",15.2,1.6998527009813595,0.1726866216187803,1.3037839932217912,1,6.246216006778209
2023-12-24 20:00:00,9.25,6.451600604363218,"(2, 0, 3)",12.96,7.831039177500306,0.3025296643931656,2.798399395636782,1,6.451600604363218
2023-12-25 20:00:00,9.98,8.36099399963027,"(1, 0, 3)",12.1,2.6211804292331893,0.16222505013724747,1.6190060003697297,1,8.36099399963027
2023-12-26 20:00:00,9.27,7.371388898294922,"(1, 0, 3)",10.74,3.60472411551777,0.20481241658091456,1.898611101705078,1,7.371388898294922
2023-12-27 20:00:00,8.87,7.449483166907733,"(1, 0, 3)",10.13,2.017868073098482,0.16014845919867718,1.4205168330922664,1,7.449483166907733
2023-12-28 20:00:00,8.0,8.26514242044622,"(2, 0, 2)",8.68,0.07030050312007965,0.033142802555777395,0.26514242044621916,1,8.26514242044622
2023-12-29 20:00:00,7.29,7.540524674840833,"(1, 0, 2)",8.05,0.06276261270410531,0.03436552466952447,0.2505246748408334,1,7.540524674840833
2023-12-30 20:00:00,8.65,7.208555829236684,"(1, 0, 3)",12.77,2.077761297427544,0.16664094459691514,1.441444170763316,1,7.208555829236684
2023-12-31 20:00:00,8.47,7.092360483735436,"(1, 0, 3)",9.56,1.8978906367736639,0.162649293537729,1.3776395162645647,1,7.092360483735436
2024-01-01 20:00:00,8.14,8.149739358064306,"(1, 0, 2)",8.51,9.485509550474356e-05,0.0011964813346812084,0.009739358064305037,1,8.149739358064306
2024-01-02 20:00:00,7.84,6.969703789322415,"(1, 0, 4)",8.43,0.7574154943197624,0.11100716972928373,0.8702962106775844,1,6.969703789322415
2024-01-03 20:00:00,7.6,8.056462614373658,"(2, 0, 3)",8.12,0.2083581183208347,0.060060870312323406,0.45646261437365787,1,8.056462614373658
2024-01-04 20:00:00,7.82,7.056489525343206,"(1, 0, 4)",8.54,0.5829482449106429,0.09763561056992251,0.763510474656794,1,7.056489525343206
2024-01-05 20:00:00,7.3,7.585734419961852,"(1, 0, 3)",7.68,0.08164415875093632,0.039141701364637335,0.28573441996185256,1,7.585734419961852
2024-01-06 20:00:00,6.7,6.86364841161268,"(3, 0, 3)",7.01,0.026780802623353195,0.024425136061594056,0.16364841161268018,1,6.86364841161268
2024-01-07 20:00:00,6.06,7.902507798212017,"(1, 0, 3)",6.34,3.3948349864720972,0.30404419112409536,1.8425077982120177,0,0.0
2024-01-08 20:00:00,5.78,7.551689173730008,"(1, 0, 2)",6.78,3.138882528312117,0.30652061829238886,1.7716891737300076,0,0.0
2024-01-09 20:00:00,6.0,6.727563412995169,"(3, 0, 2)",6.43,0.5293485199291784,0.12126056883252812,0.7275634129951687,0,0.0
2024-01-10 20:00:00,5.87,6.290097036629953,"(1, 0, 2)",6.24,0.17648152018526772,0.0715667864786972,0.42009703662995257,0,0.0
2024-01-11 20:00:00,5.66,5.351088018946365,"(1, 0, 2)",6.0,0.09542661203848131,0.0545780885253772,0.30891198105363493,1,5.351088018946365
2024-01-12 20:00:00,5.31,5.318034304253038,"(1, 0, 3)",5.87,6.455004483038761e-05,0.0015130516484064395,0.008034304253038194,1,5.318034304253038
2024-01-13 20:00:00,4.86,5.036383650581485,"(1, 0, 2)",5.32,0.031111192192451422,0.036292932218412566,0.17638365058148509,1,5.036383650581485
2024-01-14 20:00:00,4.35,4.900511306941112,"(1, 0, 2)",4.67,0.30306269907001204,0.12655432343473857,0.5505113069411127,0,0.0
2024-01-15 20:00:00,4.37,4.322468700379921,"(3, 0, 4)",5.47,0.002259224443573739,0.010876727601848782,0.04753129962007918,1,4.322468700379921
2024-01-16 20:00:00,4.69,5.248347056615839,"(1, 0, 2)",5.71,0.3117514356315705,0.11905054512064789,0.5583470566158386,1,5.248347056615839
2024-01-17 20:00:00,5.04,4.877965494998223,"(1, 0, 2)",6.45,0.026255180811170776,0.03214970337336838,0.16203450500177663,1,4.877965494998223
2024-01-18 20:00:00,4.95,4.913900851542491,"(3, 0, 3)",5.54,0.0013031485193573105,0.0072927572641433335,0.0360991484575095,1,4.913900851542491
2024-01-19 20:00:00,4.54,4.826077658522214,"(3, 0, 3)",4.97,0.08184042670555261,0.06301270011502516,0.28607765852221423,1,4.826077658522214
2024-01-20 20:00:00,4.47,4.829114620928411,"(2, 0, 3)",6.9,0.1289633109645562,0.08033884137100915,0.35911462092841084,1,4.829114620928411
2024-01-21 20:00:00,4.57,4.370785869107937,"(1, 0, 3)",5.53,0.039686269947079994,0.043591713543121,0.19921413089206297,1,4.370785869107937
2024-01-22 20:00:00,4.53,5.1489843891400575,"(2, 0, 2)",5.16,0.3831416739990898,0.1366411455055314,0.6189843891400573,1,5.1489843891400575
2024-01-23 20:00:00,4.6,4.331158451043008,"(1, 0, 2)",5.57,0.07227577844559471,0.05844381499065043,0.26884154895699197,1,4.331158451043008
2024-01-24 20:00:00,4.49,5.048174099729005,"(1, 0, 2)",4.91,0.31155832560828495,0.12431494426035741,0.5581740997290048,0,0.0
2024-01-25 20:00:00,6.47,4.692459846944751,"(2, 0, 2)",8.93,3.1596489957236766,0.27473572690189313,1.7775401530552486,1,4.692459846944751
2024-01-26 20:00:00,4.94,5.046035664969398,"(1, 0, 3)",5.75,0.011243562245502249,0.02146470950797514,0.1060356649693972,1,5.046035664969398
2024-01-27 20:00:00,5.56,4.717554907837752,"(1, 0, 2)",6.92,0.7097137333082573,0.1515189014680301,0.8424450921622473,1,4.717554907837752
2024-01-28 20:00:00,5.1,4.564091939010423,"(1, 0, 2)",5.68,0.2871974498336082,0.10508001195874059,0.535908060989577,1,4.564091939010423
2024-01-29 20:00:00,5.67,4.958949866829361,"(1, 0, 3)",6.87,0.5055922918819836,0.12540566722586227,0.7110501331706391,1,4.958949866829361
2024-01-30 20:00:00,5.2,5.289762745196312,"(4, 0, 2)",5.78,0.008057350425178052,0.017262066383906174,0.08976274519631211,1,5.289762745196312
2024-01-31 20:00:00,4.83,5.063763731709065,"(4, 0, 2)",5.45,0.05464548226254754,0.04839828813852269,0.23376373170906461,1,5.063763731709065
2024-02-01 20:00:00,5.04,4.973411083025835,"(2, 0, 2)",5.77,0.004434083863792287,0.013212086701223286,0.06658891697416536,1,4.973411083025835
2024-02-02 20:00:00,4.33,4.372083657393486,"(2, 0, 2)",5.04,0.0017710342196123243,0.009719089467317825,0.042083657393486185,1,4.372083657393486
2024-02-03 20:00:00,4.19,4.467718137337828,"(4, 0, 2)",5.25,0.0771273638063924,0.06628117836224999,0.27771813733782746,1,4.467718137337828
2024-02-04 20:00:00,4.0,3.6509602928644,"(1, 0, 2)",4.42,0.12182871715730553,0.08725992678390004,0.3490397071356002,1,3.6509602928644
2024-02-05 20:00:00,3.97,3.7080482292998553,"(2, 0, 3)",4.6,0.06861873017294128,0.06598281377837402,0.26195177070014486,1,3.7080482292998553
2024-02-06 20:00:00,3.95,3.786622392722117,"(4, 0, 2)",4.24,0.026692242559846233,0.04136141956402106,0.1633776072778832,1,3.786622392722117
2024-02-07 20:00:00,4.92,5.033065852273855,"(2, 0, 2)",7.2,0.012783886950413156,0.02298086428330382,0.1130658522738548,1,5.033065852273855
2024-02-08 20:00:00,4.77,4.84669355843668,"(4, 0, 2)",5.45,0.0058819019056805385,0.016078314137668887,0.07669355843668058,1,4.84669355843668
2024-02-09 20:00:00,4.04,4.821778543303132,"(4, 0, 2)",4.61,0.6111776907691676,0.1935095404215674,0.7817785433031323,0,0.0
2024-02-10 20:00:00,3.78,3.65323961952669,"(1, 0, 3)",3.99,0.016068194057738242,0.03353449218870628,0.12676038047330973,1,3.65323961952669
2024-02-11 20:00:00,3.48,3.581214770880913,"(1, 0, 3)",3.64,0.010244429844475718,0.029084704276124432,0.10121477088091302,1,3.581214770880913
2024-02-12 20:00:00,3.46,3.167269496826293,"(1, 0, 3)",3.79,0.0856911474883316,0.08460419166870141,0.29273050317370686,1,3.167269496826293
2024-02-13 20:00:00,3.3,3.920312850845907,"(4, 0, 2)",3.72,0.3847880329245768,0.18797359116542645,0.6203128508459073,0,0.0
2024-02-14 20:00:00,3.11,3.657929962867807,"(4, 0, 2)",3.29,0.30022724420831653,0.17618326780315344,0.5479299628678072,0,0.0
2024-02-15 20:00:00,2.91,2.9633165300286346,"(1, 0, 3)",3.12,0.00284265237429428,0.018321831624960292,0.05331653002863446,1,2.9633165300286346
2024-02-16 20:00:00,2.74,2.7439953406394797,"(1, 0, 3)",2.96,1.5962746825476326e-05,0.0014581535180582055,0.003995340639479483,1,2.7439953406394797
2024-02-17 20:00:00,3.25,3.0826232054632148,"(4, 0, 2)",4.82,0.028014991349409216,0.051500552165164686,0.16737679453678522,1,3.0826232054632148
2024-02-18 20:00:00,3.37,3.2883661166086884,"(4, 0, 2)",3.88,0.00666409091754628,0.024223704270418908,0.08163388339131172,1,3.2883661166086884
2024-02-19 20:00:00,3.62,4.08109944805873,"(4, 0, 2)",4.27,0.21261270100006507,0.1273755381377706,0.4610994480587296,1,4.08109944805873
2024-02-20 20:00:00,3.54,3.7257774610064778,"(4, 0, 2)",3.92,0.034513265018013356,0.05247950875889202,0.18577746100647774,1,3.7257774610064778
2024-02-21 20:00:00,3.34,3.4434179805660703,"(4, 0, 2)",3.78,0.010695278704364122,0.03096346723535043,0.10341798056607043,1,3.4434179805660703
2024-02-22 20:00:00,3.14,3.524559392792204,"(4, 0, 2)",3.51,0.14788592658470862,0.12247114420133884,0.38455939279220397,0,0.0
2024-02-23 20:00:00,6.25,4.300823285604236,"(4, 0, 2)",29.08,3.799289863942667,0.3118682743033223,1.9491767143957643,1,4.300823285604236
2024-02-24 20:00:00,7.15,8.63847989344469,"(4, 0, 2)",8.73,2.2155723931891123,0.20817900607618023,1.4884798934446888,1,8.63847989344469
2024-02-25 20:00:00,5.32,11.856320948110817,"(4, 0, 2)",6.31,42.72349153671228,1.2286317571636873,6.536320948110816,0,0.0
2024-02-26 20:00:00,4.67,5.153558019573767,"(4, 0, 2)",5.73,0.23382835829410362,0.10354561446975738,0.483558019573767,1,5.153558019573767
2024-02-27 20:00:00,4.98,4.2498762146559255,"(4, 0, 2)",5.37,0.5330807419251609,0.14661120187632026,0.730123785344075,1,4.2498762146559255
2024-02-28 20:00:00,4.66,3.70469610172018,"(1, 0, 4)",5.36,0.9126055380686209,0.20500083654073392,0.9553038982798201,1,3.70469610172018
2024-02-29 20:00:00,4.38,3.6773645301283615,"(1, 0, 4)",4.9,0.49369660352173805,0.16041905704831927,0.7026354698716384,1,3.6773645301283615
2024-03-01 20:00:00,4.27,4.605129493365238,"(1, 0, 3)",4.74,0.11231177732324155,0.07848465886773741,0.3351294933652387,1,4.605129493365238
2024-03-02 20:00:00,4.05,3.946255054973288,"(1, 0, 3)",4.43,0.01076301361859546,0.02561603580906465,0.10374494502671183,1,3.946255054973288
2024-03-03 20:00:00,3.83,4.114102512458529,"(3, 0, 3)",4.17,0.08071423758524851,0.07417820168629995,0.2841025124585288,1,4.114102512458529
2024-03-04 20:00:00,4.32,2.902230481292165,"(1, 0, 3)",4.94,2.0100704081770466,0.32818738858977664,1.4177695187078352,1,2.902230481292165
2024-03-05 20:00:00,4.29,3.30629824918371,"(2, 0, 4)",4.6,0.9676691345590342,0.2293011074163846,0.98370175081629,1,3.30629824918371
2024-03-06 20:00:00,4.17,4.702076323249558,"(4, 0, 2)",4.54,0.2831052137627679,0.12759624058742394,0.5320763232495578,0,0.0
2024-03-07 20:00:00,3.9,4.064300606385589,"(4, 0, 2)",4.14,0.02699468925867231,0.042128360611689536,0.1643006063855892,1,4.064300606385589
2024-03-08 20:00:00,3.68,3.2362824446163856,"(1, 0, 3)",4.05,0.19688526895561106,0.1205754226585909,0.44371755538361457,1,3.2362824446163856
2024-03-09 20:00:00,3.54,3.771292300271979,"(1, 0, 3)",3.87,0.05349612816510335,0.06533680798643478,0.2312923002719791,1,3.771292300271979
2024-03-10 20:00:00,3.19,3.315517202879588,"(1, 0, 3)",3.46,0.015754568218715684,0.03934708554219064,0.12551720287958812,1,3.315517202879588
2024-03-11 20:00:00,3.85,3.687742790769384,"(4, 0, 2)",4.4,0.026327401947307982,0.04214472967028994,0.16225720923061626,1,3.687742790769384
2024-03-12 20:00:00,4.03,2.660051560341722,"(4, 0, 4)",4.63,1.876758727322151,0.3399375780789772,1.3699484396582782,1,2.660051560341722
2024-03-13 20:00:00,3.86,3.7928101126955593,"(2, 0, 3)",4.16,0.004514480955983419,0.01740670655555454,0.06718988730444053,1,3.7928101126955593
2024-03-14 20:00:00,3.64,3.7801175583515865,"(2, 0, 3)",4.32,0.019632930158410205,0.03849383471197427,0.14011755835158635,1,3.7801175583515865
2024-03-15 20:00:00,3.7,3.938643268233584,"(1, 0, 3)",5.31,0.0569506094732063,0.06449818060367134,0.23864326823358395,1,3.938643268233584
2024-03-16 20:00:00,4.35,3.929857248929279,"(1, 0, 3)",6.8,0.17651993127727342,0.09658454047602771,0.4201427510707205,1,3.929857248929279
2024-03-17 20:00:00,4.33,4.252490156576867,"(1, 0, 3)",4.91,0.006007775827478619,0.017900656679707427,0.07750984342313316,1,4.252490156576867
2024-03-18 20:00:00,4.81,5.06128963440197,"(2, 0, 3)",6.12,0.06314648035787616,0.05224316723533697,0.25128963440197083,1,5.06128963440197
2024-03-19 20:00:00,5.12,4.083384634370164,"(2, 0, 3)",6.29,1.0745714162598787,0.20246393859957734,1.036615365629836,1,4.083384634370164
2024-03-20 20:00:00,6.43,4.331014969737866,"(1, 0, 4)",8.27,4.4057381572645316,0.3264362410983101,2.098985030262134,1,4.331014969737866
2024-03-21 20:00:00,5.96,5.337202552890661,"(1, 0, 4)",6.84,0.3878766601259101,0.10449621595794281,0.6227974471093392,1,5.337202552890661
2024-03-22 20:00:00,5.6,5.272037788813751,"(1, 0, 4)",6.64,0.10755921196617337,0.058564680568972925,0.32796221118624835,1,5.272037788813751
2024-03-23 20:00:00,5.7,3.665641787687517,"(1, 0, 4)",8.3,4.138613336003242,0.3569049495285058,2.0343582123124833,1,3.665641787687517
2024-03-24 20:00:00,5.35,6.438343781664874,"(2, 0, 3)",5.99,1.1844921870885994,0.2034287442364251,1.0883437816648742,0,0.0
2024-03-25 20:00:00,7.54,6.146510691169038,"(1, 0, 3)",13.13,1.9418124538261932,0.184812905680499,1.3934893088309623,1,6.146510691169038
2024-03-26 20:00:00,7.23,7.625372941879166,"(2, 0, 3)",8.15,0.15631976317018625,0.054685054201820994,0.39537294187916583,1,7.625372941879166
2024-03-27 20:00:00,6.69,8.834562262429227,"(2, 0, 3)",8.28,4.599147297435562,0.32056237106565416,2.1445622624292264,0,0.0
2024-03-28 20:00:00,7.03,5.589665329318178,"(2, 0, 3)",11.21,2.074563963568113,0.20488402143411408,1.440334670681822,1,5.589665329318178
2024-03-29 20:00:00,7.49,9.420344530049052,"(2, 0, 3)",9.2,3.726230004690294,0.25772290120815106,1.9303445300490516,0,0.0
2024-03-30 20:00:00,7.84,7.956472164055846,"(2, 0, 3)",8.93,0.01356576499985194,0.014856143374470172,0.11647216405584615,1,7.956472164055846
2024-03-31 20:00:00,8.45,8.907797025266511,"(2, 0, 3)",10.62,0.20957811634286722,0.05417716275343335,0.4577970252665118,1,8.907797025266511
2024-04-01 20:00:00,7.94,7.424110993357361,"(2, 0, 3)",8.32,0.26614146717472964,0.06497342652929972,0.5158890066426398,1,7.424110993357361
2024-04-02 20:00:00,7.53,8.93023630595581,"(2, 0, 3)",8.15,1.9606617125167742,0.18595435670063884,1.4002363059558105,0,0.0
2024-04-03 20:00:00,7.43,9.261305325688538,"(1, 0, 3)",9.27,3.353679195895202,0.24647447182887455,1.8313053256885379,1,9.261305325688538
2024-04-04 20:00:00,7.33,6.87444376861802,"(1, 0, 3)",7.88,0.20753147995095197,0.062149554076668466,0.45555623138197987,1,6.87444376861802
2024-04-05 20:00:00,6.68,8.258987910914964,"(1, 0, 3)",7.09,2.493202822815604,0.23637543576571327,1.5789879109149645,0,0.0
2024-04-06 20:00:00,6.43,8.534161834492648,"(1, 0, 3)",7.17,4.427497025735469,0.3272413428448909,2.1041618344926487,0,0.0
2024-04-07 20:00:00,6.28,9.810309748842194,"(1, 0, 3)",6.66,12.46308692277023,0.562151233892069,3.5303097488421935,0,0.0
2024-04-08 20:00:00,6.87,6.842196527819196,"(1, 0, 3)",7.44,0.0007730330653087561,0.004047084742475147,0.027803472180804256,1,6.842196527819196
2024-04-09 20:00:00,6.4,6.38014988519703,"(2, 0, 3)",7.5,0.0003940270576911129,0.0031015804379641576,0.01985011480297061,1,6.38014988519703
2024-04-10 20:00:00,9.18,8.78475282063477,"(1, 0, 4)",17.04,0.15622033279617004,0.04305524829686598,0.3952471793652297,1,8.78475282063477
2024-04-11 20:00:00,12.78,9.418153609533489,"(4, 0, 4)",20.14,11.302011153092705,0.26305527311944527,3.3618463904665106,1,9.418153609533489
2024-04-12 20:00:00,14.63,9.669754506797158,"(4, 0, 4)",21.2,24.604035352839112,0.33904617178419977,4.960245493202843,1,9.669754506797158
2024-04-13 20:00:00,13.58,10.159024737143245,"(1, 0, 4)",16.43,11.703071749077846,0.25191275867870067,3.4209752628567554,1,10.159024737143245
2024-04-14 20:00:00,11.92,12.549274337049734,"(2, 0, 4)",14.01,0.3959861912693828,0.05279147122900457,0.6292743370497345,1,12.549274337049734
2024-04-15 20:00:00,10.94,9.331785073891885,"(2, 0, 4)",13.04,2.5863552485569294,0.14700319251445293,1.608214926108115,1,9.331785073891885
2024-04-16 20:00:00,18.65,12.344016048746116,"(2, 0, 4)",33.96,39.76543359347153,0.3381224638742028,6.305983951253882,1,12.344016048746116
2024-04-17 20:00:00,23.41,17.820100697200406,"(2, 0, 4)",30.8,31.24697421543939,0.23878254176845767,5.589899302799594,1,17.820100697200406
2024-04-18 20:00:00,22.12,21.19959812538064,"(2, 0, 4)",25.87,0.8471396108028355,0.041609488002683624,0.9204018746193618,1,21.19959812538064
2024-04-19 20:00:00,18.32,16.77403350523744,"(1, 0, 4)",21.31,2.3900124029284355,0.08438681739970304,1.5459664947625598,1,16.77403350523744
2024-04-20 20:00:00,16.9,19.324585827191765,"(1, 0, 4)",18.39,5.8786164334191815,0.14346661699359564,2.424585827191766,0,0.0
2024-04-21 20:00:00,13.78,19.16682908795518,"(4, 0, 4)",14.95,29.017927622840034,0.39091647953230624,5.38682908795518,0,0.0
2024-04-22 20:00:00,23.58,14.325600242890877,"(4, 0, 4)",44.37,85.64391486438137,0.39246818308350817,9.254399757109121,1,14.325600242890877
2024-04-23 20:00:00,25.75,26.470689221309215,"(1, 0, 4)",29.65,0.5193929537112821,0.027987930924629693,0.7206892213092146,1,26.470689221309215
2024-04-24 20:00:00,22.23,38.03433154272079,"(3, 0, 4)",28.73,249.77689551223938,0.7109460882915336,15.804331542720792,0,0.0
2024-04-25 20:00:00,25.25,17.079964987111733,"(1, 0, 4)",28.36,66.74947211182018,0.32356574308468383,8.170035012888267,1,17.079964987111733
2024-04-26 20:00:00,25.06,26.14535008250709,"(3, 0, 4)",27.43,1.1779848015981491,0.043310059158303715,1.085350082507091,1,26.14535008250709
2024-04-27 20:00:00,20.4,29.549762469271823,"(1, 0, 3)",22.83,83.71815324409522,0.44851776810156,9.149762469271824,0,0.0
2024-04-28 20:00:00,17.44,21.048240777274803,"(1, 0, 3)",18.96,13.019401506788663,0.20689453998135326,3.6082407772748013,0,0.0
2024-04-29 20:00:00,21.96,25.3894044443576,"(1, 0, 4)",25.77,11.760814842979643,0.15616595830408003,3.4294044443575977,1,25.3894044443576
2024-04-30 20:00:00,19.82,24.80701805234613,"(1, 0, 3)",21.77,24.87034905442619,0.2516154415916312,4.98701805234613,0,0.0
2024-05-01 20:00:00,17.1,18.341693276840783,"(1, 0, 3)",18.02,1.5418021937515967,0.0726136419205135,1.2416932768407811,0,0.0
2024-05-02 20:00:00,16.02,21.59596427766975,"(1, 0, 3)",17.93,31.091377625849148,0.34806268899311804,5.575964277669751,0,0.0
2024-05-03 20:00:00,16.62,20.522309678713352,"(4, 0, 2)",19.45,15.228020828579897,0.23479600954953977,3.902309678713351,0,0.0
2024-05-04 20:00:00,16.02,16.086513271178447,"(4, 0, 0)",18.63,0.004424015242857668,0.004151889586669619,0.0665132711784473,1,16.086513271178447
2024-05-05 20:00:00,14.81,16.035059565125245,"(4, 0, 0)",16.1,1.5007709381048526,0.08271840412729535,1.2250595651252443,1,16.035059565125245
2024-05-06 20:00:00,17.62,14.169185785010924,"(4, 0, 0)",20.67,11.908118746370677,0.19584643671901683,3.4508142149890766,1,14.169185785010924
2024-05-07 20:00:00,17.66,18.473237984765067,"(1, 0, 4)",19.09,0.661356019864747,0.04604971601161194,0.8132379847650668,1,18.473237984765067
2024-05-08 20:00:00,16.97,18.132239330182937,"(1, 0, 4)",18.26,1.3508002606240852,0.06848788038791623,1.1622393301829383,1,18.132239330182937
2024-05-09 20:00:00,16.38,16.34983298149631,"(1, 0, 4)",17.28,0.0009100490054019596,0.0018416983213485805,0.030167018503689746,1,16.34983298149631
2024-05-10 20:00:00,18.21,17.01618456295773,"(1, 0, 4)",25.61,1.4251952977204299,0.06555823377497372,1.1938154370422716,1,17.01618456295773
2024-05-11 20:00:00,18.4,19.9830461378689,"(1, 0, 4)",21.67,2.5060350746216455,0.08603511618852727,1.5830461378689016,1,19.9830461378689
2024-05-12 20:00:00,16.24,16.368141184619596,"(1, 0, 4)",18.7,0.0164201631957137,0.00789046703322643,0.12814118461959723,1,16.368141184619596
2024-05-13 20:00:00,17.88,17.914178615163987,"(1, 0, 4)",19.67,0.0011681777345279914,0.0019115556579411641,0.03417861516398801,1,17.914178615163987
2024-05-14 20:00:00,17.28,21.16714229325508,"(2, 0, 3)",18.38,15.109875208012346,0.22495036419300218,3.887142293255078,0,0.0
2024-05-15 20:00:00,17.11,20.850359892378737,"(3, 0, 3)",17.95,13.990292124515483,0.21860665648034705,3.740359892378738,0,0.0
2024-05-16 20:00:00,16.86,20.72667302183069,"(3, 0, 3)",17.89,14.951160257753271,0.22934003688201002,3.866673021830689,0,0.0
2024-05-17 20:00:00,18.84,20.24434187541521,"(3, 0, 3)",31.46,1.9721761030447071,0.07454043924709179,1.4043418754152093,1,20.24434187541521
2024-05-18 20:00:00,26.28,20.15769325006924,"(1, 0, 3)",42.72,37.48263994024776,0.2329644882013227,6.122306749930761,1,20.15769325006924
2024-05-19 20:00:00,31.73,28.23864447490614,"(1, 0, 3)",40.12,12.189563402603438,0.11003326583970571,3.491355525093862,1,28.23864447490614
2024-05-20 20:00:00,29.46,33.426571782912745,"(1, 0, 3)",36.26,15.733691708999588,0.1346426267112269,3.9665717829127445,1,33.426571782912745
2024-05-21 20:00:00,28.3,30.321603086480746,"(1, 0, 3)",30.54,4.086879039268474,0.07143473803818887,2.021603086480745,1,30.321603086480746
2024-05-22 20:00:00,33.24,25.359393143620512,"(1, 0, 4)",47.77,62.10396442481543,0.23708203539047804,7.88060685637949,1,25.359393143620512
2024-05-23 20:00:00,35.44,28.92777702379244,"(1, 0, 4)",43.32,42.40904809184561,0.18375346998328324,6.512222976207557,1,28.92777702379244
2024-05-24 20:00:00,31.49,28.84514482305005,"(1, 0, 4)",36.69,6.995258907038949,0.08399032000476182,2.6448551769499495,1,28.84514482305005
2024-05-25 20:00:00,29.06,34.21124478626932,"(2, 0, 3)",31.24,26.53532284806685,0.17726238080761597,5.15124478626932,0,0.0
2024-05-26 20:00:00,26.76,40.433655002395945,"(2, 0, 3)",28.85,186.9688411245476,0.5109736547980547,13.673655002395943,0,0.0
2024-05-27 20:00:00,26.66,32.756368366404274,"(2, 0, 3)",29.93,37.16570725889472,0.22867098148553167,6.096368366404274,0,0.0
2024-05-28 20:00:00,25.92,32.73284722489743,"(4, 0, 4)",31.22,46.41488730979254,0.2628413281210426,6.812847224897425,0,0.0
2024-05-29 20:00:00,25.21,32.7218004430067,"(2, 0, 3)",26.91,56.42714589555564,0.29796907746952395,7.511800443006699,0,0.0
2024-05-30 20:00:00,24.79,36.13795594108438,"(1, 0, 4)",27.3,128.77610404079226,0.45776345062865587,11.347955941084379,0,0.0
2024-05-31 20:00:00,22.67,32.64562090225369,"(2, 0, 3)",26.42,99.51301238548068,0.4400362109507581,9.975620902253688,0,0.0
2024-06-01 20:00:00,20.54,26.8643881824503,"(1, 0, 4)",22.49,39.997885882317,0.30790594851267283,6.324388182450299,0,0.0
2024-06-02 20:00:00,18.97,24.867432976057295,"(2, 0, 3)",20.12,34.77971570708801,0.3108820757014916,5.897432976057296,0,0.0
2024-06-03 20:00:00,55.44,30.95239037731492,"(2, 0, 3)",196.2,599.6430250330188,0.44169570026488236,24.487609622685078,1,30.95239037731492
2024-06-04 20:00:00,53.79,25.20460618845921,"(2, 0, 4)",82.35,817.1247393608745,0.5314258005491874,28.58539381154079,1,25.20460618845921
2024-06-05 20:00:00,51.61,26.034639798535324,"(2, 0, 4)",66.48,654.0990494346632,0.4955504786178003,25.575360201464676,1,26.034639798535324
2024-06-06 20:00:00,46.94,24.79600260970747,"(2, 0, 4)",54.29,490.35662042128223,0.47175111611189874,22.143997390292526,1,24.79600260970747
2024-06-07 20:00:00,41.34,29.04038845453982,"(2, 0, 4)",47.0,151.28044416921747,0.29752325944509395,12.299611545460184,1,29.04038845453982
2024-06-08 20:00:00,33.91,28.065359734642996,"(2, 0, 4)",36.39,34.15981983143235,0.17235742451657332,5.844640265357,1,28.065359734642996
2024-06-09 20:00:00,29.53,29.79148904837676,"(2, 0, 4)",31.6,0.06837652242098331,0.00885503042251133,0.26148904837675957,1,29.79148904837676
2024-06-10 20:00:00,28.67,30.43272928551567,"(2, 0, 4)",32.58,3.1072145340145783,0.06148340723807702,1.7627292855156682,1,30.43272928551567
2024-06-11 20:00:00,26.58,29.477437256098124,"(2, 0, 4)",28.55,8.395142653025436,0.10900817366810106,2.897437256098126,0,0.0
2024-06-12 20:00:00,26.83,33.26574393537201,"(2, 0, 4)",30.68,41.4188000016776,0.23987118655877787,6.43574393537201,0,0.0
2024-06-13 20:00:00,29.83,32.95853976771401,"(4, 0, 4)",39.48,9.78776107816803,0.10487897310472712,3.1285397677140097,1,32.95853976771401
2024-06-14 20:00:00,26.89,30.5339196157018,"(2, 0, 4)",30.57,13.278150165696362,0.13551207198593532,3.643919615701801,1,30.5339196157018
2024-06-15 20:00:00,24.64,28.68929386874509,"(2, 0, 4)",27.36,16.396780835456568,0.16433822519257665,4.049293868745089,0,0.0
2024-06-16 20:00:00,23.7,29.57227935091118,"(4, 0, 3)",27.1,34.48366477513785,0.2477755000384465,5.872279350911182,0,0.0
2024-06-17 20:00:00,32.93,28.318346925141643,"(4, 0, 3)",44.82,21.267344082850535,0.1400441261724372,4.611653074858356,1,28.318346925141643
2024-06-18 20:00:00,36.68,28.4586368544546,"(4, 0, 4)",43.46,67.59081197093215,0.22413749033657035,8.2213631455454,1,28.4586368544546
2024-06-19 20:00:00,34.99,28.422340194383185,"(4, 0, 4)",38.41,43.134155322314726,0.18770105188959177,6.567659805616817,1,28.422340194383185
2024-06-20 20:00:00,33.49,29.07914544167895,"(4, 0, 4)",36.41,19.455637934661603,0.13170661565604813,4.410854558321052,1,29.07914544167895
2024-06-21 20:00:00,30.65,30.279975769607457,"(2, 0, 4)",32.28,0.13691793107759256,0.012072568691436913,0.3700242303925414,1,30.279975769607457
2024-06-22 20:00:00,27.36,32.041456315974855,"(4, 0, 4)",29.95,21.91603323838087,0.17110585950200496,4.681456315974856,0,0.0
2024-06-23 20:00:00,24.93,30.435849544904407,"(2, 0, 4)",26.61,30.31437921112407,0.22085236842777406,5.505849544904407,0,0.0
2024-06-24 20:00:00,32.31,29.394792365664006,"(2, 0, 4)",37.61,8.498435551290873,0.09022617252664795,2.915207634335996,1,29.394792365664006
2024-06-25 20:00:00,30.06,30.26468209503053,"(2, 0, 4)",31.95,0.04189476002608734,0.006809118264488724,0.20468209503053103,1,30.26468209503053
2024-06-26 20:00:00,28.63,30.11175417388631,"(2, 0, 4)",31.17,2.1955954318295072,0.05175529772568327,1.481754173886312,1,30.11175417388631
2024-06-27 20:00:00,30.24,28.94184324378852,"(2, 0, 4)",36.96,1.6852109636975112,0.042928464160432535,1.2981567562114797,1,28.94184324378852
2024-06-28 20:00:00,28.61,29.971127270756167,"(2, 0, 4)",32.11,1.8526674471961333,0.04757522791877551,1.3611272707561675,1,29.971127270756167
2024-06-29 20:00:00,26.82,29.55734093068683,"(2, 0, 4)",29.7,7.493035370813443,0.10206342023440829,2.7373409306868304,1,29.55734093068683
2024-06-30 20:00:00,25.21,29.402247209955966,"(2, 0, 4)",26.26,17.57493666938358,0.16629302697167653,4.192247209955966,0,0.0
2024-07-01 20:00:00,28.75,28.340761370210604,"(2, 0, 4)",31.21,0.16747625611190228,0.014234387123109425,0.40923862978939596,1,28.340761370210604
2024-07-02 20:00:00,27.21,28.52711629781949,"(2, 0, 4)",28.22,1.7347953419817157,0.04840559712677282,1.3171162978194886,0,0.0
2024-07-03 20:00:00,27.16,29.14944842012924,"(2, 0, 4)",33.89,3.9579050163547262,0.07324920545394843,1.9894484201292393,1,29.14944842012924
2024-07-04 20:00:00,26.17,28.672815634785746,"(2, 0, 4)",28.0,6.264086101727966,0.09563682211638302,2.502815634785744,0,0.0
2024-07-05 20:00:00,25.85,27.17186392241576,"(2, 0, 4)",27.89,1.7473242293843743,0.051135935103124114,1.3218639224157585,1,27.17186392241576
2024-07-06 20:00:00,23.41,22.06109939694335,"(2, 0, 4)",24.79,1.8195328369265902,0.05762070068588845,1.3489006030566486,1,22.06109939694335
2024-07-07 20:00:00,27.06,25.559206604949143,"(3, 0, 4)",34.33,2.252380814628274,0.05546169235221197,1.5007933950508558,1,25.559206604949143
2024-07-08 20:00:00,35.18,26.244486068310746,"(3, 0, 4)",42.34,79.84340922341275,0.25399414245847796,8.935513931689254,1,26.244486068310746
2024-07-09 20:00:00,32.3,27.150650938303126,"(1, 0, 3)",36.1,26.515795759198443,0.15942257156956258,5.149349061696871,1,27.150650938303126
2024-07-10 20:00:00,31.39,28.200440834717785,"(2, 0, 3)",33.5,10.173287668835783,0.1016106774540368,3.1895591652822155,1,28.200440834717785
2024-07-11 20:00:00,30.1,30.591608763675683,"(3, 0, 3)",31.78,0.24167917652273263,0.016332517065637278,0.49160876367568207,1,30.591608763675683
2024-07-12 20:00:00,26.85,31.22078475391288,"(2, 0, 4)",27.79,19.10375936503727,0.16278527947534,4.370784753912879,0,0.0
2024-07-13 20:00:00,23.59,26.778568024240307,"(1, 0, 4)",25.34,10.166966045207738,0.13516608835270486,3.1885680242403076,0,0.0
2024-07-14 20:00:00,22.39,25.094911201056163,"(1, 0, 4)",23.92,7.316544605599094,0.12080889687611268,2.704911201056163,0,0.0
2024-07-15 20:00:00,28.0,24.553933338937423,"(1, 0, 4)",34.4,11.87537543248698,0.12307380932366348,3.446066661062577,1,24.553933338937423
2024-07-16 20:00:00,41.46,26.59179561748312,"(1, 0, 4)",107.17,221.06350156029424,0.3586156387485982,14.868204382516883,1,26.59179561748312
2024-07-17 20:00:00,41.47,29.08100763411376,"(1, 0, 4)",50.31,153.4871318419875,0.29874589741707835,12.388992365886239,1,29.08100763411376
2024-07-18 20:00:00,38.47,30.30378704494644,"(1, 0, 4)",46.86,66.6870340272846,0.21227483636739172,8.16621295505356,1,30.30378704494644
2024-07-19 20:00:00,34.74,30.602420229152383,"(1, 0, 4)",37.48,17.119566360127436,0.11910131752583819,4.137579770847619,1,30.602420229152383
2024-07-20 20:00:00,28.53,31.05265488267208,"(1, 0, 4)",30.85,6.363787657069279,0.08842113153424741,2.5226548826720787,0,0.0
2024-07-21 20:00:00,24.75,30.683355741005627,"(1, 0, 4)",25.98,35.204710349324436,0.23973154509113645,5.933355741005627,0,0.0
2024-07-22 20:00:00,28.47,28.403752220706345,"(1, 0, 4)",31.01,0.00438876826134072,0.002326932887026843,0.06624777929365422,1,28.403752220706345
2024-07-23 20:00:00,27.78,27.502713091475044,"(1, 0, 4)",29.98,0.07688802963932773,0.009981530184483684,0.27728690852495674,1,27.502713091475044
2024-07-24 20:00:00,27.16,28.854113429148285,"(1, 0, 3)",29.0,2.87002031082056,0.06237531035155687,1.6941134291482847,1,28.854113429148285
2024-07-25 20:00:00,30.85,29.128860964466337,"(4, 0, 3)",37.22,2.962319579637751,0.05579056841276058,1.721139035533664,1,29.128860964466337
2024-07-26 20:00:00,28.66,29.163469365635244,"(2, 0, 1)",31.25,0.2534814021331548,0.01756697018964563,0.5034693656352438,1,29.163469365635244
2024-07-27 20:00:00,24.96,31.50897989728429,"(1, 0, 4)",26.33,42.88913769503375,0.2623790022950437,6.5489798972842905,0,0.0
2024-07-28 20:00:00,21.11,29.10482178722836,"(1, 0, 4)",23.38,63.91717540954128,0.3787220173959432,7.994821787228361,0,0.0
2024-07-29 20:00:00,26.39,24.91883475814916,"(1, 0, 4)",29.02,2.164327168830043,0.05574707244603413,1.4711652418508407,1,24.91883475814916
2024-07-30 20:00:00,26.69,24.15113582838968,"(1, 0, 4)",30.68,6.44583128188656,0.09512417278420085,2.538864171610321,1,24.15113582838968
2024-07-31 20:00:00,24.75,28.035697265073683,"(1, 0, 4)",29.45,10.795806517712679,0.13275544505348214,3.285697265073683,1,28.035697265073683
2024-08-01 20:00:00,23.21,25.741441237921105,"(2, 0, 4)",25.09,6.408194741047533,0.10906683489535132,2.531441237921104,0,0.0
2024-08-02 20:00:00,21.54,24.2776776802384,"(1, 0, 4)",22.97,7.494879080875519,0.1270973853406872,2.737677680238402,0,0.0
2024-08-03 20:00:00,20.12,24.71793030712508,"(2, 0, 4)",21.39,21.140963109179324,0.2285253631771908,4.597930307125079,0,0.0
2024-08-04 20:00:00,18.89,22.028977818515624,"(1, 0, 4)",19.72,9.853181745133105,0.1661714038388366,3.138977818515624,0,0.0
2024-08-05 20:00:00,25.29,19.630632112757965,"(3, 0, 3)",32.45,32.02844488314636,0.22377888047615793,5.659367887242034,1,19.630632112757965
2024-08-06 20:00:00,27.25,24.63536852843916,"(1, 0, 3)",31.26,6.83629773207641,0.0959497787728749,2.614631471560841,1,24.63536852843916
2024-08-07 20:00:00,27.39,22.666338751963973,"(1, 0, 4)",31.85,22.31297558619728,0.17245933727769358,4.723661248036027,1,22.666338751963973
2024-08-08 20:00:00,29.33,26.655568823444813,"(3, 0, 3)",35.0,7.152582118130351,0.09118415194528419,2.674431176555185,1,26.655568823444813
2024-08-09 20:00:00,26.25,27.945712728608967,"(4, 0, 0)",27.67,2.8754416579664692,0.06459858013748447,1.6957127286089673,0,0.0
2024-08-10 20:00:00,23.66,26.154480494943417,"(1, 0, 3)",24.9,6.222432939653156,0.10543028296464146,2.494480494943417,0,0.0
2024-08-11 20:00:00,22.46,25.41112305570374,"(4, 0, 2)",24.46,8.709127289906176,0.13139461512483255,2.9511230557037393,0,0.0
2024-08-12 20:00:00,25.32,23.9916889909999,"(4, 0, 0)",27.91,1.7644101366308627,0.05246094032385859,1.3283110090000996,1,23.9916889909999
2024-08-13 20:00:00,27.88,25.682007012127524,"(3, 0, 1)",35.62,4.831173174736569,0.07883762510302994,2.1979929878724747,1,25.682007012127524
2024-08-14 20:00:00,30.93,27.712737499404312,"(1, 0, 3)",36.64,10.350777997739215,0.10401753962482016,3.2172625005956874,1,27.712737499404312
2024-08-15 20:00:00,29.1,28.38911108200497,"(2, 0, 3)",30.48,0.5053630537281469,0.02442917243969181,0.7108889179950317,1,28.38911108200497
2024-08-16 20:00:00,31.41,27.52941990500841,"(2, 0, 4)",41.09,15.058901873644936,0.12354600748142597,3.88058009499159,1,27.52941990500841
2024-08-17 20:00:00,27.9,31.22732548577891,"(1, 0, 0)",29.31,11.071094888313862,0.1192589779849072,3.3273254857789105,0,0.0
2024-08-18 20:00:00,24.62,27.84011404191902,"(1, 0, 0)",25.9,10.369134442964036,0.1307926093387091,3.220114041919018,0,0.0
2024-08-19 20:00:00,33.02,24.518362398942244,"(1, 0, 0)",42.3,72.27784189971912,0.25746933982609804,8.501637601057759,1,24.518362398942244
2024-08-20 20:00:00,28.24,31.06089218229037,"(1, 0, 0)",30.73,7.957432704106936,0.0998899497978177,2.820892182290372,0,0.0
2024-08-21 20:00:00,25.01,26.14336750590442,"(2, 0, 3)",26.85,1.2845219034399984,0.045316573606733974,1.1333675059044168,1,26.14336750590442
2024-08-22 20:00:00,24.28,26.149818612875624,"(1, 0, 2)",31.21,3.4962216450561177,0.07701065127164837,1.8698186128756227,1,26.149818612875624
2024-08-23 20:00:00,23.33,24.10537023383464,"(1, 0, 0)",25.0,0.6011989995167888,0.03323490072158778,0.7753702338346429,1,24.10537023383464
2024-08-24 20:00:00,21.25,18.63646521705563,"(1, 0, 0)",22.0,6.830564061660077,0.1229898721385586,2.6135347829443702,1,18.63646521705563
2024-08-25 20:00:00,19.86,26.37220379791351,"(3, 0, 3)",21.12,42.40879830555915,0.3279055285958465,6.512203797913511,0,0.0
2024-08-26 20:00:00,30.52,24.99902973224708,"(1, 0, 3)",37.61,30.481112697411735,0.18089679776385711,5.520970267752919,1,24.99902973224708
2024-08-27 20:00:00,29.82,28.483583069139083,"(2, 0, 4)",34.45,1.7860102130917133,0.044816127795470055,1.336416930860917,1,28.483583069139083
2024-08-28 20:00:00,29.04,26.680532917608254,"(1, 0, 2)",30.78,5.567084912890215,0.08124886647354496,2.3594670823917454,1,26.680532917608254
2024-08-29 20:00:00,29.9,26.572790520531164,"(3, 0, 4)",34.2,11.070322920267271,0.1112779090123356,3.3272094794688343,1,26.572790520531164
2024-08-30 20:00:00,29.05,26.58610767189507,"(1, 0, 4)",32.98,6.070765404494329,0.08481557067486849,2.4638923281049294,1,26.58610767189507
2024-08-31 20:00:00,26.13,25.50294956543153,"(1, 0, 3)",27.36,0.3931922474925079,0.02399733771789019,0.6270504345684706,1,25.50294956543153
2024-09-01 20:00:00,22.74,25.098630361298472,"(2, 0, 3)",24.14,5.563137181238968,0.10372165177214045,2.3586303612984736,0,0.0
2024-09-02 20:00:00,25.36,25.583180560136373,"(2, 0, 3)",29.08,0.0498095624227856,0.008800495273516321,0.22318056013637388,1,25.583180560136373
2024-09-03 20:00:00,29.97,26.315394746690732,"(1, 0, 2)",37.24,13.356139557515691,0.12194211722753644,3.654605253309267,1,26.315394746690732
2024-09-04 20:00:00,31.72,26.201674902656084,"(1, 0, 4)",40.92,30.45191187997573,0.1739698958809557,5.518325097343915,1,26.201674902656084
2024-09-05 20:00:00,28.41,21.3467187020431,"(1, 0, 4)",30.0,49.889942694067734,0.24861954586261534,7.063281297956902,1,21.3467187020431
2024-09-06 20:00:00,25.34,27.42662990803019,"(1, 0, 4)",26.69,4.354024373086079,0.0823453002379712,2.08662990803019,0,0.0
2024-09-07 20:00:00,22.89,26.984928683862385,"(1, 0, 2)",23.97,16.768440925918924,0.17889596696646504,4.094928683862385,0,0.0
2024-09-08 20:00:00,20.69,25.90848819805125,"(1, 0, 2)",22.49,27.23261907320015,0.25222272586037925,5.218488198051247,0,0.0
2024-09-09 20:00:00,21.1,25.26286269345375,"(1, 0, 2)",24.69,17.32942580454901,0.19729207077979857,4.16286269345375,0,0.0
2024-09-10 20:00:00,19.88,22.607185471566623,"(4, 0, 3)",21.07,7.437540596324071,0.13718236778504148,2.7271854715666244,0,0.0
2024-09-11 20:00:00,21.95,23.16252556621152,"(3, 0, 3)",26.32,1.470218248716571,0.055240344702119436,1.2125255662115215,1,23.16252556621152
2024-09-12 20:00:00,28.9,24.97236349004832,"(3, 0, 3)",38.02,15.426328554305403,0.1359043775069785,3.927636509951679,1,24.97236349004832
2024-09-13 20:00:00,23.31,28.29823329245998,"(2, 0, 3)",28.0,24.88247138000614,0.21399542224195542,4.988233292459981,0,0.0
2024-09-14 20:00:00,20.38,24.875912891921715,"(2, 0, 3)",21.55,20.213232731747887,0.2206041654524885,4.495912891921716,0,0.0
2024-09-15 20:00:00,17.88,22.650595578252307,"(3, 0, 3)",19.5,22.758582171240477,0.2668118332355877,4.770595578252308,0,0.0
2024-09-16 20:00:00,19.19,23.27753900534497,"(2, 0, 3)",21.43,16.707975120216535,0.21300359590124898,4.0875390053449685,0,0.0
2024-09-17 20:00:00,19.35,23.168429951699,"(2, 0, 3)",21.14,14.580407296032018,0.19733488122475445,3.818429951698999,0,0.0
2024-09-18 20:00:00,17.46,23.028946297764097,"(2, 0, 3)",18.7,31.013162867380437,0.31895454168179244,5.568946297764096,0,0.0
2024-09-19 20:00:00,16.76,22.32901825008376,"(2, 0, 3)",17.48,31.01396426976596,0.3322803251839951,5.569018250083758,0,0.0
2024-09-20 20:00:00,15.86,21.767181311277287,"(2, 0, 3)",16.59,34.89479104430366,0.37245783803766,5.907181311277288,0,0.0
2024-09-21 20:00:00,14.79,18.405707027253086,"(3, 0, 4)",15.31,13.073337306927359,0.24446971110568544,3.6157070272530873,0,0.0
2024-09-22 20:00:00,14.09,20.50712621762624,"(2, 0, 3)",14.82,41.17950889294605,0.4554383404986686,6.41712621762624,0,0.0
2024-09-23 20:00:00,19.15,20.35256863787136,"(2, 0, 4)",22.54,1.4461713287917837,0.06279731790450978,1.2025686378713623,1,20.35256863787136
2024-09-24 20:00:00,18.3,21.15076832267845,"(1, 0, 4)",19.06,8.126880029586891,0.15577968976384962,2.850768322678448,0,0.0
2024-09-25 20:00:00,16.93,19.174524448242074,"(2, 0, 2)",17.88,5.03788999875639,0.13257675417850412,2.2445244482420748,0,0.0
2024-09-26 20:00:00,15.37,18.37719280098604,"(2, 0, 3)",15.99,9.043208542302276,0.19565340279674964,3.007192800986042,0,0.0
2024-09-27 20:00:00,14.13,16.383467679358606,"(1, 0, 2)",14.62,5.078116581913859,0.1594810813417272,2.2534676793586055,0,0.0
2024-09-28 20:00:00,13.14,17.313292849064336,"(2, 0, 3)",14.05,17.416373204051517,0.3176021955147896,4.173292849064335,0,0.0
2024-09-29 20:00:00,13.55,16.0956505437112,"(2, 0, 4)",17.6,6.480336690697132,0.18787088883477496,2.5456505437112007,1,16.0956505437112
2024-09-30 20:00:00,13.51,14.456119731143948,"(2, 0, 3)",15.38,0.8951425456598973,0.0700310681823796,0.9461197311439484,1,14.456119731143948
2024-10-01 20:00:00,14.11,15.037633178815645,"(2, 0, 3)",15.97,0.8605033144396186,0.06574296093661554,0.9276331788156451,1,15.037633178815645
2024-10-02 20:00:00,13.79,15.582673652440535,"(2, 0, 1)",15.2,3.2136788241544916,0.12999808937204757,1.792673652440536,0,0.0
2024-10-03 20:00:00,13.42,14.996610338710775,"(3, 0, 4)",14.3,2.4857001601297064,0.11748214148366434,1.5766103387107755,0,0.0
2024-10-04 20:00:00,13.32,13.403161957518137,"(4, 0, 0)",13.99,0.006915911178248319,0.006243390204064292,0.08316195751813638,1,13.403161957518137
2024-10-05 20:00:00,12.48,14.498018138186133,"(2, 0, 4)",12.89,4.072397206048224,0.161700171329017,2.0180181381861324,0,0.0
2024-10-06 20:00:00,11.52,11.949017135586342,"(4, 0, 0)",12.13,0.18405570262670987,0.037241070797425536,0.42901713558634214,1,11.949017135586342
2024-10-07 20:00:00,12.33,11.832391137052754,"(4, 0, 0)",14.49,0.24761458048365076,0.04035757201518619,0.4976088629472457,1,11.832391137052754
2024-10-08 20:00:00,10.85,11.707517556590206,"(4, 0, 0)",12.49,0.7353363598604379,0.07903387618342916,0.8575175565902065,1,11.707517556590206
2024-10-09 20:00:00,9.98,10.934608905334596,"(4, 0, 0)",10.51,0.9112781621441142,0.09565219492330612,0.9546089053345952,0,0.0
2024-10-10 20:00:00,8.95,10.486392391491425,"(4, 0, 0)",9.34,2.3605015806327407,0.17166395435658385,1.5363923914914253,0,0.0
2024-10-11 20:00:00,12.56,9.782092387512291,"(4, 0, 0)",20.28,7.716770703517166,0.22117098825539086,2.7779076124877093,1,9.782092387512291
2024-10-12 20:00:00,11.58,9.29819013680351,"(4, 0, 0)",13.26,5.206656251780782,0.19704748386843604,2.2818098631964894,1,9.29819013680351
2024-10-13 20:00:00,9.76,9.02178429212906,"(4, 0, 0)",10.8,0.5449624313473916,0.0756368553146454,0.738215707870939,1,9.02178429212906
2024-10-14 20:00:00,29.99,9.825865083196444,"(4, 0, 0)",71.39,406.5923369430563,0.672361951210522,20.164134916803555,1,9.825865083196444
2024-10-15 20:00:00,27.38,17.567678573516503,"(1, 0, 2)",33.82,96.28165177662711,0.358375508637089,9.812321426483496,1,17.567678573516503
2024-10-16 20:00:00,18.62,14.827209295861907,"(1, 0, 2)",21.8,14.385261325396337,0.20369445242417258,3.7927907041380937,1,14.827209295861907
2024-10-17 20:00:00,19.31,15.313535271775272,"(2, 0, 2)",22.36,15.971730323944335,0.20696347634514378,3.9964647282247263,1,15.313535271775272
2024-10-18 20:00:00,16.37,15.72292496776004,"(1, 0, 2)",19.63,0.4187060973483466,0.039528102152716,0.647075032239961,1,15.72292496776004
2024-10-19 20:00:00,13.67,18.27609009875724,"(4, 0, 0)",15.12,21.216065997869485,0.3369488002017001,4.606090098757241,0,0.0
2024-10-20 20:00:00,11.5,13.271723923214966,"(4, 0, 0)",12.18,3.139005660092229,0.1540629498447796,1.7717239232149655,0,0.0
2024-10-21 20:00:00,13.82,15.396677253799366,"(2, 0, 3)",16.23,2.4859111626483092,0.11408663196811618,1.5766772537993656,1,15.396677253799366
2024-10-22 20:00:00,12.94,14.341836355943624,"(2, 0, 2)",13.84,1.9651451688452994,0.10833356691990914,1.4018363559436242,0,0.0
2024-10-23 20:00:00,13.15,13.812361883988022,"(2, 0, 2)",16.0,0.4387232653601609,0.05036972501810047,0.6623618839880212,1,13.812361883988022
2024-10-24 20:00:00,11.94,14.008014268509438,"(2, 0, 3)",12.76,4.276683014758628,0.1732005250007905,2.0680142685094385,0,0.0
2024-10-25 20:00:00,11.52,13.222877533236542,"(2, 0, 2)",12.66,2.8997918932017703,0.14781923031567207,1.702877533236542,0,0.0
2024-10-26 20:00:00,9.99,11.31117893861516,"(4, 0, 0)",10.6,1.745513787840282,0.13225014400552157,1.3211789386151604,0,0.0
2024-10-27 20:00:00,8.99,12.22184208096276,"(1, 0, 2)",9.47,10.444803236281706,0.3594930012194394,3.2318420809627604,0,0.0
2024-10-28 20:00:00,9.06,11.571123248325428,"(1, 0, 2)",10.39,6.305739968280446,0.27716592144872265,2.5111232483254273,0,0.0
2024-10-29 20:00:00,9.27,11.304897394693311,"(1, 0, 2)",10.73,4.1408074069296275,0.21951428205968845,2.0348973946933118,0,0.0
2024-10-30 20:00:00,8.87,11.351278372280747,"(1, 0, 2)",9.6,6.156742360748199,0.279738260685541,2.481278372280748,0,0.0
2024-10-31 20:00:00,8.27,8.182248061439266,"(4, 0, 0)",8.67,0.007700402721166823,0.0106108752794116,0.08775193856073393,1,8.182248061439266
2024-11-01 20:00:00,7.25,7.754352870950475,"(4, 0, 0)",7.99,0.2543718184359867,0.0695659132345483,0.5043528709504752,1,7.754352870950475
2024-11-02 20:00:00,6.83,7.787002649918712,"(4, 0, 0)",7.27,0.9158540719514365,0.14011751828970892,0.9570026499187119,0,0.0
2024-11-03 20:00:00,6.38,7.254534098040627,"(4, 0, 0)",6.78,0.7648098886357327,0.1370743100377158,0.8745340980406269,0,0.0
2024-11-04 20:00:00,8.2,6.7325529441637055,"(4, 0, 0)",11.45,2.1534008616826066,0.17895695802881634,1.4674470558362938,1,6.7325529441637055
2024-11-05 20:00:00,10.17,6.78217705264088,"(4, 0, 0)",14.88,11.477344322653034,0.33311926719362045,3.38782294735912,1,6.78217705264088
2024-11-06 20:00:00,18.8,6.951146070822811,"(4, 0, 0)",37.07,140.3953394349777,0.6302581877221909,11.848853929177189,1,6.951146070822811
2024-11-07 20:00:00,18.89,11.23214322220378,"(1, 0, 2)",26.66,58.64277042923952,0.4053921004656549,7.657856777796221,1,11.23214322220378
2024-11-08 20:00:00,14.36,10.80275349949127,"(4, 0, 0)",17.05,12.654002665381597,0.2477191156343126,3.557246500508729,1,10.80275349949127
2024-11-09 20:00:00,10.03,12.689664516177206,"(4, 0, 0)",11.1,7.073815338612136,0.26517093880131676,2.659664516177207,0,0.0
2024-11-10 20:00:00,7.05,9.82911374567071,"(1, 0, 2)",7.86,7.723473211375888,0.39420053130081,2.7791137456707107,0,0.0
2024-11-11 20:00:00,6.87,10.905403472322885,"(4, 0, 0)",8.37,16.28448118443559,0.5873949741372466,4.035403472322884,0,0.0
2024-11-12 20:00:00,9.94,8.767889730903082,"(3, 0, 4)",14.66,1.3738424829224476,0.11791853813852286,1.1721102690969172,1,8.767889730903082
2024-11-13 20:00:00,9.3,9.602231838443467,"(3, 0, 4)",10.39,0.09134408416891768,0.032498047144458767,0.30223183844346657,1,9.602231838443467
2024-11-14 20:00:00,8.09,8.354248982837866,"(3, 0, 3)",8.91,0.06982752493084704,0.032663656716670764,0.26424898283786646,1,8.354248982837866
2024-11-15 20:00:00,7.26,8.417911863752915,"(1, 0, 2)",7.98,1.340759884219749,0.15949199225246763,1.1579118637529149,0,0.0
2024-11-16 20:00:00,6.3,6.586532370810443,"(1, 0, 2)",6.9,0.08210079952225323,0.04548132870007032,0.286532370810443,1,6.586532370810443
2024-11-17 20:00:00,5.7,6.253134025830375,"(1, 0, 2)",6.14,0.30595725053131817,0.09704105716322371,0.5531340258303752,0,0.0
2024-11-18 20:00:00,8.19,7.16426160435835,"(1, 0, 2)",9.92,1.0521392562935055,0.1252427833506288,1.0257383956416497,1,7.16426160435835
2024-11-19 20:00:00,7.65,7.859758062824627,"(1, 0, 2)",8.39,0.043998444919939865,0.027419354617598205,0.20975806282462628,1,7.859758062824627
2024-11-20 20:00:00,6.95,6.565940512261181,"(4, 0, 1)",7.37,0.14750169012220393,0.05526035794803148,0.3840594877388188,1,6.565940512261181
2024-11-21 20:00:00,6.58,7.917996414086013,"(1, 0, 3)",7.2,1.7902344041070295,0.20334292007386215,1.337996414086013,0,0.0
2024-11-22 20:00:00,5.93,5.811275896916665,"(4, 0, 3)",6.84,0.014095412652942363,0.020020928007307762,0.11872410308333503,1,5.811275896916665
2024-11-23 20:00:00,5.44,4.790074129919234,"(2, 0, 2)",9.0,0.422403636600241,0.11947166729425848,0.6499258700807662,1,4.790074129919234
2024-11-24 20:00:00,5.52,4.6699336095837545,"(2, 0, 3)",6.94,0.722612868115304,0.1539975344956966,0.8500663904162451,1,4.6699336095837545
2024-11-25 20:00:00,9.83,8.022931487040195,"(2, 0, 3)",27.64,3.2654966105307626,0.18383199521462923,1.8070685129598054,1,8.022931487040195
2024-11-26 20:00:00,12.12,14.102383737555003,"(2, 0, 3)",16.02,3.929845282922548,0.16356301464975284,1.9823837375550042,1,14.102383737555003
2024-11-27 20:00:00,9.57,7.795772212387348,"(2, 0, 3)",10.5,3.1478842423368865,0.18539475314656761,1.7742277876126522,1,7.795772212387348
2024-11-28 20:00:00,8.22,19.911019243052245,"(4, 0, 3)",9.92,136.67993094141787,1.4222651147265502,11.691019243052244,0,0.0
2024-11-29 20:00:00,8.1,5.431404705660705,"(3, 0, 3)",8.87,7.121400844969829,0.32945620917769075,2.668595294339295,1,5.431404705660705
2024-11-30 20:00:00,7.21,6.82292809501018,"(3, 0, 3)",8.0,0.149824659632448,0.05368542371564767,0.3870719049898197,1,6.82292809501018
2024-12-01 20:00:00,6.58,5.847528606346759,"(2, 0, 3)",7.17,0.5365143425203212,0.11131784098073572,0.732471393653241,1,5.847528606346759
2024-12-02 20:00:00,7.14,7.997593909809869,"(2, 0, 3)",8.6,0.735467314142979,0.12011119185012181,0.8575939098098697,1,7.997593909809869
2024-12-03 20:00:00,8.68,7.7120014039854,"(2, 0, 3)",11.12,0.9370212818862368,0.1115205755777189,0.9679985960146,1,7.7120014039854
2024-12-04 20:00:00,19.66,7.9570590663170515,"(1, 0, 3)",32.61,136.95882649727196,0.5952665785189699,11.70294093368295,1,7.9570590663170515
2024-12-05 20:00:00,13.9,9.781413156044344,"(3, 0, 3)",16.55,16.96275759120461,0.29630121179537094,4.118586843955656,1,9.781413156044344
2024-12-06 20:00:00,11.67,10.518110932613704,"(4, 0, 0)",14.02,1.3268484235640714,0.09870514716249325,1.1518890673862963,1,10.518110932613704
2024-12-07 20:00:00,9.45,8.776198808613703,"(4, 0, 0)",9.89,0.4540080455135922,0.07130171337421125,0.6738011913862962,1,8.776198808613703
2024-12-08 20:00:00,7.58,9.670036231619706,"(4, 0, 0)",8.33,4.368251449483101,0.275730373564605,2.090036231619706,0,0.0
2024-12-09 20:00:00,7.53,7.002439062700178,"(1, 0, 3)",8.18,0.2783205425646667,0.0700612134528316,0.527560937299822,1,7.002439062700178
2024-12-10 20:00:00,9.62,8.582582660828798,"(4, 0, 0)",11.47,1.0762347356130546,0.1078396402464866,1.037417339171201,1,8.582582660828798
2024-12-11 20:00:00,14.31,8.49649629311836,"(4, 0, 0)",21.03,33.79682534992657,0.40625462661646683,5.81350370688164,1,8.49649629311836
2024-12-12 20:00:00,24.86,15.797405950129404,"(2, 0, 3)",36.88,82.13061091274992,0.3645452151999435,9.062594049870595,1,15.797405950129404
2024-12-13 20:00:00,20.24,13.474918546447082,"(1, 0, 3)",28.64,45.76632707320564,0.33424315481980815,6.7650814535529165,1,13.474918546447082
2024-12-14 20:00:00,12.71,9.444159236573398,"(4, 0, 0)",14.34,10.665715892058856,0.25695049279516935,3.2658407634266027,1,9.444159236573398
2024-12-15 20:00:00,8.88,9.904445657713527,"(1, 0, 3)",11.26,1.0494889056080996,0.11536550199476647,1.0244456577135264,1,9.904445657713527
2024-12-16 20:00:00,8.73,10.808261986519144,"(1, 0, 3)",10.43,4.319172884610495,0.23805979227023402,2.078261986519143,0,0.0
2024-12-17 20:00:00,10.22,13.039951870795209,"(1, 0, 3)",13.71,7.952128553601393,0.27592484058661526,2.819951870795208,1,13.039951870795209
2024-12-18 20:00:00,9.13,7.508018042185975,"(1, 0, 3)",10.45,2.6308254714742216,0.1776541027178561,1.6219819578140262,1,7.508018042185975
2024-12-19 20:00:00,9.32,9.780780819551865,"(1, 0, 3)",10.44,0.21231896366688777,0.04944000209783952,0.46078081955186434,1,9.780780819551865
2024-12-20 20:00:00,9.15,10.284310726795256,"(1, 0, 3)",10.32,1.2866608249227822,0.12396838544210449,1.1343107267952561,1,10.284310726795256
2024-12-21 20:00:00,7.97,6.51153843623964,"(1, 0, 2)",8.6,2.1271101329663145,0.18299392268009534,1.45846156376036,1,6.51153843623964
2024-12-22 20:00:00,6.73,9.764100422798096,"(1, 0, 2)",7.11,9.205765375623583,0.4508321579194793,3.0341004227980957,0,0.0
2024-12-23 20:00:00,6.89,9.18665442439858,"(2, 0, 3)",8.9,5.274621545109571,0.3333315565164847,2.2966544243985796,0,0.0
2024-12-24 20:00:00,7.26,9.882706391470505,"(2, 0, 3)",7.85,6.878588815860237,0.36125432389400897,2.622706391470505,0,0.0
2024-12-25 20:00:00,6.36,9.534657023821378,"(3, 0, 3)",6.86,10.078447218898408,0.49915990940587696,3.1746570238213776,0,0.0
2024-12-26 20:00:00,5.76,8.417900252211627,"(3, 0, 3)",5.99,7.064433750706632,0.4614410160089631,2.6579002522116273,0,0.0
2024-12-27 20:00:00,5.85,7.841622083718073,"(2, 0, 3)",7.56,3.966558524353519,0.34044821943898684,1.991622083718073,0,0.0
2024-12-28 20:00:00,5.66,7.051761323461556,"(3, 0, 3)",7.23,1.936999581483462,0.24589422675999223,1.391761323461556,1,7.051761323461556
2024-12-29 20:00:00,5.19,4.502773222456463,"(1, 0, 2)",5.8,0.4722806437728741,0.1324136372916256,0.687226777543537,1,4.502773222456463
2024-12-30 20:00:00,5.04,5.852557593074152,"(2, 0, 3)",5.89,0.6602498420624584,0.16122174465756975,0.8125575930741515,1,5.852557593074152
2024-12-31 20:00:00,4.54,3.8334675409649055,"(1, 0, 2)",8.96,0.49918811567017757,0.15562388965530716,0.7065324590350945,1,3.8334675409649055
2025-01-01 20:00:00,5.0,4.434759013501285,"(2, 0, 3)",5.93,0.3194973728180404,0.11304819729974298,0.5652409864987149,1,4.434759013501285
2025-01-02 20:00:00,5.78,6.853337797526102,"(3, 0, 4)",7.59,1.1520540275981825,0.18569858088686877,1.0733377975261016,1,6.853337797526102
2025-01-03 20:00:00,5.71,5.968859405781967,"(2, 0, 3)",6.1,0.06700819196179321,0.045334396809451366,0.2588594057819673,1,5.968859405781967
2025-01-04 20:00:00,6.18,7.130018610867801,"(2, 0, 4)",10.88,0.9025353609951876,0.15372469431517827,0.9500186108678017,1,7.130018610867801
2025-01-05 20:00:00,5.49,3.870260142585981,"(2, 0, 3)",6.42,2.623557205695588,0.2950345824069252,1.6197398574140194,1,3.870260142585981
2025-01-06 20:00:00,4.99,6.544203019511727,"(2, 0, 3)",5.45,2.4155470258593685,0.31146353096427387,1.5542030195117267,0,0.0
2025-01-07 20:00:00,5.02,5.13439751810861,"(2, 0, 3)",5.55,0.013086792149409877,0.022788350220838756,0.11439751810861054,1,5.13439751810861
2025-01-08 20:00:00,6.07,6.336588010756572,"(2, 0, 3)",7.45,0.07106916747914621,0.04391894740635455,0.2665880107565721,1,6.336588010756572
2025-01-09 20:00:00,5.54,4.589492400156358,"(2, 0, 3)",6.21,0.9034646973605216,0.17157176892484519,0.9505075998436423,1,4.589492400156358
2025-01-10 20:00:00,5.76,6.734967225059045,"(2, 0, 3)",6.8,0.9505610899393355,0.16926514323941763,0.9749672250590455,1,6.734967225059045
2025-01-11 20:00:00,5.03,5.595602697313218,"(2, 0, 3)",5.46,0.3199064112079877,0.11244586427698171,0.565602697313218,0,0.0
2025-01-12 20:00:00,4.69,5.122043343296301,"(1, 0, 3)",6.11,0.18666145048664531,0.09212011584142875,0.4320433432963009,1,5.122043343296301
2025-01-13 20:00:00,5.51,5.858429441388174,"(4, 0, 2)",7.42,0.12140307562607522,0.06323583328279027,0.34842944138817433,1,5.858429441388174
2025-01-14 20:00:00,5.72,4.583478116965392,"(4, 0, 2)",6.72,1.2916819906165296,0.19869263689416214,1.1365218830346073,1,4.583478116965392
2025-01-15 20:00:00,19.6,5.0755943692149055,"(1, 0, 2)",29.11,210.95835892758183,0.7410411036114845,14.524405630785097,1,5.0755943692149055
2025-01-16 20:00:00,13.37,13.392045284320783,"(2, 0, 2)",16.16,0.00048599456078421015,0.001648861953686172,0.02204528432078412,1,13.392045284320783
2025-01-17 20:00:00,9.36,10.17916406122671,"(2, 0, 3)",10.47,0.6710297592054366,0.08751752790883652,0.8191640612267097,1,10.17916406122671
2025-01-18 20:00:00,6.7,7.939733930197218,"(2, 0, 3)",7.89,1.5369402176822409,0.18503491495480867,1.2397339301972181,0,0.0
2025-01-19 20:00:00,5.29,6.797602445115824,"(2, 0, 3)",6.11,2.27286513251921,0.28499101041887026,1.5076024451158236,0,0.0
2025-01-20 20:00:00,10.42,5.744982848391263,"(2, 0, 3)",14.18,21.855785367835864,0.4486580759701283,4.675017151608737,1,5.744982848391263
2025-01-21 20:00:00,10.27,9.222080543643465,"(2, 0, 3)",16.8,1.098135187010576,0.102036948038611,1.047919456356535,1,9.222080543643465
2025-01-22 20:00:00,9.11,7.479736161214543,"(4, 0, 0)",11.74,2.657760184051493,0.1789532205033432,1.6302638387854564,1,7.479736161214543
2025-01-23 20:00:00,7.76,5.098670410136626,"(4, 0, 0)",8.93,7.082675185882352,0.34295484405455845,2.6613295898633735,1,5.098670410136626
2025-01-24 20:00:00,6.44,7.562693537561629,"(2, 0, 2)",7.43,1.2604407792826446,0.17433129465242683,1.122693537561629,0,0.0
2025-01-25 20:00:00,5.97,7.540567085297821,"(2, 0, 2)",7.13,2.4666809694208927,0.26307656370147753,1.5705670852978209,0,0.0
2025-01-26 20:00:00,5.27,5.111003996868628,"(2, 0, 3)",6.37,0.025279729011751174,0.030170019569520257,0.15899600313137174,1,5.111003996868628
2025-01-27 20:00:00,5.17,5.680476826335692,"(2, 0, 3)",6.27,0.26058659022576025,0.0987382642815652,0.510476826335692,1,5.680476826335692
2025-01-28 20:00:00,5.42,5.778634583853695,"(2, 0, 2)",6.24,0.12861876473591335,0.0661687424084309,0.3586345838536955,1,5.778634583853695
2025-01-29 20:00:00,5.55,6.053881505851072,"(2, 0, 3)",5.93,0.2538965719387439,0.09078946051370666,0.5038815058510719,0,0.0
2025-01-30 20:00:00,6.67,7.155718763689304,"(2, 0, 2)",7.68,0.23592271739986606,0.07282140385146989,0.4857187636893041,1,7.155718763689304
2025-01-31 20:00:00,6.57,6.644001349154018,"(2, 0, 2)",7.38,0.005476199676614834,0.011263523463320803,0.07400134915401768,1,6.644001349154018
2025-02-01 20:00:00,6.01,6.577117210839511,"(2, 0, 2)",6.66,0.3216219308303862,0.09436226469875389,0.5671172108395108,1,6.577117210839511
2025-02-02 20:00:00,5.54,6.252822451777426,"(3, 0, 3)",5.9,0.5081158477579811,0.12866831259520328,0.7128224517774262,0,0.0
2025-02-03 20:00:00,9.71,5.696098588130732,"(2, 0, 2)",12.46,16.111404544206113,0.41337810626871974,4.013901411869269,1,5.696098588130732
2025-02-04 20:00:00,8.41,8.45302163385549,"(2, 0, 3)",9.32,0.0018508609795958686,0.005115533157608834,0.04302163385549029,1,8.45302163385549
2025-02-05 20:00:00,7.65,6.721815291406983,"(1, 0, 4)",8.38,0.861526853265904,0.12133133445660353,0.928184708593017,1,6.721815291406983
2025-02-06 20:00:00,6.85,7.00821503177274,"(3, 0, 4)",7.94,0.025031996278849195,0.023097084930327038,0.1582150317727402,1,7.00821503177274
2025-02-07 20:00:00,6.16,5.362410107968396,"(1, 0, 4)",6.59,0.6361496358709865,0.12947887857655915,0.7975898920316045,1,5.362410107968396
2025-02-08 20:00:00,5.68,6.399184583718052,"(1, 0, 3)",6.06,0.5172264654577077,0.12661700417571337,0.7191845837180519,0,0.0
2025-02-09 20:00:00,5.18,5.519884363235881,"(2, 0, 3)",5.47,0.1155213803722603,0.06561474193742876,0.339884363235881,0,0.0
2025-02-10 20:00:00,4.72,4.436985166354055,"(1, 0, 3)",5.17,0.08009739606364182,0.059960769840242546,0.2830148336459448,1,4.436985166354055
2025-02-11 20:00:00,4.87,4.607110292934754,"(1, 0, 4)",5.83,0.06911099808085076,0.053981459356313315,0.26288970706524584,1,4.607110292934754
2025-02-12 20:00:00,5.43,5.069061345154564,"(1, 0, 4)",6.75,0.1302767125616325,0.06647120715385556,0.36093865484543564,1,5.069061345154564
2025-02-13 20:00:00,5.73,5.310873182354385,"(1, 0, 4)",6.38,0.17566728926974107,0.0731460414739294,0.41912681764561555,1,5.310873182354385
2025-02-14 20:00:00,12.69,5.359561457006849,"(1, 0, 4)",19.29,53.73532923259955,0.5776547315203429,7.330438542993151,1,5.359561457006849
2025-02-15 20:00:00,8.56,9.422165222310309,"(1, 0, 3)",10.36,0.7433288705613829,0.1007202362512042,0.862165222310308,1,9.422165222310309
2025-02-16 20:00:00,6.12,8.110145252717151,"(1, 0, 3)",6.8,3.960678126912614,0.32518713279692013,1.9901452527171513,0,0.0
2025-02-17 20:00:00,9.89,5.659113613658062,"(1, 0, 3)",14.08,17.900399614133548,0.4277943767787602,4.230886386341939,1,5.659113613658062
2025-02-18 20:00:00,7.96,7.609576671733114,"(1, 0, 3)",9.33,0.12279650899364163,0.04402303118930726,0.3504233282668858,1,7.609576671733114
2025-02-19 20:00:00,6.95,6.47149322372466,"(1, 0, 3)",7.93,0.2289687349414186,0.06884989586695545,0.47850677627534033,1,6.47149322372466
2025-02-20 20:00:00,6.2,5.354527336351087,"(1, 0, 4)",6.44,0.714824024977589,0.13636655865305058,0.8454726636489136,1,5.354527336351087
2025-02-21 20:00:00,5.41,4.939329368380544,"(1, 0, 4)",5.76,0.22153084346905808,0.08700011675036164,0.47067063161945644,1,4.939329368380544
2025-02-22 20:00:00,4.79,4.532741735401676,"(1, 0, 4)",5.29,0.06618181470414124,0.05370736212908641,0.2572582645983239,1,4.532741735401676
2025-02-23 20:00:00,4.39,4.450092927957345,"(1, 0, 3)",5.36,0.003611159990486736,0.013688594067732499,0.060092927957345665,1,4.450092927957345
2025-02-24 20:00:00,5.78,4.152588811374925,"(1, 0, 4)",10.66,2.6484671768620798,0.2815590291738884,1.627411188625075,1,4.152588811374925
2025-02-25 20:00:00,9.61,4.78257200911664,"(1, 0, 4)",12.14,23.304061007164147,0.5023338179899438,4.8274279908833595,1,4.78257200911664
2025-02-26 20:00:00,8.85,7.864307070506377,"(1, 0, 4)",10.03,0.97159055125372,0.11137773214617207,0.9856929294936227,1,7.864307070506377
2025-02-27 20:00:00,7.96,7.959486831381566,"(1, 0, 4)",8.35,2.633420309450969e-07,6.44684194012118e-05,0.0005131686184336459,1,7.959486831381566
2025-02-28 20:00:00,7.23,6.195630512116445,"(1, 0, 4)",8.36,1.0699202374644892,0.1430663192093438,1.0343694878835556,1,6.195630512116445
