DATE,ACTUAL_VALUE,D+1,MARGINAL_PRICE,RMSE,MAPE,MAE,ACCEPTANCE,REVENUE
2023-12-03 08:00:00,3.419999998157288,2.941292174041589,4.01,0.22916118086958723,0.1399730480624647,0.47870782411569923,1,2.941292174041589
2023-12-04 08:00:00,2.840000045418356,3.346473997802089,3.31,0.2565158644431998,0.17833589587465132,0.5064739523837329,0,0.0
2023-12-05 08:00:00,2.3999999130651632,2.7974436691100086,3.0,0.15796153921903458,0.1656015710172462,0.3974437560448454,1,2.7974436691100086
2023-12-06 08:00:00,2.5200000760569288,2.35533952592491,10.39,0.02711309676977902,0.06534148617553408,0.16466055013201863,1,2.35533952592491
2023-12-07 08:00:00,3.6500001234807766,2.214356623667463,4.9,2.06107225855622,0.39332697294383384,1.4356434998133136,1,2.214356623667463
2023-12-08 08:00:00,3.3000000870172257,3.9636155070267503,4.0,0.4403854256744177,0.2010955765184077,0.6636154200095246,1,3.9636155070267503
2023-12-09 08:00:00,3.759999819132221,3.151762362424867,5.34,0.36995280374182987,0.16176528882060695,0.6082374567073536,1,3.151762362424867
2023-12-10 08:00:00,9.170000564454384,9.669798180885282,17.0,0.24979765739000742,0.05450355350775667,0.4997976164308984,1,9.669798180885282
2023-12-11 08:00:00,6.7399999078455295,7.267606007507757,8.27,0.2783681964007882,0.07827983781543982,0.5276060996622274,1,7.267606007507757
2023-12-12 08:00:00,4.379999832336359,4.295078597701806,5.38,0.007211616091856828,0.019388410476092386,0.08492123463455314,1,4.295078597701806
2023-12-13 08:00:00,4.020000079692996,3.6270456366937727,4.64,0.15441319427282968,0.09774985950478705,0.3929544429992231,1,3.6270456366937727
2023-12-14 08:00:00,3.2799999652492318,3.215873540119192,3.67,0.004112198399958621,0.01955073957604975,0.06412642513003997,1,3.215873540119192
2023-12-15 08:00:00,2.949999970043486,2.9881123548707444,3.33,0.0014525538772210383,0.012919452615010233,0.03811238482725843,1,2.9881123548707444
2023-12-16 08:00:00,3.1500000420575502,3.4557962203371444,3.9,0.09351130265040533,0.09707815053864284,0.30579617827959416,1,3.4557962203371444
2023-12-17 08:00:00,11.460000190056224,6.773901502615447,21.7,21.95952090843417,0.4089091282482593,4.686098687440777,1,6.773901502615447
2023-12-18 08:00:00,8.099999853504144,9.189599018089092,9.9,1.1872263394642169,0.13451841781374554,1.089599164584948,1,9.189599018089092
2023-12-19 08:00:00,5.720000067795191,5.678337302211148,6.86,0.0017357860361109849,0.00728370019060209,0.041662765584043804,1,5.678337302211148
2023-12-20 08:00:00,5.400000237012785,4.618695300690537,6.96,0.6104374035215115,0.14468609296848034,0.7813049363222477,1,4.618695300690537
2023-12-21 08:00:00,7.549999397781015,6.465850233889427,12.21,1.17537940956683,0.1435959272010307,1.0841491638915883,1,6.465850233889427
2023-12-22 08:00:00,9.639999386920806,10.17332851046538,12.33,0.28443995402082334,0.05532460139657011,0.5333291235445738,1,10.17332851046538
2023-12-23 08:00:00,9.31000007223327,11.529404712590106,11.79,4.925756957637453,0.23838932579346878,2.219404640356835,1,11.529404712590106
2023-12-24 08:00:00,15.749998885811843,9.524979720878669,22.8,38.75086360378531,0.39523934001931216,6.225019164933174,1,9.524979720878669
2023-12-25 08:00:00,14.660001007746128,16.143351576542695,18.0,2.2003289099490986,0.10118352434033165,1.483350568796567,1,16.143351576542695
2023-12-26 08:00:00,11.940000971136888,12.83231696053496,13.71,0.7962278249354615,0.07473332636698349,0.8923159893980728,1,12.83231696053496
2023-12-27 08:00:00,7.249999577718071,7.925427897285396,8.98,0.4562034148735414,0.09316253226319718,0.6754283195673256,1,7.925427897285396
2023-12-28 08:00:00,7.889999327604473,8.063627240168188,10.11,0.030146652021233067,0.022006074443662996,0.17362791256371501,1,8.063627240168188
2023-12-29 08:00:00,9.190000351305208,7.978756241309845,12.15,1.4671122939984607,0.13180022455857002,1.2112441099953637,1,7.978756241309845
2023-12-30 08:00:00,8.980000616970852,8.105231721750952,10.14,0.7652206200442435,0.09741301059230639,0.8747688952198995,1,8.105231721750952
2023-12-31 08:00:00,10.530000746224312,7.509334158385068,16.38,9.124426634888383,0.28686290349241894,3.0206665878392442,1,7.509334158385068
2024-01-01 08:00:00,13.06999970863618,11.039494800629043,23.08,4.1229501814410705,0.15535615556788826,2.0305049080071367,1,11.039494800629043
2024-01-02 08:00:00,9.420000705747965,11.035428749073732,11.37,2.609607763163318,0.17148916372586404,1.6154280433257675,1,11.035428749073732
2024-01-03 08:00:00,8.749999859630451,9.806230903076036,10.0,1.1156240171381497,0.12071212118741614,1.0562310434455853,1,9.806230903076036
2024-01-04 08:00:00,7.230000569337311,7.358889724034672,7.91,0.016612414198600187,0.017826990947135496,0.12888915469736073,1,7.358889724034672
2024-01-05 08:00:00,5.509999548741079,5.6675416828526215,6.29,0.024819524020419276,0.02859204120035504,0.1575421341115426,1,5.6675416828526215
2024-01-06 08:00:00,4.950000334010722,4.513351966783607,5.71,0.19066179660210575,0.08821178540675417,0.4366483672271153,1,4.513351966783607
2024-01-07 08:00:00,4.860000249133216,4.631411724706003,5.91,0.05225271349981055,0.0470346733969781,0.228588524427213,1,4.631411724706003
2024-01-08 08:00:00,4.240000351803452,4.137885905542826,4.57,0.010427360135114284,0.024083593817909102,0.10211444626062605,1,4.137885905542826
2024-01-09 08:00:00,3.56000005949449,3.407040837570651,3.89,0.02339652357154621,0.04296607285606583,0.15295922192383893,1,3.407040837570651
2024-01-10 08:00:00,3.039999851172164,2.822845661973465,3.97,0.047155941886544456,0.07143230257559678,0.21715418919869922,1,2.822845661973465
2024-01-11 08:00:00,2.9799999767461403,2.461814587125402,3.3,0.2685160980163963,0.17388771599473113,0.5181853896207382,1,2.461814587125402
2024-01-12 08:00:00,2.549999853389677,2.3130241014551998,2.73,0.05615750700491081,0.09293167276832143,0.23697575193447706,1,2.3130241014551998
2024-01-13 08:00:00,3.5099998547109874,3.1731441734607317,5.76,0.11347174999057384,0.09597028353096393,0.33685568125025567,1,3.1731441734607317
2024-01-14 08:00:00,4.289999818279617,3.779854817937127,4.88,0.26024792137443925,0.11891492353187774,0.5101450003424901,1,3.779854817937127
2024-01-15 08:00:00,3.529999957839756,4.114030436884512,4.01,0.3410916004532473,0.16544772975072883,0.5840304790447561,0,0.0
2024-01-16 08:00:00,2.739999860850624,2.636604773316619,3.18,0.010690544126164615,0.03773543532294436,0.10339508753400528,1,2.636604773316619
2024-01-17 08:00:00,2.2700000224933574,2.092957863004428,2.5,0.031343926236503485,0.07799213997120011,0.17704215948892932,1,2.092957863004428
2024-01-18 08:00:00,1.800000077602233,2.0474368984484546,2.01,0.06122498031048519,0.13746489454368827,0.24743682084622165,0,0.0
2024-01-19 08:00:00,1.9000000579630376,1.6063925841592572,2.94,0.08620534867343758,0.1545302446561779,0.2936074738037804,1,1.6063925841592572
2024-01-20 08:00:00,3.200000071350811,2.2415908279183223,4.9,0.9185482778968358,0.29950288189459856,0.9584092434324889,1,2.2415908279183223
2024-01-21 08:00:00,5.030000301253399,3.7579785229644473,8.27,1.6180394044413877,0.2528870183113078,1.272021778288952,1,3.7579785229644473
2024-01-22 08:00:00,4.879999536159005,8.591970515227324,5.99,13.778728549445413,0.7606498630919893,3.711970979068319,0,0.0
2024-01-23 08:00:00,4.200000359242698,4.377379610664884,4.77,0.0314633988350952,0.04223315148815121,0.17737925142218636,1,4.377379610664884
2024-01-24 08:00:00,3.8900001983542234,4.8044728487540285,4.74,0.8362602283292441,0.2350829315604403,0.9144726503998051,0,0.0
2024-01-25 08:00:00,3.800000108081283,3.1194026159066817,6.0,0.46321294635435634,0.1791045981096701,0.6805974921746012,1,3.1194026159066817
2024-01-26 08:00:00,3.8700001595334856,2.807525433767432,4.5,1.1288525428916514,0.2745412614903177,1.0624747257660538,1,2.807525433767432
2024-01-27 08:00:00,3.720000046740696,3.442298384694167,4.47,0.07711821310340468,0.07465098348314253,0.27770166204652913,1,3.442298384694167
2024-01-28 08:00:00,3.989999873187912,3.002148612753918,6.35,0.9758501127410305,0.24758177740109177,0.987851260433994,1,3.002148612753918
2024-01-29 08:00:00,3.5900000514825474,4.294660628899779,4.11,0.496546529365986,0.19628428058830547,0.7046605774172314,0,0.0
2024-01-30 08:00:00,3.0299999153277497,2.9426674568670563,3.52,0.007626958300788734,0.02882259435682089,0.08733245846069337,1,2.9426674568670563
2024-01-31 08:00:00,2.639999888698989,2.6045184752127417,2.95,0.0012589307029820544,0.013439929917471638,0.03548141348624734,1,2.6045184752127417
2024-02-01 08:00:00,2.6499998909665177,3.769991816557973,3.11,1.2543819133900558,0.4226384798766794,1.1199919255914552,0,0.0
2024-02-02 08:00:00,2.750000150397085,2.539425785560557,4.13,0.04434156312630717,0.07657249211645394,0.21057436483652792,1,2.539425785560557
2024-02-03 08:00:00,5.060000217427241,4.759026792493655,8.81,0.09058500251625294,0.059480911462611766,0.30097342493358603,1,4.759026792493655
2024-02-04 08:00:00,7.990000188026991,5.964689017164922,12.1,4.1018853388186844,0.25348074132676446,2.025311170862069,1,5.964689017164922
2024-02-05 08:00:00,6.470000458926738,7.301568285075549,7.95,0.6915050494858582,0.12852670280749148,0.8315678261488104,1,7.301568285075549
2024-02-06 08:00:00,5.660000469583088,6.008312455794438,6.15,0.12132123973849548,0.0615392150730698,0.34831198621134973,1,6.008312455794438
2024-02-07 08:00:00,3.970000147695501,4.7460260336657445,4.49,0.6022161756959015,0.1954725080856004,0.7760258859702436,0,0.0
2024-02-08 08:00:00,2.830000075045921,2.536220672178332,3.22,0.08630633754923733,0.10380897352549444,0.2937794028675893,1,2.536220672178332
2024-02-09 08:00:00,2.659999879070447,2.704880832595685,2.99,0.002014299989334565,0.016872539686325787,0.04488095352523791,1,2.704880832595685
2024-02-10 08:00:00,2.470000114757467,2.25348859400396,2.7,0.04687723861899615,0.08765648206245782,0.21651152075350666,1,2.25348859400396
2024-02-11 08:00:00,3.120000081589348,3.2543603296270063,4.37,0.0180526762527411,0.04306418093720513,0.13436024803765845,1,3.2543603296270063
2024-02-12 08:00:00,2.639999888698989,2.4960791496363424,2.99,0.020713179132338437,0.05451543376146575,0.14392073906264669,1,2.4960791496363424
2024-02-13 08:00:00,2.190000026638439,2.32725460934546,2.52,0.018838820474078425,0.06267332467465814,0.13725458270702084,1,2.32725460934546
2024-02-14 08:00:00,1.9300001134633171,1.9882237995097969,2.2,0.003389997616839042,0.03016771120391253,0.05822368604647976,1,1.9882237995097969
2024-02-15 08:00:00,1.579999987180015,1.6257004323990685,1.91,0.0020885306932197077,0.028924332651812018,0.045700445219053476,1,1.6257004323990685
2024-02-16 08:00:00,1.9600000252106389,1.451267494438106,11.7,0.258808787866226,0.2595574103208799,0.5087325307725328,1,1.451267494438106
2024-02-17 08:00:00,3.0999999156293288,2.454743655923745,5.2,0.41635564068923947,0.20814718621519399,0.6452562597055835,1,2.454743655923745
2024-02-18 08:00:00,4.180000035109941,3.3829473202732894,6.19,0.6352930302284773,0.190682466062632,0.797052714836652,1,3.3829473202732894
2024-02-19 08:00:00,3.5099998547109874,4.999339856172513,4.09,2.218133639953418,0.4243134082933339,1.489340001461526,0,0.0
2024-02-20 08:00:00,2.850000103055544,3.1767983119797107,3.39,0.10679706935604322,0.11466603407270036,0.32679820892416656,1,3.1767983119797107
2024-02-21 08:00:00,2.5799998845171506,3.1359031889696745,2.97,0.3090284839012355,0.2154664067190692,0.5559033044525239,0,0.0
2024-02-22 08:00:00,2.6800001318309645,2.84339967450641,3.68,0.02669941054654475,0.06096997561108763,0.16339954267544554,1,2.84339967450641
2024-02-23 08:00:00,4.75999952570118,4.615890408958668,6.5,0.02076743752830693,0.03027502754242054,0.14410911674251192,1,4.615890408958668
2024-02-24 08:00:00,4.129999937434157,3.006616779366815,5.16,1.2619897198293544,0.27200561140087226,1.123383158067342,1,3.006616779366815
2024-02-25 08:00:00,4.399999985278656,3.750044210765839,5.81,0.4224425088225562,0.14771722197441212,0.6499557745128173,1,3.750044210765839
2024-02-26 08:00:00,3.56000005949449,3.962485735749615,4.15,0.16199471959054546,0.11305777233955358,0.4024856762551252,1,3.962485735749615
2024-02-27 08:00:00,2.8000001309596634,2.9737688505595306,3.13,0.03019556791137726,0.06206025409731328,0.17376871959986717,1,2.9737688505595306
2024-02-28 08:00:00,2.300000058674018,2.354433618515207,2.7,0.0029630124369842948,0.02366676454459337,0.05443355984118892,1,2.354433618515207
2024-02-29 08:00:00,2.690000099386065,2.4649962094912032,4.29,0.05062675046781912,0.08364456564377606,0.22500388989486186,1,2.4649962094912032
2024-03-01 08:00:00,2.600000028802232,2.4726951549597125,2.89,0.016206530904059758,0.0489634124739476,0.12730487384251932,1,2.4726951549597125
2024-03-02 08:00:00,2.959999985601336,2.6489066403974686,4.05,0.09677906943013256,0.10509910362066015,0.31109334520386733,1,2.6489066403974686
2024-03-03 08:00:00,4.630000291798645,3.396293432800284,7.9,1.522032613939601,0.26645934800127086,1.2337068589983606,1,3.396293432800284
2024-03-04 08:00:00,3.120000081589348,4.416052542144078,3.85,1.6797519805099697,0.41540141880205095,1.29605246055473,0,0.0
2024-03-05 08:00:00,2.7899999613108992,2.96793882371042,3.07,0.03166223875203561,0.06377737092007525,0.17793886239952084,1,2.96793882371042
2024-03-06 08:00:00,2.2799998974427664,2.4062876517084,2.65,0.015948596877457043,0.05538936839746225,0.12628775426563355,1,2.4062876517084
2024-03-07 08:00:00,2.2099999273395574,2.155617910830585,2.64,0.0029574037195821403,0.024607248098165557,0.05438201650897234,1,2.155617910830585
2024-03-08 08:00:00,3.019999908510618,2.2887284918663724,4.55,0.534757884800882,0.2421428605290551,0.7312714166442458,1,2.2887284918663724
2024-03-09 08:00:00,7.029999697113908,4.341692199301345,9.27,7.226997202795242,0.3824050659513142,2.6883074978125627,1,4.341692199301345
2024-03-10 08:00:00,8.710000135944707,9.464254132874665,12.63,0.5688990918848164,0.08659632435793864,0.7542539969299575,1,9.464254132874665
2024-03-11 08:00:00,5.710000429255439,6.909225079336249,6.78,1.4381397613614404,0.21002181434812672,1.1992246500808097,0,0.0
2024-03-12 08:00:00,4.069999981122028,4.605737215703608,4.57,0.28701438451711897,0.13163077077801033,0.5357372345815801,0,0.0
2024-03-13 08:00:00,3.219999958870269,3.601042469810662,3.61,0.1451933951437595,0.11833618503339392,0.381042510940393,1,3.601042469810662
2024-03-14 08:00:00,2.8000001309596634,2.9736813120385595,3.16,0.030165152660960287,0.06202899034128585,0.17368118107889607,1,2.9736813120385595
2024-03-15 08:00:00,2.730000094606438,3.6724262963153462,3.16,0.8881671456674793,0.34521105093396337,0.942426201708908,0,0.0
2024-03-16 08:00:00,6.57999995134635,4.934995362116128,9.5,2.706040098588492,0.2500006992999496,1.645004589230222,1,4.934995362116128
2024-03-17 08:00:00,5.689999993550149,5.685894815329051,6.9,1.6852488226980204e-05,0.0007214724474080385,0.004105178221098349,1,5.685894815329051
2024-03-18 08:00:00,3.92000020393502,5.192022077713699,4.8,1.6180396473714223,0.3244953590823244,1.2720218737786793,0,0.0
2024-03-19 08:00:00,3.640000060726168,3.481323650988693,5.58,0.025178203007175153,0.04359241953029525,0.15867640973747532,1,3.481323650988693
2024-03-20 08:00:00,3.830000094514364,3.3917666806374105,4.35,0.1920485250382492,0.1144212540633163,0.43823341387695347,1,3.3917666806374105
2024-03-21 08:00:00,3.3000000870172257,3.4899119598898456,3.78,0.03606651945798614,0.057549050868139745,0.1899118728726199,1,3.4899119598898456
2024-03-22 08:00:00,4.319999673300164,3.7323743155981903,8.0,0.34530356101437276,0.13602439864377838,0.5876253577019739,1,3.7323743155981903
2024-03-23 08:00:00,9.73999957904511,5.972341344804319,13.24,14.19524857004243,0.38682324405296986,3.7676582342407903,1,5.972341344804319
2024-03-24 08:00:00,14.859999011318129,16.027063321504265,21.16,1.362039104110242,0.07853730739128857,1.1670643101861362,1,16.027063321504265
2024-03-25 08:00:00,8.249999539726018,9.93327400745995,10.05,2.8334129337249534,0.20403328019941125,1.6832744677339324,1,9.93327400745995
2024-03-26 08:00:00,7.090000044548133,6.516824048882054,8.41,0.3285307220078014,0.08084287617273345,0.5731759956660794,1,6.516824048882054
2024-03-27 08:00:00,5.860000092936486,6.797204832735205,6.4,0.8783527243011839,0.15993254691726103,0.9372047397987187,0,0.0
2024-03-28 08:00:00,5.249999886668677,5.355499933686716,5.7,0.011130259920808521,0.020095247484849595,0.10550004701803939,1,5.355499933686716
2024-03-29 08:00:00,11.260000615709124,10.80583673417849,17.64,0.2062648312869723,0.04033426791265167,0.4541638815306346,1,10.80583673417849
2024-03-30 08:00:00,12.420000909366223,8.4619185160624,16.43,15.666416232181716,0.31868615970220554,3.9580823933038225,1,8.4619185160624
2024-03-31 08:00:00,13.170000864737563,11.528808786464708,15.44,2.693511437785573,0.12461594309132636,1.641192078272855,1,11.528808786464708
2024-04-01 08:00:00,11.890000753230773,11.679439906124491,13.4,0.04433587033411473,0.01770906928236041,0.2105608471062812,1,11.679439906124491
2024-04-02 08:00:00,12.250000048923614,11.542135023541215,15.0,0.5010728941596235,0.05778489980043692,0.7078650253823984,1,11.542135023541215
2024-04-03 08:00:00,7.889999327604473,9.995935935271715,8.9,4.434968995513014,0.26691214032164406,2.1059366076672426,0,0.0
2024-04-04 08:00:00,6.61999999102164,7.080363151720447,8.0,0.21193423972859582,0.06954126303975434,0.46036316069880723,1,7.080363151720447
2024-04-05 08:00:00,6.37000054725791,5.807653007310292,7.03,0.3162347556851379,0.08828061093176695,0.5623475399476181,1,5.807653007310292
2024-04-06 08:00:00,8.04999972415961,6.5784959943258245,9.69,2.165323226914743,0.1827955006529401,1.4715037298337856,1,6.5784959943258245
2024-04-07 08:00:00,12.560000949447064,11.122840675282532,15.2,2.0654296536366714,0.11442358005775473,1.4371602741645315,1,11.122840675282532
2024-04-08 08:00:00,8.169999834522615,8.796239337608142,9.76,0.39217591522480777,0.0766511035213649,0.626239503085527,1,8.796239337608142
2024-04-09 08:00:00,6.950000492353443,7.219633091445596,7.87,0.07270173849318988,0.038796054674932696,0.2696325990921533,1,7.219633091445596
2024-04-10 08:00:00,6.40000017016939,8.378882264598232,7.23,3.9159743436510808,0.30920031903318945,1.978882094428842,0,0.0
2024-04-11 08:00:00,8.430000652892293,6.693767080697666,15.88,3.0145070172157156,0.20595888940992357,1.7362335721946272,1,6.693767080697666
2024-04-12 08:00:00,11.26999968453522,7.575279987042202,18.64,13.650953643042898,0.327836717028745,3.694719697493018,1,7.575279987042202
2024-04-13 08:00:00,15.320000718706488,11.330587436922364,17.78,15.915418332875573,0.26040555447969727,3.989413281784124,1,11.330587436922364
2024-04-14 08:00:00,19.249998331022105,19.57946434953102,31.91,0.10854785735211576,0.017115119328502303,0.32946601850891355,1,19.57946434953102
2024-04-15 08:00:00,14.95999890918157,12.114297066910067,17.84,8.098018975107422,0.19022072525185663,2.8457018422715024,1,12.114297066910067
2024-04-16 08:00:00,14.999999489080835,28.88038603597107,25.47,192.66513069109143,0.9253591346449301,13.880386546890236,0,0.0
2024-04-17 08:00:00,14.230000181439925,11.86481120543768,17.88,5.594118892202545,0.16621145086752293,2.365188976002244,1,11.86481120543768
2024-04-18 08:00:00,11.840000878099843,10.997266113878808,12.88,0.7102018828266834,0.07117691737505025,0.842734764221035,1,10.997266113878808
2024-04-19 08:00:00,10.829999119957698,10.761206186026596,12.44,0.0047324677588489,0.006352071977949545,0.06879293393110153,1,10.761206186026596
2024-04-20 08:00:00,10.979999473862936,11.347415563249392,13.21,0.1349945827400362,0.033462304826249074,0.367416089386456,1,11.347415563249392
2024-04-21 08:00:00,12.89999985529454,9.9691120225753,16.8,8.59010348798168,0.2272006097361557,2.9308878327192396,1,9.9691120225753
2024-04-22 08:00:00,10.239999622310435,10.141937500303571,13.1,0.009616179772489046,0.009576379455445547,0.09806212200686382,1,10.141937500303571
2024-04-23 08:00:00,8.850000693622263,9.254412553382096,9.7,0.1635489523144066,0.04569625175863222,0.40441185975983274,1,9.254412553382096
2024-04-24 08:00:00,7.429999594360311,8.138317852981464,9.17,0.5017147554961028,0.09533220690332166,0.7083182586211532,1,8.138317852981464
2024-04-25 08:00:00,6.990000645210885,6.59358702086013,7.53,0.15714376157090149,0.05671152900713293,0.396413624350755,1,6.59358702086013
2024-04-26 08:00:00,7.920000120885716,6.007180365180087,15.53,3.6588794178177406,0.24151764223606004,1.9128197557056286,1,6.007180365180087
2024-04-27 08:00:00,11.439999611079886,7.686049518346543,17.92,14.09214129873267,0.3281425017792449,3.7539500927333425,1,7.686049518346543
2024-04-28 08:00:00,22.88000377061565,14.61315923114839,40.0,68.34071863971967,0.3613130759219634,8.266844539467261,1,14.61315923114839
2024-04-29 08:00:00,15.540000578665214,15.210279487799935,17.84,0.10871599776138957,0.021217572624672318,0.329721090865279,1,15.210279487799935
2024-04-30 08:00:00,13.22000067555262,12.101937131991766,15.85,1.2500660874398544,0.0845736373999177,1.1180635435608544,1,12.101937131991766
2024-05-01 08:00:00,24.45000410009152,13.756378700205945,32.47,114.3536241930779,0.4373670186765141,10.693625399885574,1,13.756378700205945
2024-05-02 08:00:00,16.870000943213448,18.667909974343765,21.16,3.2324768842199543,0.10657432902240524,1.7979090311303167,1,18.667909974343765
2024-05-03 08:00:00,13.87000094993562,12.68678239365406,15.0,1.4000061519290181,0.08530774875592577,1.1832185562815596,1,12.68678239365406
2024-05-04 08:00:00,12.8199998872491,12.23059262170388,14.71,0.3474009246774946,0.04597560614110857,0.5894072655452209,1,12.23059262170388
2024-05-05 08:00:00,18.170000058768792,13.277044529059618,28.73,23.941013815711592,0.26928759019721893,4.892955529709175,1,13.277044529059618
2024-05-06 08:00:00,13.020000864404327,13.69702476830733,15.81,0.4583613664560618,0.05199876028840622,0.6770239039030024,1,13.69702476830733
2024-05-07 08:00:00,11.380000214374617,10.49532067031546,13.3,0.782657895676718,0.07773985302229401,0.884679544059157,1,10.49532067031546
2024-05-08 08:00:00,10.009999950044811,9.898406076045443,10.8,0.012453192714186831,0.011148239216411632,0.11159387399936804,1,9.898406076045443
2024-05-09 08:00:00,14.589999053459874,9.19377467701121,18.43,29.11923752097878,0.36985776055749664,5.396224376448664,1,9.19377467701121
2024-05-10 08:00:00,11.919999645217723,12.675352603382176,14.66,0.5705580914077898,0.06336853864483954,0.7553529581644529,1,12.675352603382176
2024-05-11 08:00:00,15.480000451259922,10.699313262192367,19.5,22.85496999971464,0.30882991277164035,4.780687189067555,1,10.699313262192367
2024-05-12 08:00:00,22.090000566316306,17.101609615774912,27.26,24.884044275443273,0.2258212232981056,4.988390950541394,1,17.101609615774912
2024-05-13 08:00:00,45.63000628656661,17.72650795716372,278.6,778.60521901899,0.6115164252698696,27.903498329402893,1,17.72650795716372
2024-05-14 08:00:00,71.32998874963283,37.77115216105113,152.77,1126.19551317913,0.4704730391360737,33.558836588581705,1,37.77115216105113
2024-05-15 08:00:00,49.20999345256256,46.35950713267297,67.77,8.1252722598777,0.05792494816398222,2.8504863198895904,1,46.35950713267297
2024-05-16 08:00:00,33.560002813100986,30.795136001954337,43.65,7.644488483380244,0.08238577411761465,2.76486681114665,1,30.795136001954337
2024-05-17 08:00:00,25.12999835949168,23.855600528875435,27.07,1.6240898306793907,0.05071221304457032,1.2743978306162447,1,23.855600528875435
2024-05-18 08:00:00,24.82000186450657,21.25175181763303,30.29,12.732408397013025,0.14376509987198097,3.5682500468735405,1,21.25175181763303
2024-05-19 08:00:00,31.24999551367513,23.227362514552645,38.0,64.36264023860905,0.25672429282787407,8.022632999122486,1,23.227362514552645
2024-05-20 08:00:00,34.21000133841011,24.445859050212466,50.23,95.3384746241695,0.2854177698389832,9.764142288197643,1,24.445859050212466
2024-05-21 08:00:00,27.18000244112416,25.102984053338613,29.9,4.314005383199271,0.07641715236356843,2.0770183877855466,1,25.102984053338613
2024-05-22 08:00:00,21.550001567176917,26.51391121958896,25.0,24.64039903730944,0.23034381862749542,4.963909652412042,0,0.0
2024-05-23 08:00:00,18.60999945221444,17.55338384405554,19.53,1.116436543405002,0.056776767289650365,1.0566156081589,1,17.55338384405554
2024-05-24 08:00:00,14.140000580851677,13.6372695460888,16.23,0.252738493313752,0.03555381995129986,0.502731034762876,1,13.6372695460888
2024-05-25 08:00:00,16.509999449651577,14.234774275945393,19.34,5.176649591066337,0.13780891880975807,2.2752251737061844,1,14.234774275945393
2024-05-26 08:00:00,26.69999913668984,15.39971377511197,33.46,127.6964492530911,0.42323167516696913,11.30028536157787,1,15.39971377511197
2024-05-27 08:00:00,17.450000833979992,20.28122056964865,20.95,8.015805191639704,0.16224754156776242,2.8312197356686575,1,20.28122056964865
2024-05-28 08:00:00,15.470000539219862,13.785227558644191,16.37,2.8384599960778303,0.10890581266008363,1.684772980575671,1,13.785227558644191
2024-05-29 08:00:00,14.199999370684372,14.377632597352983,15.21,0.031553563216702184,0.012509382714152195,0.17763322666861114,1,14.377632597352983
2024-05-30 08:00:00,13.239999107686074,12.353037290600897,15.22,0.7867012649670401,0.06699107831285873,0.8869618170851776,1,12.353037290600897
2024-05-31 08:00:00,10.900000713116718,11.503423598052468,12.5,0.36411917806418304,0.05535989407868658,0.6034228849357497,1,11.503423598052468
2024-06-01 08:00:00,14.159999960141802,10.366520273471826,17.36,14.390488133177737,0.2679011085697762,3.7934796866699756,1,10.366520273471826
2024-06-02 08:00:00,26.58000170388297,22.74537047757583,34.0,14.704396641769815,0.14426753124500197,3.834631226307142,1,22.74537047757583
2024-06-03 08:00:00,28.090003176683137,61.51189742705097,123.61,1117.02301528277,1.1898145414988976,33.42189425036783,1,61.51189742705097
2024-06-04 08:00:00,37.75999866676435,38.64240565593928,70.72,0.7786420945447556,0.023368829987581614,0.8824069891749247,1,38.64240565593928
2024-06-05 08:00:00,31.31999647988456,31.84368630081228,40.2,0.27425102854330896,0.01672062195996938,0.5236898209277214,1,31.84368630081228
2024-06-06 08:00:00,24.769996172815556,21.04291383422175,30.0,13.891142758657878,0.15046761867021138,3.7270823385938066,1,21.04291383422175
2024-06-07 08:00:00,21.11999972497642,17.81408147415453,24.09,10.929095481117262,0.15653022224769847,3.3059182508218896,1,17.81408147415453
2024-06-08 08:00:00,26.670004025428582,18.667092684708837,30.4,64.04658992742071,0.300071621027479,8.002911340719745,1,18.667092684708837
2024-06-09 08:00:00,38.93000399335779,26.90679720533165,70.0,144.55750146763793,0.30884165308787365,12.023206788026144,1,26.90679720533165
2024-06-10 08:00:00,28.620004423400456,27.651449066589063,31.67,0.9380994792080452,0.03384190101729954,0.9685553568113932,1,27.651449066589063
2024-06-11 08:00:00,54.93999788663616,28.19725843819725,114.06,715.1741132070905,0.4867626588486624,26.742739448438908,1,28.19725843819725
2024-06-12 08:00:00,46.40000758147583,40.60080869381648,59.15,33.630707738629454,0.12498271422642077,5.799198887659351,1,40.60080869381648
2024-06-13 08:00:00,31.969997239202502,33.58175381193921,38.06,2.597759249759972,0.0504146609922232,1.6117565727367058,1,33.58175381193921
2024-06-14 08:00:00,23.919996315676087,24.32648684174581,26.37,0.16523454778444135,0.016993753707366957,0.40649052606972447,1,24.32648684174581
2024-06-15 08:00:00,30.990003348453467,23.73268956054044,37.43,52.66860341623253,0.234182413803295,7.257313787913027,1,23.73268956054044
2024-06-16 08:00:00,34.42999574419552,31.21253587968164,45.32,10.352047979757703,0.09344932507162185,3.2174598645138843,1,31.21253587968164
2024-06-17 08:00:00,25.09999580374152,25.06426787647561,28.6,0.001276484786718148,0.001423423635018462,0.0357279272659099,1,25.06426787647561
2024-06-18 08:00:00,28.87999707552828,19.9465700855839,70.02,79.8061177846667,0.3093292207260713,8.93342698994438,1,19.9465700855839
2024-06-19 08:00:00,26.33000387988979,23.35784146845188,31.21,8.833749399964415,0.11288119914437138,2.9721624114379104,1,23.35784146845188
2024-06-20 08:00:00,23.02000193199716,20.46258788567137,29.17,6.540366604344463,0.1110953011159855,2.5574140463257926,1,20.46258788567137
2024-06-21 08:00:00,20.55999867349724,18.988662688863425,22.32,2.4690967766051233,0.07642685243259953,1.5713359846338157,1,18.988662688863425
2024-06-22 08:00:00,26.830001155163465,21.733446583178463,30.02,25.974868505221234,0.18995729975971934,5.096554571985003,1,21.733446583178463
2024-06-23 08:00:00,29.620003558754966,26.89997038777564,32.9,7.398580451227856,0.09183095355082597,2.7200331709793275,1,26.89997038777564
2024-06-24 08:00:00,22.6699982749679,22.16845135694185,25.87,0.25154931098142674,0.022123818093971938,0.5015469180260475,1,22.16845135694185
2024-06-25 08:00:00,22.17999977454736,18.621434295412616,28.27,12.663388269289477,0.16044028472977584,3.5585654791347423,1,18.621434295412616
2024-06-26 08:00:00,22.729999640126003,18.844481144700943,32.4,15.097253978290224,0.17094230342906952,3.8855184954250603,1,18.844481144700943
2024-06-27 08:00:00,23.56999650092468,21.162175604134507,29.25,5.797601471019436,0.10215618388809315,2.4078208967901737,1,21.162175604134507
2024-06-28 08:00:00,24.290002828257663,22.49669795065733,26.25,3.2159423840251384,0.07382892831589538,1.793304877600331,1,22.49669795065733
2024-06-29 08:00:00,27.120000593472717,22.348439155353205,29.9,22.76779855774915,0.17594252705392413,4.771561438119512,1,22.348439155353205
2024-06-30 08:00:00,28.129995344277923,27.538529739484662,31.45,0.34983156165345713,0.021026153668154572,0.5914656047932603,1,27.538529739484662
2024-07-01 08:00:00,21.49000348713656,23.02211860392962,23.91,2.3473767311058165,0.07129431680688893,1.5321151167930616,1,23.02211860392962
2024-07-02 08:00:00,25.01999807491062,18.71854959395316,61.16,39.7082529581611,0.25185647345338463,6.301448480957461,1,18.71854959395316
2024-07-03 08:00:00,23.719996286230145,20.929446216655272,26.78,7.7871696908043315,0.1176454682328443,2.7905500695748735,1,20.929446216655272
2024-07-04 08:00:00,25.53000209789048,25.7164257198868,33.1,0.034753766838226396,0.007302138921944033,0.1864236219963189,1,25.7164257198868
2024-07-05 08:00:00,30.750001222566876,23.630536342038727,100.0,50.68678018507369,0.23152730398278165,7.119464880528149,1,23.630536342038727
2024-07-06 08:00:00,32.619994716103506,26.94121748921054,37.62,32.248510792678154,0.1740888457008095,5.678777226892965,1,26.94121748921054
2024-07-07 08:00:00,30.969999870807836,31.71115477364654,34.92,0.5493105900018502,0.023931382174053988,0.741154902838705,1,31.71115477364654
2024-07-08 08:00:00,21.869997510330933,21.62972184531221,24.18,0.05773239520018884,0.010986542861068923,0.24027566501872144,1,21.62972184531221
2024-07-09 08:00:00,19.77000007009604,18.808510949032705,21.15,0.9244613299231422,0.04863374393800208,0.9614891210633338,1,18.808510949032705
2024-07-10 08:00:00,17.929999713085806,18.26794845098979,19.9,0.1142093494508945,0.01884822885174605,0.3379487379039823,1,18.26794845098979
2024-07-11 08:00:00,16.55000064767832,15.587114832092,17.73,0.9271490938573331,0.058180409541035066,0.9628858155863202,1,15.587114832092
2024-07-12 08:00:00,14.119999828160903,14.330197522988191,15.2,0.044183070910705745,0.014886522477717755,0.21019769482728812,1,14.330197522988191
2024-07-13 08:00:00,20.5799991243074,14.546023163577788,23.63,36.40886589466284,0.2931961232983133,6.033975960729611,1,14.546023163577788
2024-07-14 08:00:00,26.12999731151124,22.100607737160047,32.0,16.235980341890084,0.15420551048338976,4.0293895743511925,1,22.100607737160047
2024-07-15 08:00:00,20.279998854482557,20.20247847719069,22.62,0.006009408895473117,0.003822504027150402,0.07752037729186512,1,20.20247847719069
2024-07-16 08:00:00,56.07000171559194,43.80577798438802,174.65,150.4111837290254,0.218730575280034,12.26422373120392,1,43.80577798438802
2024-07-17 08:00:00,41.510002299309065,40.260694581990485,48.67,1.56076977255176,0.030096546569918507,1.2493077173185796,1,40.260694581990485
2024-07-18 08:00:00,26.66000364231288,25.2704172558535,29.5,1.9309503254332412,0.05212251300123334,1.3895863864593814,1,25.2704172558535
2024-07-19 08:00:00,19.92999979637152,19.76440624355646,22.42,0.027421224733913126,0.00830875837967672,0.16559355281505717,1,19.76440624355646
2024-07-20 08:00:00,22.389998218223315,19.13066633491705,25.0,10.623244325536776,0.14557088622961492,3.2593318833062668,1,19.13066633491705
2024-07-21 08:00:00,24.159996921131096,22.716285217033285,28.08,2.084303484549007,0.05975628675826095,1.4437117040978116,1,22.716285217033285
2024-07-22 08:00:00,17.980000054264124,19.24924471655097,19.62,1.610982012743646,0.0705920277228159,1.2692446622868445,1,19.24924471655097
2024-07-23 08:00:00,15.359999816867177,16.617039089083487,18.27,1.580147731894112,0.08183849526065269,1.2570392722163106,1,16.617039089083487
2024-07-24 08:00:00,15.189999610630789,14.884162036028906,16.96,0.09353662203836227,0.020134139726234165,0.3058375746018829,1,14.884162036028906
2024-07-25 08:00:00,14.240000039795545,13.508691770438157,16.0,0.5348117848304983,0.05135591764843058,0.7313082693573882,1,13.508691770438157
2024-07-26 08:00:00,12.5900009132518,13.405141587229071,13.85,0.6644543183721209,0.06474508457892826,0.8151406739772717,1,13.405141587229071
2024-07-27 08:00:00,13.49999934476064,12.163126362012669,16.1,1.787229372001458,0.09902763315813144,1.3368729827479715,1,12.163126362012669
2024-07-28 08:00:00,21.42000041927793,15.583978751907496,27.5,34.05914890201717,0.2724566551417073,5.836021667370433,1,15.583978751907496
2024-07-29 08:00:00,17.159999007085606,17.261784445777188,21.0,0.010360275529637836,0.005931552714516682,0.10178543869158219,1,17.261784445777188
2024-07-30 08:00:00,16.38000124793469,14.502261869991957,18.74,3.5259051714767624,0.11463609492578593,1.8777393779427332,1,14.502261869991957
2024-07-31 08:00:00,15.660000791306857,14.011104604489146,16.85,2.7188586349019856,0.10529349319912179,1.6488961868177103,1,14.011104604489146
2024-08-01 08:00:00,13.469999599576749,13.645968490252056,14.5,0.030965050485498136,0.013063763615912521,0.17596889067530697,1,13.645968490252056
2024-08-02 08:00:00,11.439999611079886,11.192241016969628,12.8,0.061384320955491144,0.021657220501152607,0.24775859411025714,1,11.192241016969628
2024-08-03 08:00:00,17.610000184352977,10.948968161746246,27.76,44.36934760619232,0.3782528082268427,6.661032022606731,1,10.948968161746246
2024-08-04 08:00:00,32.01999623836416,18.601593710410075,59.88,180.0535264022045,0.41906321375132066,13.418402527954083,1,18.601593710410075
2024-08-05 08:00:00,23.940000191025657,19.019864205879976,28.1,24.20773811232546,0.2055194630695986,4.920135985145681,1,19.019864205879976
2024-08-06 08:00:00,25.949996381118723,16.82719061964067,50.93,83.22558496165713,0.3515532575609847,9.122805761478052,1,16.82719061964067
2024-08-07 08:00:00,25.280002955263036,18.14412592271209,34.2,50.920741023688116,0.28227358379581724,7.1358770325509475,1,18.14412592271209
2024-08-08 08:00:00,20.64000352331605,19.580762625507464,23.77,1.1219912795903386,0.05131980217987902,1.0592408978085857,1,19.580762625507464
2024-08-09 08:00:00,21.57000131947734,16.561283468127648,24.34,25.087254514429056,0.23220758205642317,5.00871785134969,1,16.561283468127648
2024-08-10 08:00:00,29.91999790843607,19.223645255373366,38.72,114.41196007868153,0.35749844253989144,10.696352653062704,1,19.223645255373366
2024-08-11 08:00:00,35.05000130978255,24.409033455365325,42.0,113.23019687874076,0.3035939359992921,10.640967854417227,1,24.409033455365325
2024-08-12 08:00:00,26.210001702153,21.71629676844529,28.64,20.193384031229026,0.17145000541295574,4.493704933707711,1,21.71629676844529
2024-08-13 08:00:00,26.739996909265443,30.023415845747984,37.14,10.780839912452137,0.12279055033640754,3.2834189364825406,1,30.023415845747984
2024-08-14 08:00:00,21.75999703100777,20.95244169075747,25.08,0.6521456275667774,0.037111923273681596,0.8075553402502997,1,20.95244169075747
2024-08-15 08:00:00,21.259997471342103,17.874098111895137,22.65,11.464314472303379,0.15926151280173323,3.3858993594469666,1,17.874098111895137
2024-08-16 08:00:00,18.869998578874853,17.108601461964255,20.45,3.1025198034609645,0.09334378641037623,1.7613971169105973,1,17.108601461964255
2024-08-17 08:00:00,20.78000188266441,16.908316862221092,25.14,14.989944897525186,0.18631783780891997,3.8716850204433193,1,16.908316862221092
2024-08-18 08:00:00,22.80000151642397,18.362044242596586,28.38,19.695464764317375,0.19464723590612495,4.437957273827383,1,18.362044242596586
2024-08-19 08:00:00,19.59999906531751,17.746845595065192,21.55,3.4341777843082015,0.09454865095026962,1.853153470252316,1,17.746845595065192
2024-08-20 08:00:00,51.009998674232776,28.285098879438145,217.36,516.4210706834571,0.4454989293358657,22.72489979479463,1,28.285098879438145
2024-08-21 08:00:00,47.88000078680352,35.53332903446423,69.35,152.44030336001296,0.25786699142541003,12.34667175233929,1,35.53332903446423
2024-08-22 08:00:00,35.61999698076527,30.971269730308272,40.95,21.6106650491415,0.1305089175882666,4.648727250457,1,30.971269730308272
2024-08-23 08:00:00,33.70999869671281,28.909971832830617,39.0,23.040257893990706,0.14239178432096056,4.8000268638821915,1,28.909971832830617
2024-08-24 08:00:00,34.229997705425326,25.093680658410367,37.71,83.47228918357614,0.26690965993161275,9.136317047014959,1,25.093680658410367
2024-08-25 08:00:00,33.79999491015632,34.56536283495363,38.0,0.585788060308541,0.022644024853605234,0.7653679247973102,1,34.56536283495363
2024-08-26 08:00:00,25.31000167193146,22.359367765602904,27.69,8.70624044917571,0.116579759439557,2.950633906328555,1,22.359367765602904
2024-08-27 08:00:00,22.06000157983492,20.252230867875543,24.39,3.2680349470181174,0.08194789585200501,1.8077707119593782,1,20.252230867875543
2024-08-28 08:00:00,19.939999106331346,18.389656070833706,21.7,2.403563527716037,0.07775040646844239,1.5503430354976402,1,18.389656070833706
2024-08-29 08:00:00,18.410001248498222,16.5796925679073,20.07,3.3500298662464782,0.09941925890636355,1.830308680590921,1,16.5796925679073
2024-08-30 08:00:00,16.129998606627904,14.667213260373147,17.14,2.139740969217648,0.09068725806669879,1.4627853462547566,1,14.667213260373147
2024-08-31 08:00:00,20.589999100015923,14.558839881160734,23.56,36.374881523181934,0.292916924840979,6.031159218855189,1,14.558839881160734
2024-09-01 08:00:00,28.25999839719232,18.95288734228189,35.53,86.62231618843592,0.32933869719663916,9.307111054910429,1,18.95288734228189
2024-09-02 08:00:00,21.079997036576543,19.600315355577283,22.78,2.1894578770847954,0.07019363799870651,1.47968168099926,1,19.600315355577283
2024-09-03 08:00:00,18.62000007320114,16.49739458970779,24.37,4.505454038556047,0.11399599759123066,2.122605483493352,1,16.49739458970779
2024-09-04 08:00:00,16.909999578994125,15.472389298230134,18.35,2.066723319358321,0.08501539423749092,1.437610280763991,1,15.472389298230134
2024-09-05 08:00:00,18.56999892672577,15.600756618408344,20.22,8.816399885502197,0.15989458696436004,2.969242308317426,1,15.600756618408344
2024-09-06 08:00:00,17.12000148070468,22.22388667347393,18.74,26.049644060969218,0.2981241093069794,5.103885192769251,0,0.0
2024-09-07 08:00:00,19.49999995264625,12.981330891362015,22.2,42.493046330544274,0.3342907219032899,6.518669061284234,1,12.981330891362015
2024-09-08 08:00:00,24.390000806431186,18.247803566093328,30.5,37.726586939213995,0.25183259685330867,6.1421972403378575,1,18.247803566093328
2024-09-09 08:00:00,17.36000034508131,18.1904606415519,18.68,0.6896643040140215,0.04783757373057247,0.8304602964705907,1,18.1904606415519
2024-09-10 08:00:00,18.440001017975003,16.899233520641037,22.7,2.373964480840775,0.08355571650088589,1.5407674973339667,1,16.899233520641037
2024-09-11 08:00:00,17.18000052616203,19.968394928102345,19.16,7.775143340772092,0.16230467500243068,2.788394401940316,0,0.0
2024-09-12 08:00:00,14.550000977628727,13.845460449777384,16.43,0.49637735538504874,0.04842202615206729,0.7045405278513428,1,13.845460449777384
2024-09-13 08:00:00,12.790000799684025,12.61026716285152,14.14,0.03230418020903899,0.014052668146584154,0.17973363683250554,1,12.61026716285152
2024-09-14 08:00:00,18.47999916027569,14.057786038776232,21.8,19.55596889196197,0.23929725770796437,4.422213121499457,1,14.057786038776232
2024-09-15 08:00:00,23.41000309469873,16.419260678893274,33.34,48.870479524141516,0.29862202014781164,6.990742415805457,1,16.419260678893274
2024-09-16 08:00:00,17.590000253473843,18.24624890240309,23.49,0.4306622892214608,0.03730805227246337,0.6562486489292461,1,18.24624890240309
2024-09-17 08:00:00,27.40999681990047,17.14856776670912,69.58,105.29692621367951,0.3743681227186881,10.26142905319135,1,17.14856776670912
2024-09-18 08:00:00,20.02999756134849,21.69917504426452,24.41,2.786153469473894,0.083333883481694,1.6691774829160302,1,21.69917504426452
2024-09-19 08:00:00,19.910001540249382,15.793736637967568,23.32,16.943636745757118,0.20674357528102213,4.116264902281815,1,15.793736637967568
2024-09-20 08:00:00,19.000001244024823,15.960529064054096,20.68,9.238391132815998,0.15997220952428035,3.0394721799707263,1,15.960529064054096
2024-09-21 08:00:00,22.010002813001822,15.262467697704112,24.64,45.529230132175684,0.3065667538811846,6.74753511529771,1,15.262467697704112
2024-09-22 08:00:00,24.14999707132484,17.055035110964695,30.74,50.338485218957466,0.2937872803630499,7.094961960360145,1,17.055035110964695
2024-09-23 08:00:00,17.82000104392927,17.737724698977047,19.31,0.006769396938697268,0.004617078570837262,0.08227634495222347,1,17.737724698977047
2024-09-24 08:00:00,15.589999552906685,15.007924000543133,16.16,0.33881194865933406,0.03733647011266441,0.5820755523635519,1,15.007924000543133
2024-09-25 08:00:00,16.58999928886608,18.3207437384687,19.52,2.9954763498302808,0.1043245644238311,1.7307444496026214,1,18.3207437384687
2024-09-26 08:00:00,14.209999837850113,13.738953252076502,15.9,0.22188488596897527,0.03314895081975433,0.47104658577361036,1,13.738953252076502
2024-09-27 08:00:00,22.729999640126003,21.05377608425317,28.33,2.8097254092629687,0.07374498822752916,1.6762235558728342,1,21.05377608425317
2024-09-28 08:00:00,21.730001928565148,18.568219029157785,26.28,9.996871102984834,0.14550311177152017,3.1617828994073633,1,18.568219029157785
2024-09-29 08:00:00,22.090000566316306,16.01356525882691,26.99,36.92306604610373,0.27507628572698994,6.076435307489394,1,16.01356525882691
2024-09-30 08:00:00,18.560000941662864,20.406954906689183,20.0,3.4112389489264427,0.09951260082537708,1.8469539650263194,0,0.0
2024-10-01 08:00:00,14.930000974386452,20.12043216924832,16.57,26.94057598859521,0.3476510955201173,5.190431194861869,0,0.0
2024-10-02 08:00:00,11.049999763602392,10.725308203998624,12.25,0.10542460887792683,0.029383852176474188,0.3246915596037674,1,10.725308203998624
2024-10-03 08:00:00,10.480000622530486,9.390521517873722,13.39,1.186964719483704,0.10395792365837664,1.089479104656764,1,9.390521517873722
2024-10-04 08:00:00,9.840000673453522,9.455614926447977,10.83,0.14775240250101115,0.03906358950183267,0.3843857470055454,1,9.455614926447977
2024-10-05 08:00:00,9.149999376720952,8.450412378481328,9.97,0.48942196810592814,0.07645760064415791,0.6995869982396243,1,8.450412378481328
2024-10-06 08:00:00,14.349999833532111,9.033680282129236,19.58,28.26325357262847,0.3704752343606345,5.316319551402875,1,9.033680282129236
2024-10-07 08:00:00,11.33000096698514,14.170609580763822,12.58,8.069057296673648,0.2507156550168023,2.8406086137786826,0,0.0
2024-10-08 08:00:00,8.480000552058431,9.789693401308972,9.41,1.7152953593779983,0.154444901413671,1.3096928492505402,0,0.0
2024-10-09 08:00:00,7.520000208904053,7.65650473844379,8.35,0.018633486584864904,0.01815219757282836,0.1365045295397369,1,7.65650473844379
2024-10-10 08:00:00,12.879999406017935,7.645858260521169,41.99,27.396233530982204,0.40637743686938477,5.234141145496767,1,7.645858260521169
2024-10-11 08:00:00,12.84999951586009,13.271760722190864,16.15,0.17788251516559034,0.03282188499775558,0.42176120633077474,1,13.271760722190864
2024-10-12 08:00:00,12.930001109554697,11.012278061873324,14.72,3.677661687608331,0.14831576822249923,1.9177230476813723,1,11.012278061873324
2024-10-13 08:00:00,22.32000354568698,22.53405876068838,27.68,0.045819635069296295,0.009590285886973561,0.21405521500140168,1,22.53405876068838
2024-10-14 08:00:00,15.090000517604468,15.469184207343062,20.0,0.1437802705637747,0.02512814292459612,0.3791836897385945,1,15.469184207343062
2024-10-15 08:00:00,15.180000150410676,13.796812026961344,28.0,1.9132093848512826,0.0911191113138369,1.3831881234493313,1,13.796812026961344
2024-10-16 08:00:00,21.200000356500624,20.98737641922383,30.24,0.045208938703086676,0.010029430834966848,0.21262393727679552,1,20.98737641922383
2024-10-17 08:00:00,19.64999874443599,19.078492519434565,23.57,0.3266193652153793,0.029084288117995436,0.5715062250014249,1,19.078492519434565
2024-10-18 08:00:00,14.580000949996434,13.021320563865872,15.5,2.429484546108115,0.10690536931212904,1.5586803861305611,1,13.021320563865872
2024-10-19 08:00:00,12.129998941037936,10.52143341409668,14.77,2.587483054463799,0.13261052492751613,1.6085655269412555,1,10.52143341409668
2024-10-20 08:00:00,15.879999963415216,10.176014007651396,20.0,32.535455783550894,0.3591930710897242,5.7039859557638195,1,10.176014007651396
2024-10-21 08:00:00,11.380000214374617,19.841549242345977,12.5,71.59781195276307,0.7435455947780367,8.46154902797136,0,0.0
2024-10-22 08:00:00,9.059999522324778,8.595885253781162,10.2,0.21540205426577586,0.05122674315820773,0.46411426854361615,1,8.595885253781162
2024-10-23 08:00:00,7.779999882705751,7.092540040027428,8.4,0.47260103529530484,0.08836244897721468,0.6874598426783232,1,7.092540040027428
2024-10-24 08:00:00,6.300000418741021,6.982756671390782,7.15,0.4661561005323443,0.10837400115382875,0.682756252649761,1,6.982756671390782
2024-10-25 08:00:00,5.3599997951924925,5.482515220484416,5.73,0.01501002943446086,0.0228573563382988,0.12251542529192339,1,5.482515220484416
2024-10-26 08:00:00,4.630000291798645,4.8870760681407495,5.26,0.06608795478189587,0.05552392227652257,0.25707577634210477,1,4.8870760681407495
2024-10-27 08:00:00,8.40000062801291,4.865448111334214,14.02,12.493061493159704,0.4207800300504054,3.534552516678696,1,4.865448111334214
2024-10-28 08:00:00,5.979999750532637,7.831688423085567,6.91,3.4287509400608323,0.3096469481270464,1.85168867255293,0,0.0
2024-10-29 08:00:00,4.599999709136853,5.296055895766081,5.16,0.4844942149448228,0.1513165718786179,0.6960561866292281,0,0.0
2024-10-30 08:00:00,3.910000020160919,4.229296077267599,4.18,0.10194997208387245,0.0816613952583917,0.3192960571066803,0,0.0
2024-10-31 08:00:00,3.69999990400679,3.7969762329338983,4.5,0.00940440837217872,0.026209819308938672,0.09697632892710839,1,3.7969762329338983
2024-11-01 08:00:00,9.000000584117222,5.169740228268174,16.8,14.670894393588876,0.42558445636198194,3.830260355849048,1,5.169740228268174
2024-11-02 08:00:00,7.310000193481314,8.884786784173404,9.77,2.4799528062236145,0.21542907647203674,1.5747865906920895,1,8.884786784173404
2024-11-03 08:00:00,10.450000733176662,6.439682289741882,15.12,16.082654017753153,0.38376250354727925,4.010318443434779,1,6.439682289741882
2024-11-04 08:00:00,6.249999644906312,9.198083096170572,6.99,8.69119603561819,0.47169337900153624,2.94808345126426,0,0.0
2024-11-05 08:00:00,6.060000035670801,6.42222851134304,19.49,0.1312094685878341,0.05977367550166081,0.36222847567223937,1,6.42222851134304
2024-11-06 08:00:00,6.080000584952071,5.707237271228232,8.34,0.13895248805837712,0.0613097496481207,0.37276331372383886,1,5.707237271228232
2024-11-07 08:00:00,5.260000351681064,6.511861731940799,5.89,1.5671569153858103,0.2379964442130975,1.2518613802597356,0,0.0
2024-11-08 08:00:00,4.4099999369573935,5.3758739042583885,4.92,0.9329125207097637,0.21901904333526676,0.9658739673009951,0,0.0
2024-11-09 08:00:00,4.069999981122028,4.511378668494423,4.56,0.19481514566657826,0.1084468524372608,0.44137868737239483,1,4.511378668494423
2024-11-10 08:00:00,3.780000002400985,4.190042965393977,4.0,0.16813523150007242,0.1084769742678679,0.41004296299299225,0,0.0
2024-11-11 08:00:00,3.0099999542411484,3.8107632741209874,3.5,0.6412218944649812,0.2660343295858021,0.800763319879839,0,0.0
2024-11-12 08:00:00,2.610000090225353,3.6894755497445657,2.92,1.1652672677042157,0.4135921157864821,1.0794754595192129,0,0.0
2024-11-13 08:00:00,2.300000058674018,2.732345149965099,2.46,0.18692227796349326,0.18797612185294207,0.4323450912910811,0,0.0
2024-11-14 08:00:00,2.080000049521585,2.52527991083571,2.29,0.1982741548919261,0.21407685130418252,0.44527986131412467,0,0.0
2024-11-15 08:00:00,1.7700000837100272,1.7433101928150891,1.95,0.0007123502759836947,0.015079033690774964,0.026689890894938006,1,1.7433101928150891
2024-11-16 08:00:00,2.9200000599239404,2.1128194594033056,4.99,0.6515405218568526,0.27643170683416357,0.8071806005206348,1,2.1128194594033056
2024-11-17 08:00:00,7.459999555283921,10.024453598208348,13.34,6.576424538271439,0.34376061605902153,2.564454042924427,1,10.024453598208348
2024-11-18 08:00:00,5.199999737286587,8.073967345459268,6.2,8.2596898128258,0.5526861064174488,2.8739676081726806,0,0.0
2024-11-19 08:00:00,4.069999981122028,3.180502394441208,4.4,0.7912059567110035,0.21854977661095745,0.8894975866808204,1,3.180502394441208
2024-11-20 08:00:00,3.6899999354145514,3.686979260739845,4.24,9.124475490413639e-06,0.0008186110372837209,0.0030206746747065694,1,3.686979260739845
2024-11-21 08:00:00,3.289999826202328,3.108308893484702,3.65,0.03301159503180087,0.055225210430285394,0.18169093271762593,1,3.108308893484702
2024-11-22 08:00:00,2.949999970043486,2.8847571654395696,3.09,0.004256623552584816,0.02211620517506468,0.0652428046039164,1,2.8847571654395696
2024-11-23 08:00:00,3.180000095414447,2.868763637728873,4.14,0.09686813259266407,0.09787309696448633,0.31123645768557395,1,2.868763637728873
2024-11-24 08:00:00,13.410001008414287,8.487534372800816,20.88,24.230677778727806,0.3670742927256159,4.922466635613471,1,8.487534372800816
2024-11-25 08:00:00,8.980000616970852,12.73636313757717,11.55,14.110259386215853,0.41830314727455115,3.7563625206063183,0,0.0
2024-11-26 08:00:00,5.740000204675921,5.866412002022942,6.8,0.015979942508504395,0.022022960424991574,0.12641179734702135,1,5.866412002022942
2024-11-27 08:00:00,3.720000046740696,4.157020425665844,4.46,0.19098681159588005,0.11747859500917118,0.4370203789251481,1,4.157020425665844
2024-11-28 08:00:00,3.640000060726168,4.127988402783973,4.3,0.2381326219843247,0.13406272909799136,0.4879883420578044,1,4.127988402783973
2024-11-29 08:00:00,2.830000075045921,2.686521125430162,3.2,0.020586208982841483,0.05069927413815731,0.1434789496157589,1,2.686521125430162
2024-11-30 08:00:00,3.24999993676071,2.547177036778589,3.99,0.49396002873927863,0.2162532042024062,0.7028228999821211,1,2.547177036778589
2024-12-01 08:00:00,3.490000005438864,2.8654551094843064,4.2,0.39005632706288895,0.17895269197170718,0.6245448959545574,1,2.8654551094843064
2024-12-02 08:00:00,2.9799999767461403,3.229967994430985,3.76,0.06248400986529082,0.08388188578369875,0.24996801768484467,1,3.229967994430985
2024-12-03 08:00:00,2.360000021164812,2.884664456377465,2.8,0.2752727695770122,0.22231543665567316,0.524664435212653,0,0.0
2024-12-04 08:00:00,1.8899999663989695,2.1256216544744406,2.23,0.055517579891534614,0.12466756204467179,0.23562168807547113,1,2.1256216544744406
2024-12-05 08:00:00,1.7900000037649797,1.931075098546586,2.05,0.01990218236763923,0.0788129019468589,0.1410750947816064,1,1.931075098546586
2024-12-06 08:00:00,2.639999888698989,3.882220517670729,3.74,1.5431120910429457,0.4705381368723903,1.2422206289717401,0,0.0
2024-12-07 08:00:00,3.8799999096002047,2.41267899767407,5.96,2.153030658575743,0.378175501575547,1.4673209119261346,1,2.41267899767407
2024-12-08 08:00:00,3.620000024724585,3.345993823912336,4.67,0.07507939808356254,0.0756923201493889,0.274006200812249,1,3.345993823912336
2024-12-09 08:00:00,2.9700001407534504,3.29645936195074,3.42,0.10657562310474089,0.10991892448680868,0.32645922119728965,1,3.29645936195074
2024-12-10 08:00:00,2.360000021164812,2.621773718229825,2.97,0.06852546847508524,0.11092105708363972,0.2617736970650131,1,2.621773718229825
2024-12-11 08:00:00,1.730000104698057,2.0389107499572945,2.1,0.09542578675447841,0.1785610558174808,0.3089106452592374,1,2.0389107499572945
2024-12-12 08:00:00,1.300000002302585,1.614120527857676,1.7,0.09867170457500656,0.24163117307593432,0.31412052555509096,1,1.614120527857676
2024-12-13 08:00:00,1.259999976770645,1.4781734389665857,2.0,0.047599659606563614,0.17315354461760793,0.2181734621959408,1,1.4781734389665857
2024-12-14 08:00:00,2.0300000972313783,1.4395337358961444,3.89,0.348650523868471,0.29087011480469543,0.5904663613352339,1,1.4395337358961444
2024-12-15 08:00:00,3.930000185955604,3.3608584239794337,5.22,0.3239223452253397,0.14481977990995437,0.5691417619761703,1,3.3608584239794337
2024-12-16 08:00:00,3.490000005438864,5.791594718135489,4.12,5.297338221513059,0.6594827246732917,2.301594712696625,0,0.0
2024-12-17 08:00:00,2.7899999613108992,3.216052253862929,3.41,0.1815205559888402,0.15270691701079672,0.4260522925520296,1,3.216052253862929
2024-12-18 08:00:00,2.86000011282839,2.6698419917843967,3.29,0.03616011099898202,0.06648885088886829,0.19015812104399332,1,2.6698419917843967
2024-12-19 08:00:00,2.9200000599239404,3.685417848957648,3.38,0.5858643917692492,0.26212937442667206,0.7654177890337075,0,0.0
2024-12-20 08:00:00,2.700000071063475,2.9109785096711223,2.98,0.044511901557320856,0.078140160390643,0.21097843860764742,1,2.9109785096711223
2024-12-21 08:00:00,2.820000007956314,2.8423167881524,3.33,0.0004980386783204145,0.00791375182025591,0.02231678019608596,1,2.8423167881524
2024-12-22 08:00:00,6.060000035670801,3.039300733980798,9.57,9.124624271230473,0.49846522836787943,3.0206993016900032,1,3.039300733980798
2024-12-23 08:00:00,3.930000185955604,5.717579199643497,5.04,3.1954387301773806,0.45485468933972384,1.787579013687893,0,0.0
2024-12-24 08:00:00,2.539999983667771,3.091698182488802,3.18,0.3043709025823696,0.2172040166804947,0.5516981988210308,1,3.091698182488802
2024-12-25 08:00:00,2.560000047002383,2.323857741830659,3.03,0.05576318829181561,0.0922430862640934,0.23614230517172397,1,2.323857741830659
2024-12-26 08:00:00,2.349999995502553,2.2936141583747367,2.61,0.003179362628604603,0.023993973291799028,0.056385837127816085,1,2.2936141583747367
2024-12-27 08:00:00,1.7900000037649797,2.016646961232424,2.11,0.05136884332924953,0.12661841172666402,0.22664695746744434,1,2.016646961232424
2024-12-28 08:00:00,1.5199999792924994,1.5497035078147718,1.7,0.0008822996066734516,0.019541795346667213,0.029703528522272427,1,1.5497035078147718
2024-12-29 08:00:00,1.4799999624784383,1.3752798465977103,2.3,0.01096630267007311,0.07075683684840207,0.10472011588072805,1,1.3752798465977103
2024-12-30 08:00:00,1.540000014627894,2.8228973395542982,2.03,1.6458255463033238,0.8330502030783338,1.2828973249264042,0,0.0
2024-12-31 08:00:00,2.179999885545577,1.7804824713267553,3.51,0.15961416426409347,0.18326487852949427,0.3995174142188216,1,1.7804824713267553
2025-01-01 08:00:00,8.619999660448437,3.79497364470084,19.12,23.280876052641133,0.5597478196996339,4.825026015747597,1,3.79497364470084
2025-01-02 08:00:00,5.320000435832303,7.034720979512315,6.36,2.9402665429182755,0.3223158652639748,1.714720543680012,0,0.0
2025-01-03 08:00:00,3.989999873187912,4.536033378242258,4.4,0.2981525886419344,0.13685050686933445,0.5460335050543459,0,0.0
2025-01-04 08:00:00,2.7799999283914656,2.9805898458811577,3.12,0.0402363149985215,0.07215464843761897,0.20058991748969213,1,2.9805898458811577
2025-01-05 08:00:00,2.6300000223003925,2.230168614235499,3.19,0.15986515487515554,0.1520271500663987,0.3998314080648937,1,2.230168614235499
2025-01-06 08:00:00,4.069999981122028,5.0362922010059545,8.34,0.9337206542082063,0.23741823694493885,0.9662922198839263,1,5.0362922010059545
2025-01-07 08:00:00,3.930000185955604,4.266570019760445,4.7,0.11327925302741804,0.08564117503292219,0.3365698338048406,1,4.266570019760445
2025-01-08 08:00:00,2.990000029998383,3.6383165105916313,3.33,0.4203142590088156,0.21682825220359572,0.6483164805932482,0,0.0
2025-01-09 08:00:00,1.910000028290509,2.0015520557077084,2.21,0.008381773724199645,0.04793299793777517,0.09155202741719948,1,2.0015520557077084
2025-01-10 08:00:00,1.7799999202731065,1.81154505592934,1.95,0.000995095583570175,0.017721987117501403,0.031545135656233514,1,1.81154505592934
2025-01-11 08:00:00,1.699999982407628,1.6216296434413575,2.69,0.0061419100296881265,0.04610019986898959,0.07837033896627044,1,1.6216296434413575
2025-01-12 08:00:00,1.809999884280515,1.5880927929808877,2.5,0.04924275716906111,0.12260061076624686,0.22190709129962727,1,1.5880927929808877
2025-01-13 08:00:00,1.6099999583833131,1.5429321112620056,1.85,0.004498096117487079,0.041657048978221055,0.06706784712130753,1,1.5429321112620056
2025-01-14 08:00:00,1.6099999583833131,1.5689182912908628,2.72,0.001687703371094915,0.025516564071034267,0.041081667092450314,1,1.5689182912908628
2025-01-15 08:00:00,1.4899999624727098,1.5687504513469817,1.71,0.006201639497936811,0.05285267842797962,0.07875048887427183,1,1.5687504513469817
2025-01-16 08:00:00,1.2800000211071425,1.419360393476629,1.47,0.019421313386961937,0.10887528911831271,0.1393603723694865,1,1.419360393476629
2025-01-17 08:00:00,1.1300000360826628,1.096527673883675,1.25,0.0011203990311802314,0.029621558522268276,0.03347236219898786,1,1.096527673883675
2025-01-18 08:00:00,1.259999976770645,1.0726744781641886,1.91,0.035090842428157465,0.14867103338094328,0.1873254986064563,1,1.0726744781641886
2025-01-19 08:00:00,1.4700000348356237,1.129481818964799,1.82,0.11595265533984954,0.2316450393206294,0.34051821587082465,1,1.129481818964799
2025-01-20 08:00:00,1.219999986681763,1.30596508641411,1.4,0.0073899983719923484,0.07046319727114135,0.0859650997323469,1,1.30596508641411
2025-01-21 08:00:00,1.2500000335257613,1.245792739184751,1.65,1.7701325671897326e-05,0.003365835382534488,0.004207294341010304,1,1.245792739184751
2025-01-22 08:00:00,1.169999955171473,1.2538758998435855,1.33,0.00703517409463927,0.07168884434685277,0.08387594467211246,1,1.2538758998435855
2025-01-23 08:00:00,1.2700000394979798,1.125866165038968,2.08,0.02077457376656615,0.11349123620184028,0.1441338744590117,1,1.125866165038968
2025-01-24 08:00:00,1.7400000346473383,2.7105537778140176,2.33,0.9419745683748525,0.5577894964602057,0.9705537431666793,0,0.0
2025-01-25 08:00:00,1.7199999013774072,1.640930922216234,2.08,0.006251903465590037,0.045970339357492576,0.07906897916117317,1,1.640930922216234
2025-01-26 08:00:00,1.4700000348356237,1.3240982830243022,1.6,0.02128732118161245,0.09925289003658853,0.14590175181132148,1,1.3240982830243022
2025-01-27 08:00:00,3.620000024724585,4.316542625548269,9.7,0.48517159476222216,0.192415081786271,0.6965426008236841,1,4.316542625548269
2025-01-28 08:00:00,3.2099999073142564,3.28221088946402,4.43,0.005214425943033449,0.022495633718002474,0.0722109821497634,1,3.28221088946402
2025-01-29 08:00:00,2.899999887385034,3.0231926154268254,5.16,0.015176448242378744,0.04248025269851844,0.12319272804179127,1,3.0231926154268254
2025-01-30 08:00:00,2.3700000895672817,2.606459611322465,2.95,0.05591310542869009,0.09977194633708078,0.23645952175518348,1,2.606459611322465
2025-01-31 08:00:00,1.7500001077891034,2.245507763814962,2.2,0.24552783718024046,0.2831472145746709,0.49550765602585845,0,0.0
2025-02-01 08:00:00,1.730000104698057,1.6697297577933516,2.02,0.003632514716013538,0.034838348703582676,0.06027034690470545,1,1.6697297577933516
2025-02-02 08:00:00,1.6300000642787384,1.7648901117923033,1.84,0.018195324918211773,0.08275462711300723,0.13489004751356481,1,1.7648901117923033
2025-02-03 08:00:00,1.2800000211071425,1.6387351770960252,1.49,0.12869091214236802,0.2802618359948095,0.3587351559888827,0,0.0
2025-02-04 08:00:00,1.2500000335257613,1.352288891115788,1.43,0.010463010387072764,0.08183108387726186,0.1022888575900267,1,1.352288891115788
2025-02-05 08:00:00,1.300000002302585,1.368194338948271,2.0,0.004650467550545133,0.0524571819422298,0.06819433664568586,1,1.368194338948271
2025-02-06 08:00:00,1.1200000348889732,1.3531566328368263,1.21,0.05436199916661684,0.2081755273971632,0.23315659794785315,0,0.0
2025-02-07 08:00:00,1.3200000215714005,1.3786803855885623,1.8,0.0034433851211866187,0.04445482049864324,0.05868036401716181,1,1.3786803855885623
2025-02-08 08:00:00,1.6300000642787384,1.5981861863367848,3.33,0.0010121228297055264,0.019517715759128543,0.03181387794195367,1,1.5981861863367848
2025-02-09 08:00:00,1.540000014627894,1.5801730834785652,2.0,0.001613875460880767,0.02608640809680647,0.04017306885067118,1,1.5801730834785652
2025-02-10 08:00:00,1.300000002302585,1.420413034311314,1.5,0.014499298277535166,0.09262540907342384,0.12041303200872888,1,1.420413034311314
2025-02-11 08:00:00,1.7700000837100272,2.4063129487887207,2.85,0.4048940622646557,0.35949877682770687,0.6363128650786936,1,2.4063129487887207
2025-02-12 08:00:00,1.6899999059743742,1.327106967660991,2.0,0.13169128467772095,0.2147295612446536,0.3628929383133832,1,1.327106967660991
2025-02-13 08:00:00,1.44999995213732,1.415432434433815,1.66,0.0011949132801821294,0.02383966816864509,0.03456751770350497,1,1.415432434433815
2025-02-14 08:00:00,1.2800000211071425,1.157487797658865,1.42,0.015009244894240704,0.09571267299066921,0.12251222344827761,1,1.157487797658865
2025-02-15 08:00:00,1.4200000408257725,1.1184014416689778,1.95,0.0909617150133409,0.21239337358145852,0.30159859915679466,1,1.1184014416689778
2025-02-16 08:00:00,1.9000000579630376,1.3832802141018865,3.19,0.2669993970398924,0.2719578042619214,0.5167198438611511,1,1.3832802141018865
2025-02-17 08:00:00,1.699999982407628,2.0724435060488706,1.99,0.1387141783023049,0.21908442793850438,0.37244352364124267,0,0.0
2025-02-18 08:00:00,1.5600000577394988,1.8413979175378516,1.9,0.07918475549909346,0.1803832367840482,0.28139785979835286,1,1.8413979175378516
2025-02-19 08:00:00,1.8699998943952088,4.787878530205618,4.49,8.514015733318818,1.5603629949691005,2.9178786358104096,0,0.0
2025-02-20 08:00:00,2.329999944302418,4.803584616898887,2.91,6.118621132504183,1.06162434838042,2.4735846725964694,0,0.0
2025-02-21 08:00:00,2.010000012096232,3.5049586635099117,2.3,2.2349013694366087,0.743760518615413,1.49495865141368,0,0.0
2025-02-22 08:00:00,3.709999971117728,6.192425580070869,6.44,6.1624369039863724,0.6691174200212324,2.482425608953141,1,6.192425580070869
2025-02-23 08:00:00,3.739999862540196,4.084010008055625,5.0,0.1183429802175466,0.09198132571100641,0.34401014551542897,1,4.084010008055625
2025-02-24 08:00:00,3.680000155155044,8.024694608417144,5.12,18.876369892206462,1.180623442957179,4.3446944532621,0,0.0
2025-02-25 08:00:00,2.990000029998383,3.955346962016392,3.42,0.9318946991565821,0.32285850245243336,0.9653469320180088,0,0.0
2025-02-26 08:00:00,2.2499999757562974,2.510694576370305,2.6,0.06796167478929682,0.11586426818799389,0.2606946006140074,1,2.510694576370305
2025-02-27 08:00:00,2.02000000428809,2.583284445399756,2.23,0.31728936159848214,0.27885368312669134,0.5632844411116662,0,0.0
2025-02-28 08:00:00,1.800000077602233,1.9667370749362496,2.73,0.027801226279963894,0.09263166119199609,0.1667369973340167,1,1.9667370749362496
