DATE,ACTUAL_VALUE,D+1,ORDER,SEASONAL_ORDER,MARGINAL_PRICE,RMSE,MAPE,MAE,ACCEPTANCE,REVENUE
2023-12-01,4.46,4.299860042978777,"(3, 0, 0)","(0, 0, 0, 7)",5.61,0.02564480583475921,0.035905819959915514,0.1601399570212232,1,4.299860042978777
2023-12-02,4.42,4.519002187025265,"(1, 0, 2)","(0, 0, 0, 7)",5.0,0.009801433035785567,0.022398684847345043,0.09900218702526509,1,4.519002187025265
2023-12-03,4.25,4.359719854881503,"(1, 0, 2)","(0, 0, 0, 7)",4.91,0.01203844655521799,0.025816436442706495,0.1097198548815026,1,4.359719854881503
2023-12-04,4.11,4.23267930217703,"(1, 0, 2)","(0, 0, 0, 7)",4.96,0.015050211182642995,0.029848978631880733,0.12267930217702983,1,4.23267930217703
2023-12-05,4.06,4.092661676194433,"(1, 0, 2)","(0, 0, 0, 7)",4.68,0.0010667850918300455,0.008044747831141338,0.03266167619443383,1,4.092661676194433
2023-12-06,4.48,4.05961006145305,"(1, 0, 2)","(0, 0, 0, 7)",9.45,0.17672770043150882,0.09383703985423002,0.4203899385469505,1,4.05961006145305
2023-12-07,5.05,4.557612832661367,"(3, 0, 0)","(0, 0, 0, 7)",6.28,0.2424451225597626,0.09750240937398666,0.49238716733863264,1,4.557612832661367
2023-12-08,4.6,5.029955598477765,"(1, 0, 2)","(0, 0, 0, 7)",5.35,0.18486181666237364,0.09346860836473167,0.42995559847776565,1,5.029955598477765
2023-12-09,4.96,4.428373081754379,"(1, 0, 2)","(0, 0, 0, 7)",8.8,0.2826271802033362,0.10718284642048811,0.531626918245621,1,4.428373081754379
2023-12-10,5.04,5.095148777432836,"(1, 0, 2)","(0, 0, 0, 7)",6.06,0.0030413876523365147,0.010942217744610377,0.055148777432836305,1,5.095148777432836
2023-12-11,5.41,4.891591060177029,"(1, 0, 2)","(0, 0, 0, 7)",7.0,0.2687478288883772,0.09582420329444943,0.5184089398229714,1,4.891591060177029
2023-12-12,5.58,5.421927584429037,"(3, 0, 0)","(0, 0, 0, 7)",8.68,0.024986888564439286,0.02832838988726939,0.1580724155709632,1,5.421927584429037
2023-12-13,5.67,5.423402736203207,"(1, 0, 2)","(0, 0, 0, 7)",6.37,0.06081021051206502,0.04349158091654194,0.2465972637967928,1,5.423402736203207
2023-12-14,5.41,5.632675131235523,"(1, 0, 2)","(0, 0, 0, 7)",5.9,0.04958421407075723,0.0411599133522223,0.22267513123552263,1,5.632675131235523
2023-12-15,5.12,5.285154030757587,"(1, 0, 2)","(0, 0, 0, 7)",5.5,0.027275853875477974,0.0322566466323412,0.16515403075758694,1,5.285154030757587
2023-12-16,4.89,5.093424428918439,"(3, 0, 0)","(0, 0, 0, 7)",5.57,0.04138149828079324,0.04160008771338231,0.20342442891843948,1,5.093424428918439
2023-12-17,4.89,4.860795698710084,"(1, 0, 2)","(0, 0, 0, 7)",6.68,0.0008528912138321713,0.005972249752538996,0.02920430128991569,1,4.860795698710084
2023-12-18,5.46,4.901615568002415,"(1, 0, 2)","(0, 0, 0, 7)",6.57,0.3117931738972652,0.1022682109885686,0.5583844319975846,1,4.901615568002415
2023-12-19,5.55,5.475991361468279,"(1, 0, 2)","(0, 0, 0, 7)",6.16,0.005477278577318924,0.013334889825535299,0.0740086385317209,1,5.475991361468279
2023-12-20,5.31,5.3745291099542,"(1, 0, 2)","(0, 0, 0, 7)",5.64,0.004164006031481323,0.012152374755969999,0.06452910995420069,1,5.3745291099542
2023-12-21,4.74,5.241013312518942,"(1, 0, 2)","(0, 0, 0, 7)",5.14,0.2510143393212028,0.10569901107994552,0.5010133125189418,0,0.0
2023-12-22,4.35,4.65767766951084,"(1, 0, 2)","(0, 0, 0, 7)",5.0,0.094665548315622,0.07073049873812426,0.3076776695108405,1,4.65767766951084
2023-12-23,4.52,4.379740593655289,"(1, 0, 2)","(0, 0, 0, 7)",6.15,0.019672701068170543,0.031030842111661558,0.14025940634471024,1,4.379740593655289
2023-12-24,5.26,4.571128135864443,"(1, 0, 2)","(0, 0, 0, 7)",7.2,0.47454444519759686,0.130964232725391,0.6888718641355567,1,4.571128135864443
2023-12-25,5.58,5.262411498740065,"(1, 0, 2)","(0, 0, 0, 7)",6.65,0.10086245613253152,0.05691550201790944,0.31758850125993465,1,5.262411498740065
2023-12-26,5.41,5.386602625455497,"(1, 0, 2)","(0, 0, 0, 7)",6.26,0.0005474371355757607,0.00432483817828153,0.02339737454450308,1,5.386602625455497
2023-12-27,5.63,5.290706102988776,"(1, 0, 2)","(0, 0, 0, 7)",6.36,0.1151203485490631,0.060265345827926114,0.33929389701122403,1,5.290706102988776
2023-12-28,5.17,5.616559833592672,"(1, 0, 2)","(0, 0, 0, 7)",5.73,0.19941568497831486,0.08637520959239302,0.44655983359267193,1,5.616559833592672
2023-12-29,4.87,4.998036990081925,"(1, 0, 2)","(0, 0, 0, 7)",5.37,0.016393470829238886,0.026290963055836693,0.1280369900819247,1,4.998036990081925
2023-12-30,4.67,4.906815705848238,"(1, 0, 2)","(0, 0, 0, 7)",5.02,0.05608167853639901,0.05071000125229928,0.23681570584823763,1,4.906815705848238
2023-12-31,4.71,4.628695087006649,"(1, 0, 2)","(0, 0, 0, 7)",6.83,0.006610488876856443,0.017262189595191383,0.08130491299335141,1,4.628695087006649
2024-01-01,4.72,4.732337828913781,"(1, 0, 2)","(0, 0, 0, 7)",5.25,0.00015222202230574664,0.0026139468037673004,0.012337828913781657,1,4.732337828913781
2024-01-02,4.71,4.656135049882388,"(1, 0, 2)","(0, 0, 0, 7)",5.19,0.0029014328511728347,0.011436295141743536,0.053864950117612054,1,4.656135049882388
2024-01-03,4.54,4.675965360062588,"(1, 0, 2)","(0, 0, 0, 7)",4.88,0.01848657913694928,0.02994831719440271,0.1359653600625883,1,4.675965360062588
2024-01-04,4.29,4.469864051925706,"(1, 0, 2)","(0, 0, 0, 7)",4.64,0.032351077175132976,0.041926352430234445,0.17986405192570576,1,4.469864051925706
2024-01-05,4.15,4.259095302827808,"(1, 0, 2)","(0, 0, 0, 7)",4.9,0.011901785099090961,0.026288024777784868,0.10909530282780722,1,4.259095302827808
2024-01-06,4.01,4.138776674606872,"(1, 0, 2)","(0, 0, 0, 7)",4.22,0.016583431922804173,0.032113883941863326,0.12877667460687192,1,4.138776674606872
2024-01-07,3.73,3.981941974115952,"(1, 0, 2)","(0, 0, 0, 7)",3.95,0.06347475832144296,0.06754476517853937,0.25194197411595187,0,0.0
2024-01-08,3.56,3.693431523744508,"(1, 0, 2)","(0, 0, 0, 7)",3.98,0.01780397152878122,0.03748076509677193,0.13343152374450806,1,3.693431523744508
2024-01-09,3.47,3.565577697777361,"(1, 0, 2)","(0, 0, 0, 7)",3.69,0.00913509631242052,0.027544005123158733,0.0955776977773608,1,3.565577697777361
2024-01-10,3.29,3.456283132559377,"(1, 0, 2)","(0, 0, 0, 7)",3.54,0.027650080173759264,0.050541985580357676,0.16628313255937677,1,3.456283132559377
2024-01-11,3.16,3.261148249135297,"(1, 0, 2)","(0, 0, 0, 7)",3.47,0.010230968303136126,0.032008939599777554,0.10114824913529707,1,3.261148249135297
2024-01-12,3.04,3.1560463463768915,"(1, 0, 2)","(0, 0, 0, 7)",3.21,0.013466754507425476,0.03817314025555641,0.11604634637689148,1,3.1560463463768915
2024-01-13,2.84,3.0219065567264063,"(1, 0, 2)","(0, 0, 0, 7)",3.68,0.03308999538005732,0.06405160448112902,0.18190655672640643,1,3.0219065567264063
2024-01-14,2.74,2.8147789142634214,"(1, 0, 2)","(0, 0, 0, 7)",3.13,0.005591886018416099,0.027291574548693867,0.0747789142634212,1,2.8147789142634214
2024-01-15,2.59,2.743327783526108,"(1, 0, 2)","(0, 0, 0, 7)",3.0,0.023509409201029032,0.059199916419346715,0.15332778352610799,1,2.743327783526108
2024-01-16,2.61,2.5633325137419547,"(1, 0, 2)","(0, 0, 0, 7)",3.05,0.0021778542736448354,0.017880262934116927,0.04666748625804518,1,2.5633325137419547
2024-01-17,2.58,2.6279812396103903,"(1, 0, 2)","(0, 0, 0, 7)",2.88,0.002302199354549682,0.018597379693949707,0.04798123961039025,1,2.6279812396103903
2024-01-18,2.51,2.543077396870436,"(1, 0, 2)","(0, 0, 0, 7)",2.78,0.0010941141837243354,0.013178245765113982,0.03307739687043609,1,2.543077396870436
2024-01-19,2.43,2.4973319195802737,"(1, 0, 2)","(0, 0, 0, 7)",2.59,0.00453358739436442,0.02770860888077099,0.06733191958027351,1,2.4973319195802737
2024-01-20,2.44,2.4100385398860755,"(1, 0, 2)","(0, 0, 0, 7)",4.0,0.000897689092158284,0.012279286931936239,0.02996146011392442,1,2.4100385398860755
2024-01-21,3.53,2.438405674079348,"(1, 0, 2)","(0, 0, 0, 7)",6.9,1.1915781723821626,0.30923352009083627,1.091594325920652,1,2.438405674079348
2024-01-22,3.56,3.706419947288172,"(1, 0, 2)","(0, 0, 0, 7)",4.56,0.021438800963870998,0.04112919867645274,0.14641994728817176,1,3.706419947288172
2024-01-23,3.39,3.2355212926035937,"(1, 0, 2)","(0, 0, 0, 7)",3.99,0.023863671038864564,0.045568940234928156,0.15447870739640646,1,3.2355212926035937
2024-01-24,3.21,3.4086971606261507,"(1, 0, 2)","(0, 0, 0, 7)",3.5,0.03948056164089434,0.06189942698633979,0.19869716062615073,1,3.4086971606261507
2024-01-25,3.02,3.125248918540315,"(1, 0, 2)","(0, 0, 0, 7)",3.5,0.011077334853905848,0.034850635278249976,0.10524891854031493,1,3.125248918540315
2024-01-26,2.89,3.00481411302782,"(3, 0, 0)","(0, 0, 0, 7)",3.17,0.013182280550365019,0.0397280667916332,0.11481411302781996,1,3.00481411302782
2024-01-27,2.93,2.872450313236107,"(1, 0, 2)","(0, 0, 0, 7)",3.52,0.0033119664466222196,0.019641531318734865,0.05754968676389316,1,2.872450313236107
2024-01-28,3.35,2.945202013577177,"(3, 0, 0)","(0, 0, 0, 7)",4.4,0.16386140981197223,0.12083521982770844,0.4047979864228233,1,2.945202013577177
2024-01-29,3.47,3.3760321382570018,"(1, 0, 2)","(0, 0, 0, 7)",3.98,0.008829959040551267,0.02708007543025891,0.09396786174299843,1,3.3760321382570018
2024-01-30,3.43,3.3509567958735818,"(3, 0, 0)","(0, 0, 0, 7)",3.9,0.0062478281185706485,0.023044665926069505,0.07904320412641841,1,3.3509567958735818
2024-01-31,3.36,3.3949814111682968,"(1, 0, 2)","(0, 0, 0, 7)",3.65,0.0012236991273254466,0.010411134276278837,0.034981411168296894,1,3.3949814111682968
2024-02-01,3.09,3.329030757683149,"(3, 0, 0)","(0, 0, 0, 7)",3.35,0.057135703118580385,0.07735623225991883,0.2390307576831492,1,3.329030757683149
2024-02-02,2.88,3.033129073762749,"(3, 0, 0)","(0, 0, 0, 7)",3.1,0.023448513231437453,0.05316981727873232,0.1531290737627491,1,3.033129073762749
2024-02-03,2.76,2.8804026858031917,"(3, 0, 0)","(0, 0, 0, 7)",3.17,0.014496806748622151,0.043624161522895624,0.12040268580319191,1,2.8804026858031917
2024-02-04,2.68,2.7631847041896984,"(3, 0, 0)","(0, 0, 0, 7)",4.86,0.006919695011127602,0.03103906872749935,0.08318470418969826,1,2.7631847041896984
2024-02-05,2.85,2.672298469110543,"(3, 0, 0)","(0, 0, 0, 7)",3.4,0.0315778340804567,0.062351414347177954,0.17770153088945717,1,2.672298469110543
2024-02-06,2.8,2.877519533287956,"(1, 0, 1)","(0, 0, 0, 7)",3.16,0.006009278041182539,0.02768554760284148,0.07751953328795613,1,2.877519533287956
2024-02-07,2.73,2.7294352545009644,"(3, 0, 0)","(0, 0, 0, 7)",2.96,3.1893747868099573e-07,0.00020686648316323216,0.0005647454990356238,1,2.7294352545009644
2024-02-08,2.83,2.70939928745342,"(3, 0, 0)","(0, 0, 0, 7)",3.44,0.01454453186674282,0.04261509277264311,0.12060071254658,1,2.70939928745342
2024-02-09,2.72,2.8474687280102997,"(3, 0, 0)","(0, 0, 0, 7)",2.9,0.016248276620563717,0.046863502944963054,0.12746872801029951,1,2.8474687280102997
2024-02-10,2.49,2.658127104114436,"(3, 0, 0)","(0, 0, 0, 7)",2.83,0.02826672313790636,0.067520925347163,0.16812710411443588,1,2.658127104114436
2024-02-11,2.41,2.454164312107647,"(3, 0, 0)","(0, 0, 0, 7)",2.73,0.0019504864639416297,0.0183254407085671,0.04416431210764671,1,2.454164312107647
2024-02-12,2.4,2.431001490353035,"(3, 0, 0)","(0, 0, 0, 7)",2.8,0.000961092404109316,0.012917287647097875,0.0310014903530349,1,2.431001490353035
2024-02-13,2.34,2.4020423235911803,"(3, 0, 0)","(0, 0, 0, 7)",2.52,0.003849249916592746,0.02651381350050447,0.06204232359118045,1,2.4020423235911803
2024-02-14,2.16,2.317201595080325,"(3, 0, 0)","(0, 0, 0, 7)",2.35,0.024712341495798373,0.07277851624089107,0.15720159508032472,1,2.317201595080325
2024-02-15,2.02,2.128876214815328,"(3, 0, 0)","(0, 0, 0, 7)",2.33,0.011854030152513484,0.053899116245211966,0.10887621481532817,1,2.128876214815328
2024-02-16,1.96,2.0252088207545857,"(3, 0, 0)","(0, 0, 0, 7)",2.11,0.004252190304203697,0.033269806507441727,0.06520882075458578,1,2.0252088207545857
2024-02-17,1.86,1.9739656758440995,"(3, 0, 0)","(0, 0, 0, 7)",2.19,0.012988175270602352,0.061271868733386796,0.11396567584409945,1,1.9739656758440995
2024-02-18,2.15,1.8478154034966745,"(3, 0, 0)","(0, 0, 0, 7)",3.61,0.09131553036387759,0.14055097511782577,0.3021845965033254,1,1.8478154034966745
2024-02-19,2.31,2.22794212360702,"(3, 0, 0)","(0, 0, 0, 7)",3.07,0.006733495078125623,0.03552289021341135,0.08205787639298023,1,2.22794212360702
2024-02-20,2.43,2.2499727083979733,"(3, 0, 0)","(0, 0, 0, 7)",2.89,0.03240982572156123,0.0740853051860193,0.1800272916020269,1,2.2499727083979733
2024-02-21,2.25,2.4009746175190583,"(3, 0, 0)","(0, 0, 0, 7)",2.5,0.022793335135025936,0.06709983000847035,0.15097461751905827,1,2.4009746175190583
2024-02-22,2.15,2.181659663853199,"(3, 0, 0)","(0, 0, 0, 7)",2.4,0.001002334315297553,0.014725425047999518,0.03165966385319896,1,2.181659663853199
2024-02-23,1.97,2.164003012142512,"(3, 0, 0)","(0, 0, 0, 7)",2.2,0.037637168720367674,0.09847868636675738,0.19400301214251203,1,2.164003012142512
2024-02-24,2.1,1.9530749267125185,"(3, 0, 0)","(0, 0, 0, 7)",3.17,0.02158697716053184,0.06996432061308648,0.1469250732874816,1,1.9530749267125185
2024-02-25,2.3,2.16351952433818,"(3, 0, 0)","(0, 0, 0, 7)",2.62,0.018626920236876603,0.05933933724426951,0.13648047566181987,1,2.16351952433818
2024-02-26,2.28,2.294108930621828,"(3, 0, 0)","(0, 0, 0, 7)",2.67,0.0001990619232915636,0.006188127465714156,0.014108930621828275,1,2.294108930621828
2024-02-27,2.21,2.2176133437394987,"(3, 0, 0)","(0, 0, 0, 7)",2.68,5.7963002895764575e-05,0.003444951918325219,0.007613343739498735,1,2.2176133437394987
2024-02-28,3.35,2.1951480845548383,"(3, 0, 0)","(0, 0, 0, 7)",22.46,1.333682946607359,0.34473191505825723,1.1548519154451617,1,2.1951480845548383
2024-02-29,4.75,3.62424189238391,"(3, 0, 0)","(0, 0, 0, 7)",7.21,1.2673313168633602,0.2370017068665453,1.12575810761609,1,3.62424189238391
2024-03-01,3.79,4.590449343194162,"(3, 0, 0)","(0, 0, 0, 7)",4.37,0.640719151019966,0.21120035440479218,0.8004493431941624,0,0.0
2024-03-02,3.38,3.2556331686087963,"(3, 0, 0)","(0, 0, 0, 7)",3.9,0.015467108750288075,0.036794920529941905,0.12436683139120364,1,3.2556331686087963
2024-03-03,3.14,3.5126656831400087,"(3, 0, 0)","(0, 0, 0, 7)",3.54,0.13887971139020927,0.11868333857962056,0.3726656831400086,1,3.5126656831400087
2024-03-04,3.11,3.1833018968305664,"(3, 0, 0)","(0, 0, 0, 7)",3.48,0.005373168078959021,0.023569741746162876,0.07330189683056654,1,3.1833018968305664
2024-03-05,2.9,3.159137912881778,"(3, 0, 0)","(0, 0, 0, 7)",3.11,0.06715245789272403,0.0893579009937166,0.2591379128817781,0,0.0
2024-03-06,2.86,2.859143076945925,"(3, 0, 0)","(0, 0, 0, 7)",3.24,7.343171206047088e-07,0.00029962344548066386,0.0008569230540746986,1,2.859143076945925
2024-03-07,2.82,2.894209866541946,"(3, 0, 0)","(0, 0, 0, 7)",3.09,0.005507104292173428,0.026315555511328352,0.07420986654194595,1,2.894209866541946
2024-03-08,2.7,2.809983774822072,"(3, 0, 0)","(0, 0, 0, 7)",3.05,0.012096430724112239,0.04073473141558222,0.109983774822072,1,2.809983774822072
2024-03-09,2.82,2.676900173243141,"(3, 0, 0)","(0, 0, 0, 7)",4.62,0.020477560417843012,0.05074461941732583,0.14309982675685884,1,2.676900173243141
2024-03-10,3.66,2.860501257716798,"(3, 0, 0)","(0, 0, 0, 7)",7.58,0.6391982389124223,0.21844227931235033,0.7994987422832023,1,2.860501257716798
2024-03-11,3.85,3.7706078675239065,"(3, 0, 0)","(0, 0, 0, 7)",4.54,0.00630311069910159,0.02062133311067365,0.07939213247609356,1,3.7706078675239065
2024-03-12,3.54,3.628031188669143,"(1, 0, 2)","(0, 0, 0, 7)",3.88,0.007749490178502241,0.02486756742066185,0.08803118866914295,1,3.628031188669143
2024-03-13,3.24,3.424080046624965,"(3, 0, 0)","(0, 0, 0, 7)",3.48,0.03388546356544913,0.05681482920523598,0.18408004662496458,1,3.424080046624965
2024-03-14,3.01,3.236019654775295,"(3, 0, 0)","(0, 0, 0, 7)",3.24,0.05108488434474366,0.07508958630408481,0.2260196547752953,1,3.236019654775295
2024-03-15,2.8,3.016412229316075,"(3, 0, 0)","(0, 0, 0, 7)",2.97,0.04683425299755346,0.07729008189859825,0.21641222931607507,0,0.0
2024-03-16,3.12,2.796763268462061,"(3, 0, 0)","(0, 0, 0, 7)",3.96,0.10448198461532977,0.10360151651857025,0.3232367315379392,1,2.796763268462061
2024-03-17,3.09,3.1971983761546503,"(1, 0, 2)","(0, 0, 0, 7)",3.54,0.011491491850193929,0.03469203111800986,0.10719837615465044,1,3.1971983761546503
2024-03-18,3.0,2.984637812036812,"(3, 0, 0)","(0, 0, 0, 7)",3.29,0.00023599681901631148,0.005120729321062593,0.015362187963187779,1,2.984637812036812
2024-03-19,2.84,2.9721150530902496,"(3, 0, 0)","(0, 0, 0, 7)",3.04,0.017454387253039504,0.046519384890933005,0.13211505309024973,1,2.9721150530902496
2024-03-20,2.79,2.815773115419791,"(3, 0, 0)","(0, 0, 0, 7)",3.21,0.000664253478441874,0.009237675777702905,0.025773115419791104,1,2.815773115419791
2024-03-21,2.85,2.80092803396133,"(3, 0, 0)","(0, 0, 0, 7)",3.23,0.002408057850900385,0.01721823369777896,0.049071966038670034,1,2.80092803396133
2024-03-22,2.78,2.8550925243087955,"(3, 0, 0)","(0, 0, 0, 7)",3.1,0.005638887207067065,0.027011699391653113,0.07509252430879565,1,2.8550925243087955
2024-03-23,4.6,2.7378236902359823,"(3, 0, 0)","(0, 0, 0, 7)",8.21,3.4677006086463336,0.4048209369052212,1.8621763097640174,1,2.7378236902359823
2024-03-24,5.25,4.990879815737864,"(3, 0, 0)","(0, 0, 0, 7)",6.66,0.06714326989204308,0.04935622557374011,0.25912018426213557,1,4.990879815737864
2024-03-25,4.52,4.724128323042632,"(3, 0, 0)","(0, 0, 0, 7)",4.97,0.041668372268197335,0.04516113341651162,0.2041283230426325,1,4.724128323042632
2024-03-26,4.05,4.246293277377056,"(3, 0, 0)","(0, 0, 0, 7)",4.47,0.03853105074342595,0.04846747589556945,0.19629327737705626,1,4.246293277377056
2024-03-27,3.74,4.121279333735119,"(3, 0, 0)","(0, 0, 0, 7)",4.0,0.1453739303334961,0.10194634591848095,0.3812793337351188,0,0.0
2024-03-28,3.94,3.777945423662905,"(3, 0, 0)","(0, 0, 0, 7)",7.09,0.026261685711795303,0.04113060313124235,0.16205457633709486,1,3.777945423662905
2024-03-29,4.33,4.034483014859744,"(3, 0, 0)","(0, 0, 0, 7)",5.56,0.0873302885063861,0.06824872636033619,0.2955169851402557,1,4.034483014859744
2024-03-30,5.52,4.32034818370046,"(3, 0, 0)","(0, 0, 0, 7)",9.25,1.4391644803507837,0.21732822759049628,1.1996518162995393,1,4.32034818370046
2024-03-31,7.08,5.604091224183114,"(3, 0, 0)","(0, 0, 0, 7)",8.94,2.1783067145332984,0.20846169149956015,1.4759087758168858,1,5.604091224183114
2024-04-01,6.79,6.97776206273073,"(3, 0, 0)","(0, 0, 0, 7)",7.52,0.035254592200898646,0.027652733833686327,0.18776206273073015,1,6.97776206273073
2024-04-02,6.02,6.306437172139951,"(3, 0, 0)","(0, 0, 0, 7)",6.64,0.08204625358353218,0.0475809256046431,0.28643717213995146,1,6.306437172139951
2024-04-03,5.46,5.926295642457211,"(3, 0, 0)","(0, 0, 0, 7)",6.17,0.21743162617458284,0.08540213231817045,0.46629564245721067,1,5.926295642457211
2024-04-04,5.08,5.504514603925031,"(3, 0, 0)","(0, 0, 0, 7)",5.45,0.18021264894562608,0.08356586691437622,0.42451460392503115,0,0.0
2024-04-05,4.73,5.116072509823874,"(3, 0, 0)","(0, 0, 0, 7)",5.03,0.14905198284170476,0.08162209510018463,0.3860725098238733,0,0.0
2024-04-06,4.55,4.730716946626782,"(3, 0, 0)","(0, 0, 0, 7)",5.12,0.032658614798107395,0.039718010247644535,0.18071694662678262,1,4.730716946626782
2024-04-07,4.5,4.577179393048255,"(3, 0, 0)","(0, 0, 0, 7)",5.22,0.005956658711297092,0.01715097623294564,0.07717939304825538,1,4.577179393048255
2024-04-08,4.62,4.5155248713071465,"(3, 0, 0)","(0, 0, 0, 7)",5.09,0.010915052515388317,0.022613664219232377,0.10447512869285358,1,4.5155248713071465
2024-04-09,4.45,4.641009138474868,"(3, 0, 0)","(0, 0, 0, 7)",4.76,0.03648449098091138,0.04292340190446477,0.19100913847486822,1,4.641009138474868
2024-04-10,4.23,4.372885090763705,"(3, 0, 0)","(0, 0, 0, 7)",4.49,0.02041614916255213,0.03377898126801529,0.1428850907637047,1,4.372885090763705
2024-04-11,4.5,4.210603454871034,"(3, 0, 0)","(0, 0, 0, 7)",7.48,0.08375036033258162,0.06431034336199243,0.28939654512896595,1,4.210603454871034
2024-04-12,5.72,4.593175369842586,"(3, 0, 0)","(0, 0, 0, 7)",7.7,1.2697337471293915,0.19699731296458278,1.1268246301574134,1,4.593175369842586
2024-04-13,6.03,5.901748885385517,"(3, 0, 0)","(0, 0, 0, 7)",7.2,0.016448348399857232,0.021268841561274114,0.1282511146144829,1,5.901748885385517
2024-04-14,5.97,5.726927610930676,"(3, 0, 0)","(0, 0, 0, 7)",6.61,0.05908418632786885,0.04071564306018828,0.24307238906932405,1,5.726927610930676
2024-04-15,6.49,5.856891727156787,"(3, 0, 0)","(0, 0, 0, 7)",7.5,0.4008260851425161,0.0975513517477986,0.6331082728432129,1,5.856891727156787
2024-04-16,5.91,6.606635956615163,"(3, 0, 0)","(0, 0, 0, 7)",6.3,0.4853016560491229,0.11787410433420689,0.6966359566151628,0,0.0
2024-04-17,16.01,5.656887850014059,"(3, 0, 0)","(0, 0, 0, 7)",72.19,107.18693119018656,0.6466653435344124,10.353112149985943,1,5.656887850014059
2024-04-18,15.31,16.908956943912525,"(3, 0, 0)","(0, 0, 0, 7)",19.18,2.5566633084860797,0.1044387291908899,1.5989569439125244,1,16.908956943912525
2024-04-19,11.32,13.87105595725456,"(1, 0, 1)","(0, 0, 0, 7)",12.97,6.507886497043979,0.22535830011082683,2.55105595725456,0,0.0
2024-04-20,9.12,11.605736064277623,"(1, 0, 2)","(0, 0, 0, 7)",9.86,6.178883781250414,0.2725587789778097,2.4857360642776243,0,0.0
2024-04-21,7.82,8.774535957420296,"(1, 0, 1)","(0, 0, 0, 7)",8.4,0.9111388940082809,0.12206342166499946,0.9545359574202958,0,0.0
2024-04-22,7.75,7.589182976463823,"(1, 0, 1)","(0, 0, 0, 7)",8.97,0.025862115059035375,0.020750583682087383,0.16081702353617722,1,7.589182976463823
2024-04-23,8.04,7.71550927465195,"(1, 0, 1)","(0, 0, 0, 7)",10.1,0.10529423083690305,0.040359542953737455,0.3244907253480491,1,7.71550927465195
2024-04-24,8.19,8.085729982219394,"(3, 0, 0)","(0, 0, 0, 7)",8.69,0.010872236607967697,0.012731381902393783,0.10427001778060507,1,8.085729982219394
2024-04-25,7.46,8.382614814087487,"(3, 0, 1)","(0, 0, 0, 7)",8.21,0.8512180951736891,0.12367490805462299,0.9226148140874875,0,0.0
2024-04-26,7.03,7.320977834898897,"(3, 0, 0)","(0, 0, 0, 7)",7.47,0.08466810040244947,0.04139087267409623,0.2909778348988965,1,7.320977834898897
2024-04-27,6.78,7.08166694755187,"(3, 0, 0)","(0, 0, 0, 7)",7.82,0.09100294724526259,0.04449365008139673,0.30166694755186985,1,7.08166694755187
2024-04-28,6.52,6.706499982436005,"(1, 0, 1)","(0, 0, 0, 7)",7.32,0.03478224344863049,0.028604291784663477,0.18649998243600585,1,6.706499982436005
2024-04-29,6.78,6.432564844977564,"(1, 0, 1)","(0, 0, 0, 7)",7.19,0.12071118694546455,0.05124412315965141,0.3474351550224366,1,6.432564844977564
2024-04-30,6.57,6.84983547354042,"(3, 0, 0)","(0, 0, 0, 7)",6.91,0.07830789225159088,0.042592918347095825,0.2798354735404196,1,6.84983547354042
2024-05-01,6.52,6.4650369732816175,"(3, 0, 0)","(0, 0, 0, 7)",8.06,0.0030209343060455785,0.00842991207337148,0.054963026718382046,1,6.4650369732816175
2024-05-02,6.42,6.525314607716548,"(3, 0, 0)","(0, 0, 0, 7)",6.89,0.011091166598490413,0.01640414450413522,0.1053146077165481,1,6.525314607716548
2024-05-03,6.19,6.389326808995151,"(3, 0, 0)","(0, 0, 0, 7)",6.88,0.0397311767841894,0.03220142310099369,0.19932680899515098,1,6.389326808995151
2024-05-04,6.32,6.148417680220348,"(3, 0, 0)","(0, 0, 0, 7)",7.12,0.02944049246096691,0.02714910123095766,0.17158231977965244,1,6.148417680220348
2024-05-05,6.24,6.358509775748514,"(3, 0, 0)","(0, 0, 0, 7)",6.87,0.014044566947963041,0.018991951241749013,0.11850977574851385,1,6.358509775748514
2024-05-06,6.2,6.259170973730354,"(3, 0, 1)","(0, 0, 0, 7)",6.69,0.0035012041321982514,0.009543705440379689,0.05917097373035407,1,6.259170973730354
2024-05-07,6.02,6.227626719110659,"(3, 0, 1)","(0, 0, 0, 7)",6.51,0.04310885448865663,0.03448948822436202,0.20762671911065933,1,6.227626719110659
2024-05-08,5.83,6.026003006297419,"(3, 0, 1)","(0, 0, 0, 7)",6.08,0.03841717847762597,0.03361972663763615,0.19600300629741874,1,6.026003006297419
2024-05-09,5.96,5.812917201384539,"(3, 0, 0)","(0, 0, 0, 7)",7.05,0.021633349648556264,0.02467832191534581,0.14708279861546103,1,5.812917201384539
2024-05-10,5.76,5.993447454532602,"(3, 0, 0)","(0, 0, 0, 7)",6.0,0.05449771402775157,0.04052907196746573,0.23344745453260263,1,5.993447454532602
2024-05-11,5.61,5.682967578501627,"(3, 0, 0)","(0, 0, 0, 7)",6.18,0.005324267512391009,0.013006698485138392,0.07296757850162638,1,5.682967578501627
2024-05-12,5.47,5.656426067454514,"(3, 0, 1)","(0, 0, 0, 7)",5.82,0.034754678626554986,0.03408154798071553,0.18642606745451396,1,5.656426067454514
2024-05-13,5.43,5.526022605752286,"(3, 0, 1)","(0, 0, 0, 7)",5.82,0.009220340815458979,0.01768372113301771,0.09602260575228616,1,5.526022605752286
2024-05-14,5.44,5.501193940065659,"(3, 0, 1)","(0, 0, 0, 7)",5.88,0.0037446983007594025,0.011248886041481337,0.06119394006565848,1,5.501193940065659
2024-05-15,5.31,5.500538589597234,"(3, 0, 1)","(0, 0, 0, 7)",5.63,0.03630495412570326,0.03588297355880118,0.19053858959723424,1,5.500538589597234
2024-05-16,5.16,5.331590768791011,"(3, 0, 1)","(0, 0, 0, 7)",5.4,0.029443391934290037,0.03325402495949817,0.17159076879101054,1,5.331590768791011
2024-05-17,4.96,5.1811638741876935,"(3, 0, 1)","(0, 0, 0, 7)",5.17,0.048913459245709945,0.0445894907636479,0.22116387418769357,0,0.0
2024-05-18,4.76,4.982442483375595,"(3, 0, 1)","(0, 0, 0, 7)",4.99,0.049480658410302115,0.04673161415453689,0.22244248337559558,1,4.982442483375595
2024-05-19,4.56,4.681561047922099,"(3, 0, 1)","(0, 0, 0, 7)",5.58,0.014777088371918845,0.026658124544319955,0.12156104792209899,1,4.681561047922099
2024-05-20,4.64,4.507600089060228,"(3, 0, 1)","(0, 0, 0, 7)",5.29,0.017529736416859554,0.028534463564606035,0.132399910939772,1,4.507600089060228
2024-05-21,4.71,4.638468704681395,"(3, 0, 1)","(0, 0, 0, 7)",4.88,0.0051167262099575325,0.015187111532612603,0.07153129531860536,1,4.638468704681395
2024-05-22,4.42,4.749417945525446,"(3, 0, 1)","(0, 0, 0, 7)",4.64,0.10851618283420557,0.07452894695145833,0.3294179455254458,0,0.0
2024-05-23,4.75,4.313696977599577,"(1, 0, 1)","(0, 0, 1, 7)",5.83,0.19036032735574437,0.09185326787377335,0.4363030224004234,1,4.313696977599577
2024-05-24,5.32,4.840092037790638,"(3, 0, 0)","(0, 0, 0, 7)",6.34,0.2303116521919431,0.09020826357318848,0.4799079622093627,1,4.840092037790638
2024-05-25,5.24,5.389108885499694,"(1, 0, 1)","(0, 0, 1, 7)",6.43,0.022233459734960867,0.02845589417933092,0.14910888549969403,1,5.389108885499694
2024-05-26,5.42,5.148156341707494,"(1, 0, 1)","(0, 0, 1, 7)",6.83,0.07389897455385296,0.05015565651153254,0.27184365829250634,1,5.148156341707494
2024-05-27,5.34,5.37507525187437,"(3, 0, 1)","(0, 0, 0, 7)",5.9,0.0012302732940505114,0.006568399227410153,0.03507525187437022,1,5.37507525187437
2024-05-28,5.26,5.2429032226357055,"(3, 0, 1)","(0, 0, 0, 7)",5.55,0.0002922997962442449,0.0032503379019570853,0.01709677736429427,1,5.2429032226357055
2024-05-29,4.95,5.17928761157206,"(1, 0, 1)","(0, 0, 1, 7)",5.2,0.05257280882041982,0.04632072961051715,0.2292876115720599,1,5.17928761157206
2024-05-30,4.57,4.920384903890443,"(3, 0, 0)","(0, 0, 1, 7)",5.23,0.12276958087431464,0.07667065730644256,0.3503849038904425,1,4.920384903890443
2024-05-31,4.53,4.55861784532957,"(3, 0, 0)","(0, 0, 1, 7)",4.98,0.0008189810713071668,0.006317405150015357,0.02861784532956957,1,4.55861784532957
2024-06-01,4.66,4.552002095770956,"(3, 0, 0)","(0, 0, 1, 7)",7.32,0.01166354731786571,0.02317551592897935,0.10799790422904376,1,4.552002095770956
2024-06-02,7.24,4.669734848752994,"(2, 0, 0)","(1, 0, 0, 7)",15.88,6.606262947714795,0.35500899879102293,2.570265151247006,1,4.669734848752994
2024-06-03,8.36,7.986317600806197,"(1, 0, 1)","(0, 0, 1, 7)",18.05,0.13963853546723606,0.044698851578205995,0.3736823991938021,1,7.986317600806197
2024-06-04,26.7,7.908889381468889,"(3, 0, 0)","(0, 0, 1, 7)",69.0,353.10583827787264,0.703786914551727,18.79111061853111,1,7.908889381468889
2024-06-05,22.43,15.897693343982931,"(1, 0, 1)","(0, 0, 1, 7)",30.82,42.6710302482449,0.29123079161912924,6.532306656017068,1,15.897693343982931
2024-06-06,17.42,13.65687558883142,"(1, 0, 1)","(0, 0, 1, 7)",20.27,14.161105333932882,0.21602321533688754,3.7631244111685813,1,13.65687558883142
2024-06-07,14.1,14.102774631530728,"(2, 0, 0)","(0, 0, 1, 7)",15.87,7.69858013131364e-06,0.00019678237806586206,0.002774631530728655,1,14.102774631530728
2024-06-08,11.84,14.134663015522523,"(2, 0, 0)","(1, 0, 0, 7)",12.98,5.2654783548069215,0.19380599793264558,2.2946630155225236,0,0.0
2024-06-09,10.21,11.905758148220906,"(2, 0, 0)","(1, 0, 0, 7)",11.87,2.8755956972575945,0.16608796750449611,1.6957581482209054,0,0.0
2024-06-10,9.76,9.846298237339,"(2, 0, 0)","(0, 0, 0, 7)",11.19,0.007447385767818258,0.008842032514241734,0.08629823733899933,1,9.846298237339
2024-06-11,9.25,9.673850672197537,"(1, 0, 1)","(0, 0, 0, 7)",10.21,0.17964939232230362,0.045821694291625574,0.4238506721975366,1,9.673850672197537
2024-06-12,8.95,9.105042364314466,"(1, 0, 1)","(0, 0, 0, 7)",9.37,0.024038134732219753,0.017323169197147097,0.1550423643144665,1,9.105042364314466
2024-06-13,8.73,8.863870096317578,"(1, 0, 1)","(0, 0, 0, 7)",9.26,0.01792120268807757,0.015334489841646946,0.13387009631757785,1,8.863870096317578
2024-06-14,8.26,8.652306725952608,"(1, 0, 1)","(0, 0, 0, 7)",8.52,0.15390456722765455,0.047494761011211604,0.39230672595260785,0,0.0
2024-06-15,7.61,8.130455734435712,"(1, 0, 1)","(0, 0, 0, 7)",8.0,0.2708741715070158,0.06839102949220913,0.5204557344357115,0,0.0
2024-06-16,7.06,7.43544621229662,"(2, 0, 0)","(0, 0, 0, 7)",7.56,0.140959858327879,0.05317935018365729,0.37544621229662045,1,7.43544621229662
2024-06-17,7.19,6.899642190584133,"(2, 0, 0)","(0, 0, 0, 7)",8.73,0.08430765748878093,0.04038356181027357,0.290357809415867,1,6.899642190584133
2024-06-18,7.31,7.172135376421436,"(2, 0, 0)","(0, 0, 0, 7)",8.69,0.01900665443445899,0.01885972962771046,0.13786462357856344,1,7.172135376421436
2024-06-19,7.48,7.292478372782856,"(2, 0, 0)","(0, 0, 0, 7)",7.98,0.035164360674165625,0.025069736258976506,0.18752162721714427,1,7.292478372782856
2024-06-20,7.05,7.477983761839795,"(1, 0, 1)","(0, 0, 0, 7)",7.42,0.1831701003985424,0.060706916573020575,0.42798376183979503,0,0.0
2024-06-21,6.9,6.920759185101075,"(1, 0, 1)","(0, 0, 0, 7)",7.63,0.0004309437660606894,0.003008577550880418,0.020759185101074884,1,6.920759185101075
2024-06-22,6.78,6.83168199300796,"(2, 0, 0)","(0, 0, 0, 7)",9.09,0.002671028401274798,0.007622712833032408,0.051681993007959726,1,6.83168199300796
2024-06-23,7.18,6.712199955914231,"(2, 0, 0)","(0, 0, 0, 7)",8.0,0.21883688124664682,0.06515320948269755,0.46780004408576836,1,6.712199955914231
2024-06-24,7.03,7.221994918361322,"(2, 0, 0)","(0, 0, 0, 7)",7.65,0.03686204867657048,0.02731079919791201,0.19199491836132143,1,7.221994918361322
2024-06-25,6.93,6.956699045714347,"(2, 0, 0)","(0, 0, 0, 7)",7.27,0.0007128390420568266,0.003852676149256518,0.02669904571434767,1,6.956699045714347
2024-06-26,6.63,6.864861271347127,"(2, 0, 0)","(0, 0, 0, 7)",6.87,0.05515981677878901,0.03542402282762103,0.23486127134712742,1,6.864861271347127
2024-06-27,7.73,6.529342106385745,"(2, 0, 0)","(0, 0, 0, 7)",17.25,1.44157937749822,0.15532443643133959,1.2006578936142551,1,6.529342106385745
2024-06-28,7.77,7.943181916872355,"(2, 0, 0)","(0, 0, 0, 7)",9.0,0.029991976331583417,0.02228853499000713,0.1731819168723554,1,7.943181916872355
2024-06-29,7.45,7.742238106008391,"(2, 0, 0)","(0, 0, 0, 7)",8.26,0.08540311060337141,0.039226591410522246,0.29223810600839073,1,7.742238106008391
2024-06-30,7.22,7.359950345795247,"(1, 0, 1)","(0, 0, 0, 7)",8.17,0.019586099288209306,0.01938370440377387,0.13995034579524734,1,7.359950345795247
2024-07-01,7.06,7.149663745494065,"(1, 0, 1)","(0, 0, 0, 7)",7.28,0.008039587256024536,0.012700247237119749,0.08966374549406542,1,7.149663745494065
2024-07-02,6.65,7.001396707932733,"(1, 0, 1)","(0, 0, 0, 7)",7.0,0.12347964634596194,0.052841610215448455,0.35139670793273226,0,0.0
2024-07-03,6.38,6.535939461574006,"(2, 0, 0)","(0, 0, 0, 7)",6.68,0.024317115675990812,0.024441921876803406,0.15593946157400573,1,6.535939461574006
2024-07-04,6.36,6.294503364719871,"(2, 0, 0)","(0, 0, 0, 7)",8.44,0.00428980923301829,0.010298213094359967,0.06549663528012939,1,6.294503364719871
2024-07-05,6.36,6.3361807315106535,"(1, 0, 1)","(0, 0, 0, 7)",7.18,0.000567357551367589,0.003745168001469621,0.02381926848934679,1,6.3361807315106535
2024-07-06,7.16,6.333516209064596,"(1, 0, 1)","(0, 0, 0, 7)",11.48,0.6830754566789564,0.1154306970580173,0.8264837909354039,1,6.333516209064596
2024-07-07,6.88,7.317995171263489,"(1, 0, 1)","(0, 0, 0, 7)",7.8,0.19183977005013353,0.06366208884643743,0.4379951712634895,1,7.317995171263489
2024-07-08,6.64,6.765149828285567,"(1, 0, 1)","(0, 0, 0, 7)",7.43,0.01566247951990707,0.018847865705657777,0.12514982828556764,1,6.765149828285567
2024-07-09,6.35,6.587881670473531,"(1, 0, 1)","(0, 0, 0, 7)",6.6,0.056587689147277874,0.037461680389532535,0.2378816704735316,1,6.587881670473531
2024-07-10,5.96,6.2764379201080365,"(1, 0, 1)","(0, 0, 0, 7)",6.3,0.1001329572823001,0.05309361075638196,0.3164379201080365,1,6.2764379201080365
2024-07-11,5.73,5.871710983482617,"(1, 0, 1)","(0, 0, 0, 7)",6.01,0.02008200283961052,0.024731410729950592,0.1417109834826169,1,5.871710983482617
2024-07-12,5.45,5.678007529056023,"(1, 0, 1)","(0, 0, 0, 7)",5.67,0.0519874333062331,0.04183624386349043,0.22800752905602284,0,0.0
2024-07-13,5.81,5.381766140937191,"(1, 0, 1)","(0, 0, 0, 7)",8.14,0.18338423804782575,0.07370634407277263,0.428233859062809,1,5.381766140937191
2024-07-14,6.26,5.881927768615255,"(1, 0, 1)","(0, 0, 0, 7)",7.3,0.14293861214423992,0.06039492514133302,0.37807223138474466,1,5.881927768615255
2024-07-15,5.69,6.321627753567362,"(1, 0, 1)","(0, 0, 0, 7)",6.18,0.39895361907655136,0.11100663507334996,0.6316277535673613,0,0.0
2024-07-16,5.36,5.547145520784762,"(1, 0, 1)","(0, 0, 0, 7)",5.94,0.03502344594979982,0.03491520910163472,0.1871455207847621,1,5.547145520784762
2024-07-17,5.23,5.3018623449792734,"(1, 0, 1)","(0, 0, 0, 7)",5.6,0.005164196625920046,0.013740410129880117,0.07186234497927302,1,5.3018623449792734
2024-07-18,4.9,5.195528705548952,"(1, 0, 1)","(0, 0, 0, 7)",5.3,0.087337215803439,0.060311980724275856,0.2955287055489517,1,5.195528705548952
2024-07-19,4.57,4.819802748109951,"(1, 0, 1)","(0, 0, 0, 7)",4.97,0.0624014129632835,0.05466143284681635,0.24980274810995073,1,4.819802748109951
2024-07-20,5.79,4.495871154166667,"(1, 0, 1)","(0, 0, 0, 7)",7.28,1.6747694696179143,0.22351102691421984,1.2941288458333329,1,4.495871154166667
2024-07-21,5.67,6.080423724161022,"(1, 0, 1)","(0, 0, 0, 7)",6.43,0.16844763335420304,0.07238513653633553,0.41042372416102246,1,6.080423724161022
2024-07-22,5.46,5.566118334919182,"(1, 0, 1)","(0, 0, 0, 7)",5.9,0.01126110100601961,0.019435592476040597,0.10611833491918166,1,5.566118334919182
2024-07-23,5.19,5.41475020471121,"(1, 0, 1)","(0, 0, 0, 7)",5.51,0.0505126545177308,0.04330447104262235,0.22475020471121,1,5.41475020471121
2024-07-24,4.95,5.123221794260256,"(1, 0, 1)","(0, 0, 0, 7)",5.47,0.030005790006742333,0.034994301870758714,0.17322179426025563,1,5.123221794260256
2024-07-25,5.06,4.894665376701924,"(1, 0, 1)","(0, 0, 0, 7)",5.51,0.027335537661116665,0.03267482673875018,0.1653346232980759,1,4.894665376701924
2024-07-26,4.82,5.073971099780193,"(1, 0, 1)","(0, 0, 0, 7)",5.06,0.06450131952356072,0.052691099539459114,0.25397109978019294,0,0.0
2024-07-27,4.75,4.748417497775052,"(1, 0, 1)","(0, 0, 0, 7)",5.09,2.504313291964813e-06,0.0003331583631469103,0.0015825022249478238,1,4.748417497775052
2024-07-28,4.95,4.727520944610582,"(1, 0, 1)","(0, 0, 0, 7)",8.36,0.04949693008696784,0.04494526371503399,0.22247905538941826,1,4.727520944610582
2024-07-29,4.84,4.972962597692001,"(1, 0, 1)","(0, 0, 0, 7)",5.63,0.01767905238500486,0.027471611093388595,0.1329625976920008,1,4.972962597692001
2024-07-30,4.88,4.7908424183375296,"(1, 0, 1)","(0, 0, 0, 7)",5.21,0.007949074367900068,0.018269996242309496,0.08915758166247034,1,4.7908424183375296
2024-07-31,4.79,4.876585631996623,"(1, 0, 1)","(0, 0, 0, 7)",5.1,0.007497071668254692,0.018076332358376492,0.08658563199662339,1,4.876585631996623
2024-08-01,4.66,4.753163675115701,"(1, 0, 1)","(0, 0, 0, 7)",4.92,0.008679470361063845,0.019992204960450812,0.09316367511570078,1,4.753163675115701
2024-08-02,4.5,4.622954484389697,"(1, 0, 1)","(0, 0, 0, 7)",4.68,0.015117805231536304,0.027323218753266057,0.12295448438969725,1,4.622954484389697
2024-08-03,4.93,4.4581137147375,"(1, 0, 1)","(0, 0, 0, 7)",6.5,0.222676666218841,0.0957172992418863,0.4718862852624994,1,4.4581137147375
2024-08-04,5.59,5.010641552269675,"(1, 0, 1)","(0, 0, 0, 7)",9.43,0.33565621095649156,0.10364194055998656,0.5793584477303249,1,5.010641552269675
2024-08-05,5.72,5.6952413577959815,"(1, 0, 1)","(0, 0, 0, 7)",7.62,0.0006129903637865934,0.004328433951751441,0.024758642204018244,1,5.6952413577959815
2024-08-06,5.8,5.705996058418213,"(1, 0, 1)","(0, 0, 0, 7)",6.11,0.008836741032911948,0.016207576134790794,0.0940039415817866,1,5.705996058418213
2024-08-07,5.14,5.799768323232547,"(1, 0, 1)","(0, 0, 0, 7)",5.56,0.4352942403410867,0.12835959595963953,0.6597683232325471,0,0.0
2024-08-08,4.79,5.002540132139831,"(2, 0, 0)","(0, 0, 0, 7)",5.01,0.04517330777001693,0.04437163510226122,0.21254013213983125,1,5.002540132139831
2024-08-09,4.53,4.7086065327177336,"(2, 0, 0)","(0, 0, 0, 7)",4.85,0.031900293529450736,0.03942749066616629,0.1786065327177333,1,4.7086065327177336
2024-08-10,4.91,4.465643815953353,"(2, 0, 0)","(0, 0, 0, 7)",5.89,0.1974524183004978,0.09050024115002998,0.44435618404664723,1,4.465643815953353
2024-08-11,5.46,4.972806970260462,"(2, 0, 0)","(0, 0, 0, 7)",6.82,0.2373570482267907,0.08922949262628908,0.4871930297395384,1,4.972806970260462
2024-08-12,5.24,5.560841490146407,"(2, 0, 0)","(0, 0, 0, 7)",5.78,0.1029392617993668,0.061229292012673034,0.3208414901464067,1,5.560841490146407
2024-08-13,5.06,5.164803493767563,"(1, 0, 1)","(0, 0, 0, 7)",5.33,0.01098377230588767,0.020712152918490764,0.10480349376756326,1,5.164803493767563
2024-08-14,5.1,5.024262323490624,"(1, 0, 1)","(0, 0, 0, 7)",5.9,0.005736195643038854,0.01485052480575996,0.0757376765093758,1,5.024262323490624
2024-08-15,4.99,5.101058788091173,"(1, 0, 1)","(0, 0, 0, 7)",5.27,0.01233405441227999,0.022256270158551632,0.11105878809117264,1,5.101058788091173
2024-08-16,4.7,4.95381562472565,"(1, 0, 1)","(0, 0, 0, 7)",4.95,0.06442237135487211,0.05400332440971281,0.2538156247256502,0,0.0
2024-08-17,5.02,4.635263004292519,"(1, 0, 1)","(0, 0, 0, 7)",5.84,0.14802255586601765,0.07664083579830283,0.3847369957074802,1,4.635263004292519
2024-08-18,5.15,5.085591976835853,"(1, 0, 1)","(0, 0, 0, 7)",6.01,0.004148393447913333,0.012506412264882968,0.06440802316414729,1,5.085591976835853
2024-08-19,5.06,5.1465854710777785,"(1, 0, 1)","(0, 0, 0, 7)",5.78,0.0074970438017608896,0.017111753177426664,0.08658547107777892,1,5.1465854710777785
2024-08-20,5.07,5.029157459481372,"(2, 0, 0)","(0, 0, 0, 7)",5.45,0.0016681131160158162,0.00805572791294449,0.04084254051862857,1,5.029157459481372
2024-08-21,4.93,5.058751152070888,"(2, 0, 0)","(0, 0, 0, 7)",5.15,0.016576859159581084,0.02611585234703623,0.1287511520708886,1,5.058751152070888
2024-08-22,4.73,4.891548044645949,"(2, 0, 0)","(0, 0, 0, 7)",4.91,0.02609777072892952,0.03415392064396384,0.16154804464594896,1,4.891548044645949
2024-08-23,4.69,4.679267094795611,"(2, 0, 0)","(0, 0, 0, 7)",6.44,0.00011519525412641403,0.0022884659284412856,0.010732905204389631,1,4.679267094795611
2024-08-24,5.34,4.6688145050202365,"(2, 0, 0)","(0, 0, 0, 7)",6.4,0.45048996867122987,0.12569016759920662,0.6711854949797633,1,4.6688145050202365
2024-08-25,6.4,5.46136198008232,"(2, 0, 0)","(0, 0, 0, 7)",16.78,0.8810413324349831,0.1466621906121375,0.93863801991768,1,5.46136198008232
2024-08-26,6.86,6.622659976941242,"(2, 0, 0)","(0, 0, 0, 7)",7.97,0.056330286545531835,0.03459767099981897,0.23734002305875812,1,6.622659976941242
2024-08-27,5.95,6.938909768825103,"(2, 0, 0)","(0, 0, 0, 7)",6.47,0.9779425308777181,0.1662033224916139,0.9889097688251027,0,0.0
2024-08-28,5.59,5.789435209961818,"(2, 0, 0)","(0, 0, 0, 7)",6.03,0.03977440297251442,0.035677139528053306,0.19943520996181796,1,5.789435209961818
2024-08-29,5.22,5.502719707700516,"(2, 0, 0)","(0, 0, 0, 7)",5.44,0.07993043312226528,0.05416086354416018,0.28271970770051613,0,0.0
2024-08-30,4.92,5.130975456072792,"(2, 0, 0)","(0, 0, 0, 7)",5.31,0.04451064306512273,0.04288119025869763,0.21097545607279233,1,5.130975456072792
2024-08-31,5.19,4.844450197505237,"(2, 0, 0)","(0, 0, 0, 7)",7.29,0.11940466600416985,0.0665799234093956,0.3455498024947632,1,4.844450197505237
2024-09-01,5.53,5.229322731000349,"(2, 0, 0)","(0, 0, 0, 7)",7.31,0.09040682009308867,0.05437201971060602,0.3006772689996513,1,5.229322731000349
2024-09-02,5.62,5.584431065841851,"(2, 0, 0)","(0, 0, 0, 7)",6.1,0.0012651490771467776,0.006328991843087108,0.035568934158149546,1,5.584431065841851
2024-09-03,5.45,5.549921304757193,"(2, 0, 0)","(0, 0, 1, 7)",5.8,0.009984267144379833,0.018334184359117975,0.09992130475719296,1,5.549921304757193
2024-09-04,5.38,5.383708949450231,"(2, 0, 0)","(0, 0, 1, 7)",5.97,1.3756306024368281e-05,0.0006893958085931088,0.003708949450230925,1,5.383708949450231
2024-09-05,5.24,5.326424379948982,"(2, 0, 0)","(0, 0, 1, 7)",5.75,0.007469173449565944,0.016493202280340014,0.08642437994898167,1,5.326424379948982
2024-09-06,5.01,5.1786511509387045,"(2, 0, 0)","(0, 0, 1, 7)",5.26,0.028443210712949772,0.033662904378982984,0.16865115093870475,1,5.1786511509387045
2024-09-07,5.03,4.97326656912866,"(2, 0, 0)","(0, 0, 1, 7)",5.68,0.003218682178433099,0.011279012101658024,0.05673343087133986,1,4.97326656912866
2024-09-08,5.11,5.035754126609674,"(2, 0, 0)","(0, 0, 1, 7)",5.49,0.005512449715492411,0.014529525125308536,0.07424587339032662,1,5.035754126609674
2024-09-09,5.02,5.111051439075002,"(2, 0, 0)","(0, 0, 1, 7)",5.41,0.008290364557628865,0.01813773686753035,0.09105143907500235,1,5.111051439075002
2024-09-10,4.88,4.98110857316537,"(2, 0, 0)","(0, 0, 1, 7)",5.22,0.01022294356753703,0.020718969910936528,0.10110857316537025,1,4.98110857316537
2024-09-11,4.81,4.838067186207218,"(2, 0, 0)","(0, 0, 1, 7)",5.84,0.0007877669415906819,0.005835173847654595,0.028067186207218597,1,4.838067186207218
2024-09-12,5.11,4.777782560917766,"(2, 0, 0)","(0, 0, 1, 7)",5.71,0.11036842683035823,0.06501319747206155,0.33221743908223456,1,4.777782560917766
2024-09-13,5.03,5.1378683101188924,"(2, 0, 0)","(1, 0, 0, 7)",5.3,0.0116355723279055,0.021444992071350335,0.1078683101188922,1,5.1378683101188924
2024-09-14,4.83,5.004029159278965,"(2, 0, 0)","(0, 0, 1, 7)",5.17,0.030286148279343412,0.03603088183829505,0.17402915927896512,1,5.004029159278965
2024-09-15,4.75,4.783127365014675,"(2, 0, 0)","(0, 0, 1, 7)",5.13,0.0010974223128155023,0.0069741821083525975,0.03312736501467484,1,4.783127365014675
2024-09-16,4.88,4.72219822530992,"(2, 0, 0)","(0, 0, 0, 7)",5.33,0.024901400095338824,0.03233642923977053,0.15780177469008017,1,4.72219822530992
2024-09-17,4.84,4.892964951207524,"(2, 0, 0)","(0, 0, 0, 7)",5.26,0.002805286056415455,0.010943171737091846,0.052964951207524535,1,4.892964951207524
2024-09-18,4.78,4.820909752953934,"(2, 0, 0)","(0, 0, 0, 7)",5.06,0.0016736078867519077,0.008558525722580325,0.04090975295393395,1,4.820909752953934
2024-09-19,4.72,4.757309494816616,"(2, 0, 0)","(0, 0, 0, 7)",4.95,0.0013919984034711415,0.007904553986571316,0.037309494816616606,1,4.757309494816616
2024-09-20,4.6,4.697029253108739,"(2, 0, 0)","(0, 0, 0, 7)",4.81,0.009414675958839802,0.021093315893204203,0.09702925310873933,1,4.697029253108739
2024-09-21,4.47,4.566290989567618,"(2, 0, 0)","(0, 0, 0, 7)",4.64,0.009271954671911086,0.02154160840438878,0.09629098956761784,1,4.566290989567618
2024-09-22,4.3,4.427778818668493,"(2, 0, 0)","(0, 0, 0, 7)",4.53,0.016327426500315656,0.02971600434151004,0.12777881866849317,1,4.427778818668493
2024-09-23,4.45,4.251698459805085,"(2, 0, 0)","(0, 0, 0, 7)",4.93,0.03932350084367561,0.04456214386402591,0.1983015401949153,1,4.251698459805085
2024-09-24,4.55,4.466020015357768,"(2, 0, 0)","(0, 0, 0, 7)",4.95,0.007052637820509522,0.018457139481809232,0.083979984642232,1,4.466020015357768
2024-09-25,4.4,4.556502632733169,"(2, 0, 0)","(0, 0, 0, 7)",4.6,0.024493074052413077,0.03556878016662924,0.15650263273316867,1,4.556502632733169
2024-09-26,4.27,4.36023416097734,"(2, 0, 0)","(0, 0, 0, 7)",4.44,0.008142203807284597,0.02113212200874485,0.0902341609773405,1,4.36023416097734
2024-09-27,4.17,4.232757720855759,"(2, 0, 0)","(0, 0, 0, 7)",5.07,0.003938531527009429,0.015049813154858389,0.06275772085575948,1,4.232757720855759
2024-09-28,4.23,4.137614715112453,"(2, 0, 0)","(0, 0, 0, 7)",4.66,0.008535040863753311,0.021840492881216898,0.09238528488754749,1,4.137614715112453
2024-09-29,4.08,4.22389316458376,"(2, 0, 0)","(0, 0, 0, 7)",4.37,0.020705242813929107,0.035267932496019665,0.14389316458376022,1,4.22389316458376
2024-09-30,4.04,4.037361912679191,"(2, 0, 0)","(0, 0, 0, 7)",4.36,6.959504712215267e-06,0.0006529919110914332,0.0026380873208093902,1,4.037361912679191
2024-10-01,3.96,4.017442116124699,"(2, 0, 0)","(0, 0, 0, 7)",4.28,0.003299596704883426,0.014505584879974541,0.05744211612469918,1,4.017442116124699
2024-10-02,3.91,3.933007650989453,"(2, 0, 0)","(0, 0, 0, 7)",4.19,0.0005293520040524679,0.00588430971597258,0.023007650989452788,1,3.933007650989453
2024-10-03,3.91,3.888850519543155,"(2, 0, 0)","(0, 0, 0, 7)",4.43,0.0004473005235944805,0.00540907428563818,0.021149480456845282,1,3.888850519543155
2024-10-04,3.99,3.8974861598634982,"(2, 0, 0)","(0, 0, 0, 7)",4.17,0.008558810616802246,0.023186426099373932,0.09251384013650199,1,3.8974861598634982
2024-10-05,3.76,3.990050188096956,"(2, 0, 0)","(0, 0, 0, 7)",3.96,0.05292308904344488,0.06118356066408407,0.2300501880969561,0,0.0
2024-10-06,3.55,3.714491926299486,"(2, 0, 0)","(0, 0, 0, 7)",3.76,0.027057593817715664,0.04633575388717927,0.1644919262994864,1,3.714491926299486
2024-10-07,3.49,3.5073593511504404,"(2, 0, 0)","(0, 0, 0, 7)",3.88,0.0003013470723642889,0.004974026117604636,0.017359351150440183,1,3.5073593511504404
2024-10-08,3.48,3.4701020003142293,"(2, 0, 0)","(0, 0, 0, 7)",3.7,9.797039777951595e-05,0.002844252783267429,0.009897999685770653,1,3.4701020003142293
2024-10-09,3.3,3.468277035997977,"(2, 0, 0)","(0, 0, 0, 7)",3.47,0.02831716084426454,0.050993041211508265,0.16827703599797728,1,3.468277035997977
2024-10-10,3.08,3.262485212443359,"(2, 0, 0)","(0, 0, 0, 7)",3.23,0.033300852760497913,0.059248445598493224,0.18248521244335913,0,0.0
2024-10-11,2.89,3.036691591166291,"(2, 0, 0)","(0, 0, 0, 7)",3.13,0.02151842291889818,0.050758336043699205,0.1466915911662907,1,3.036691591166291
2024-10-12,3.55,2.851938336127301,"(2, 0, 0)","(0, 0, 0, 7)",5.0,0.48729008656872047,0.1966370884148447,0.6980616638726986,1,2.851938336127301
2024-10-13,3.8,3.641002770280682,"(2, 0, 0)","(0, 0, 0, 7)",5.73,0.02528011905841746,0.041841376241925694,0.15899722971931762,1,3.641002770280682
2024-10-14,4.44,3.821402094058931,"(2, 0, 0)","(0, 0, 0, 7)",6.81,0.38266336923467636,0.13932385268943007,0.6185979059410696,1,3.821402094058931
2024-10-15,17.85,4.531875311824746,"(2, 0, 0)","(0, 0, 0, 7)",34.46,177.37244520978328,0.7461134279089779,13.318124688175256,1,4.531875311824746
2024-10-16,12.96,19.594323701649767,"(2, 0, 0)","(0, 0, 0, 7)",15.32,44.01425097827185,0.5119076930285313,6.634323701649766,0,0.0
2024-10-17,9.3,16.009440161778468,"(3, 0, 0)","(0, 0, 1, 7)",10.41,45.01658728448586,0.7214451786858566,6.709440161778467,0,0.0
2024-10-18,7.96,8.647730000532693,"(2, 0, 0)","(0, 0, 0, 7)",8.6,0.47297255363269813,0.0863982412729514,0.6877300005326932,0,0.0
2024-10-19,6.75,7.675807973935799,"(2, 0, 0)","(0, 0, 0, 7)",7.25,0.8571204046031098,0.13715673687937768,0.9258079739357994,0,0.0
2024-10-20,5.75,6.5011380896519775,"(2, 0, 0)","(0, 0, 0, 7)",5.89,0.5642084297260221,0.13063271124382217,0.7511380896519775,0,0.0
2024-10-21,4.91,5.531950138237506,"(2, 0, 0)","(0, 0, 0, 7)",6.2,0.3868219744536527,0.12667008925407452,0.6219501382375059,1,5.531950138237506
2024-10-22,4.99,4.719048514888644,"(2, 0, 0)","(0, 0, 0, 7)",5.41,0.07341470728404968,0.05429889481189511,0.2709514851113566,1,4.719048514888644
2024-10-23,4.7,4.97300430185106,"(2, 0, 0)","(0, 0, 0, 7)",4.97,0.07453134882918465,0.05808602167043828,0.27300430185105995,0,0.0
2024-10-24,4.37,4.614008001666991,"(2, 0, 0)","(0, 0, 0, 7)",4.66,0.05953990487751828,0.05583707131967757,0.244008001666991,1,4.614008001666991
2024-10-25,4.09,4.279701306844494,"(2, 0, 0)","(0, 0, 0, 7)",4.27,0.03598658581850892,0.046381737614790745,0.18970130684449416,0,0.0
2024-10-26,3.8,4.011361366707384,"(2, 0, 0)","(0, 0, 0, 7)",4.0,0.0446736273364135,0.055621412291417,0.2113613667073846,0,0.0
2024-10-27,3.43,3.721881163293631,"(2, 0, 0)","(0, 0, 0, 7)",3.7,0.0851946134856431,0.08509654906519844,0.2918811632936307,0,0.0
2024-10-28,3.38,3.338214214581349,"(2, 0, 0)","(0, 0, 0, 7)",3.71,0.0017460518630535438,0.012362658407884902,0.04178578541865097,1,3.338214214581349
2024-10-29,3.2,3.3515163469852265,"(2, 0, 0)","(0, 0, 0, 7)",3.62,0.0229572034037475,0.04734885843288322,0.1515163469852263,1,3.3515163469852265
2024-10-30,3.05,3.14669903726504,"(2, 0, 0)","(0, 0, 0, 7)",3.38,0.0093507038079856,0.03170460238198034,0.09669903726504003,1,3.14669903726504
2024-10-31,2.94,3.0037751903941783,"(2, 0, 0)","(0, 0, 0, 7)",3.15,0.004067274909813697,0.021692241630672904,0.06377519039417834,1,3.0037751903941783
2024-11-01,2.8,2.902708463505047,"(2, 0, 0)","(0, 0, 0, 7)",3.17,0.010549028475567579,0.03668159410894537,0.10270846350504703,1,2.902708463505047
2024-11-02,2.76,2.7580612775375424,"(2, 0, 0)","(0, 0, 0, 7)",2.93,3.7586447864369216e-06,0.0007024356748034093,0.0019387224624574095,1,2.7580612775375424
2024-11-03,2.53,2.7383484084914045,"(2, 0, 0)","(0, 0, 0, 7)",2.74,0.04340905932090123,0.08235114960134574,0.20834840849140468,1,2.7383484084914045
2024-11-04,2.69,2.472407215215305,"(2, 0, 0)","(0, 0, 0, 7)",3.0,0.0473466199903585,0.08088951107237725,0.2175927847846948,1,2.472407215215305
2024-11-05,2.77,2.7121004667740154,"(2, 0, 0)","(0, 0, 0, 7)",3.26,0.003352355947786897,0.020902358565337408,0.05789953322598462,1,2.7121004667740154
2024-11-06,2.86,2.7739969612656163,"(2, 0, 0)","(0, 0, 0, 7)",3.25,0.007396522671547874,0.030070992564469767,0.08600303873438353,1,2.7739969612656163
2024-11-07,2.91,2.8656778454050578,"(2, 0, 0)","(0, 0, 0, 7)",3.23,0.0019644533879379714,0.015230980960461297,0.044322154594942376,1,2.8656778454050578
2024-11-08,2.86,2.9063196172310417,"(2, 0, 0)","(0, 0, 0, 7)",3.07,0.0021455069404302273,0.01619567036050414,0.04631961723104183,1,2.9063196172310417
2024-11-09,2.64,2.8359845645228217,"(2, 0, 0)","(0, 0, 0, 7)",2.83,0.0384099495312,0.07423657747076573,0.19598456452282154,0,0.0
2024-11-10,2.33,2.5839765886764687,"(2, 0, 0)","(0, 0, 0, 7)",2.53,0.06450410759573615,0.10900282775814105,0.25397658867646866,0,0.0
2024-11-11,2.33,2.2700573073093944,"(2, 0, 0)","(1, 0, 0, 7)",2.5,0.0035931264070003946,0.02572647754961618,0.0599426926906057,1,2.2700573073093944
2024-11-12,2.29,2.323444545696191,"(2, 0, 0)","(1, 0, 0, 7)",2.55,0.0011185376368246182,0.014604605107507053,0.03344454569619115,1,2.323444545696191
2024-11-13,2.27,2.2724444066796696,"(2, 0, 0)","(0, 0, 0, 7)",2.43,5.975124015613399e-06,0.0010768311364183296,0.0024444066796696085,1,2.2724444066796696
2024-11-14,2.14,2.256897867554104,"(2, 0, 0)","(0, 0, 0, 7)",2.25,0.01366511143869682,0.054625171754254166,0.11689786755410392,0,0.0
2024-11-15,1.92,2.1055216550082174,"(2, 0, 0)","(0, 0, 0, 7)",2.5,0.03441828447698807,0.09662586198344661,0.1855216550082175,1,2.1055216550082174
2024-11-16,3.27,1.869773001113888,"(2, 0, 0)","(0, 0, 0, 7)",6.95,1.960635648409608,0.4282039751945297,1.400226998886112,1,1.869773001113888
2024-11-17,3.55,3.605108554741941,"(2, 0, 0)","(0, 0, 0, 7)",4.57,0.0030369528057455062,0.01552353654702563,0.055108554741940985,1,3.605108554741941
2024-11-18,3.22,3.587344585227396,"(2, 0, 0)","(0, 0, 0, 7)",3.68,0.1349420442958876,0.11408216932527825,0.367344585227396,1,3.587344585227396
2024-11-19,3.21,3.144839258685826,"(1, 0, 1)","(0, 0, 0, 7)",3.89,0.004245922208612723,0.02029929635955581,0.06516074131417415,1,3.144839258685826
2024-11-20,2.99,3.2041022789408062,"(1, 0, 1)","(0, 0, 0, 7)",3.39,0.04583978584764671,0.0716061133581291,0.21410227894080602,1,3.2041022789408062
2024-11-21,2.84,2.931113283138461,"(1, 0, 1)","(0, 0, 0, 7)",3.17,0.008301630364269383,0.03208214195016237,0.09111328313846112,1,2.931113283138461
2024-11-22,2.82,2.805884123950072,"(1, 0, 1)","(0, 0, 0, 7)",3.08,0.00019925795665693186,0.005005629804939019,0.014115876049928033,1,2.805884123950072
2024-11-23,2.7,2.8060019741619637,"(1, 0, 1)","(0, 0, 0, 7)",2.98,0.01123641852623359,0.03925999043035687,0.10600197416196355,1,2.8060019741619637
2024-11-24,2.51,2.663000310386104,"(1, 0, 1)","(0, 0, 0, 7)",2.8,0.023409094978244286,0.06095629895860734,0.1530003103861044,1,2.663000310386104
2024-11-25,2.36,2.4653806651084484,"(1, 0, 1)","(0, 0, 0, 7)",2.61,0.01110508457869899,0.04465282419849516,0.10538066510844857,1,2.4653806651084484
2024-11-26,2.38,2.3260347738915845,"(1, 0, 1)","(0, 0, 0, 7)",3.26,0.0029122456289323953,0.022674464751435027,0.053965226108415365,1,2.3260347738915845
2024-11-27,2.56,2.378346682410084,"(1, 0, 1)","(0, 0, 0, 7)",2.93,0.03299792779142288,0.07095832718356093,0.18165331758991599,1,2.378346682410084
2024-11-28,2.33,2.5846535353070728,"(1, 0, 1)","(0, 0, 0, 7)",2.58,0.06484842304439052,0.10929336279273505,0.2546535353070727,0,0.0
2024-11-29,2.4,2.2694334814742096,"(1, 0, 1)","(0, 0, 0, 7)",3.3,0.017047615759945532,0.05440271605241261,0.13056651852579026,1,2.2694334814742096
2024-11-30,2.44,2.4149914399167827,"(1, 0, 1)","(0, 0, 0, 7)",3.03,0.0006254280774358887,0.010249409870171016,0.02500856008321728,1,2.4149914399167827
2024-12-01,2.59,2.429099011492567,"(1, 0, 1)","(0, 0, 0, 7)",4.22,0.025889128102669107,0.06212393378665369,0.16090098850743306,1,2.429099011492567
2024-12-02,2.73,2.6511766510436408,"(2, 0, 1)","(0, 0, 0, 7)",3.46,0.0062131203406959774,0.02887302159573598,0.07882334895635923,1,2.6511766510436408
2024-12-03,2.77,2.724542843661992,"(2, 0, 1)","(0, 0, 0, 7)",3.16,0.002066353062338117,0.016410525753793564,0.045457156338008176,1,2.724542843661992
2024-12-04,3.04,2.7755262437210453,"(2, 0, 1)","(0, 0, 0, 7)",3.91,0.06994636776029996,0.086997946144393,0.26447375627895475,1,2.7755262437210453
2024-12-05,3.12,3.0471667616820883,"(2, 0, 1)","(0, 0, 0, 7)",4.76,0.005304680603873732,0.023343986640356338,0.07283323831791177,1,3.0471667616820883
2024-12-06,3.23,3.079380200153436,"(2, 0, 1)","(0, 0, 0, 7)",4.52,0.02268632410581898,0.046631516980360346,0.15061979984656393,1,3.079380200153436
2024-12-07,5.15,3.232672877463009,"(2, 0, 1)","(0, 0, 0, 7)",13.15,3.6761432948159793,0.3722965286479595,1.9173271225369914,1,3.232672877463009
2024-12-08,4.77,5.616467377625606,"(2, 0, 1)","(0, 0, 0, 7)",6.31,0.7165070213843717,0.17745647329677294,0.8464673776256069,1,5.616467377625606
2024-12-09,4.19,4.350456304327565,"(2, 0, 1)","(0, 0, 0, 7)",4.99,0.02574622559846011,0.038295060698702824,0.16045630432756486,1,4.350456304327565
2024-12-10,4.1,4.325981995627394,"(2, 0, 1)","(0, 0, 0, 7)",5.03,0.051067862347739856,0.05511755990912067,0.22598199562739474,1,4.325981995627394
2024-12-11,4.88,3.918081868878534,"(2, 0, 1)","(0, 0, 0, 7)",8.25,0.9252864909802138,0.19711437113144795,0.961918131121466,1,3.918081868878534
2024-12-12,6.73,5.115756153150418,"(2, 0, 1)","(0, 0, 0, 7)",9.41,2.6057831970917387,0.2398579267235635,1.6142438468495826,1,5.115756153150418
2024-12-13,6.77,6.748872691794985,"(2, 0, 1)","(0, 0, 0, 7)",8.76,0.0004463631519896643,0.0031207249933551395,0.021127308205014295,1,6.748872691794985
2024-12-14,6.19,6.6606262890075705,"(2, 0, 1)","(0, 0, 0, 7)",7.56,0.22148910390503687,0.07603009515469629,0.4706262890075701,1,6.6606262890075705
2024-12-15,5.36,6.069488585336462,"(2, 0, 1)","(0, 0, 0, 7)",6.14,0.5033740527227333,0.13236727338366816,0.7094885853364614,1,6.069488585336462
2024-12-16,4.77,5.224003986771828,"(2, 0, 1)","(0, 0, 0, 7)",5.2,0.20611962000471495,0.0951790328662115,0.45400398677182885,0,0.0
2024-12-17,4.49,4.693703095569036,"(2, 0, 1)","(0, 0, 0, 7)",4.9,0.0414949511444079,0.04536817273252477,0.2037030955690362,1,4.693703095569036
2024-12-18,4.52,4.42995119640564,"(2, 0, 1)","(0, 0, 0, 7)",5.35,0.008108787028775516,0.019922301680168012,0.0900488035943594,1,4.42995119640564
2024-12-19,4.27,4.5116747363656655,"(2, 0, 1)","(0, 0, 0, 7)",4.75,0.05840667819741414,0.05659829891467587,0.24167473636566594,1,4.5116747363656655
2024-12-20,3.98,4.165909716961322,"(2, 0, 1)","(0, 0, 0, 7)",4.24,0.034562422860639014,0.04671098416113628,0.1859097169613224,1,4.165909716961322
2024-12-21,3.72,3.946934789479496,"(2, 0, 1)","(0, 0, 0, 7)",4.02,0.051499398676103154,0.06100397566653117,0.22693478947949597,1,3.946934789479496
2024-12-22,3.31,3.640390849096019,"(2, 0, 1)","(0, 0, 0, 7)",3.61,0.10915811316638827,0.0998159664942655,0.3303908490960188,0,0.0
2024-12-23,3.01,3.238852813872409,"(2, 0, 1)","(0, 0, 0, 7)",3.21,0.05237361041731962,0.07603083517355791,0.2288528138724093,0,0.0
2024-12-24,3.04,2.959967623524877,"(2, 0, 1)","(0, 0, 0, 7)",3.63,0.00640518128425585,0.02632643962997473,0.08003237647512318,1,2.959967623524877
2024-12-25,2.89,3.0502958269660807,"(2, 0, 1)","(0, 0, 0, 7)",3.16,0.025694752142739644,0.055465684071308155,0.16029582696608058,1,3.0502958269660807
2024-12-26,2.67,2.814493680584026,"(2, 0, 1)","(0, 0, 0, 7)",2.83,0.0208784237287186,0.054117483364803834,0.14449368058402623,1,2.814493680584026
2024-12-27,2.52,2.6448716266223724,"(2, 0, 1)","(0, 0, 0, 7)",3.16,0.015592923135317181,0.04955223278665571,0.12487162662237239,1,2.6448716266223724
2024-12-28,2.56,2.475438543800262,"(2, 0, 1)","(0, 0, 0, 7)",2.91,0.0071506398746201865,0.033031818828022606,0.08456145619973787,1,2.475438543800262
2024-12-29,2.93,2.5749479973099016,"(2, 0, 1)","(0, 0, 0, 7)",7.55,0.12606192461424973,0.12117815791470939,0.3550520026900985,1,2.5749479973099016
2024-12-30,3.03,2.970021880665298,"(2, 0, 1)","(0, 0, 0, 7)",3.7,0.0035973747989277256,0.019794758856337216,0.05997811933470176,1,2.970021880665298
2024-12-31,2.73,2.9811650464789143,"(2, 0, 1)","(0, 0, 0, 7)",3.2,0.06308388057275521,0.09200184852707485,0.25116504647891436,1,2.9811650464789143
2025-01-01,2.5,2.665973802965353,"(2, 0, 1)","(0, 0, 0, 7)",3.16,0.02754730327078183,0.0663895211861412,0.16597380296535302,1,2.665973802965353
2025-01-02,2.52,2.4682513375720574,"(2, 0, 1)","(0, 0, 0, 7)",2.88,0.002677924063081161,0.020535183503151835,0.05174866242794263,1,2.4682513375720574
2025-01-03,2.73,2.5225122399602458,"(2, 0, 1)","(0, 0, 0, 7)",3.11,0.04305117056631463,0.07600284250540448,0.20748776003975422,1,2.5225122399602458
2025-01-04,2.61,2.7474061379197154,"(2, 0, 1)","(0, 0, 0, 7)",2.79,0.018880446738011897,0.05264602985429715,0.13740613791971557,1,2.7474061379197154
2025-01-05,3.01,2.538831067141937,"(2, 0, 1)","(0, 0, 0, 7)",8.8,0.2220001632906057,0.1565345291887252,0.47116893285806283,1,2.538831067141937
2025-01-06,3.02,3.138334473770644,"(2, 0, 1)","(0, 0, 0, 7)",3.57,0.01400304768257523,0.039183600586305954,0.11833447377064399,1,3.138334473770644
2025-01-07,2.75,2.8841824581777296,"(2, 0, 1)","(0, 0, 0, 7)",3.01,0.018004932082618143,0.04879362115553802,0.13418245817772956,1,2.8841824581777296
2025-01-08,2.53,2.7591260158815256,"(2, 0, 1)","(0, 0, 0, 7)",2.7,0.05249873115374122,0.0905636426409193,0.2291260158815258,0,0.0
2025-01-09,2.89,2.4485583654599257,"(2, 0, 1)","(0, 0, 0, 7)",6.16,0.19487071670541264,0.1527479704290915,0.44144163454007446,1,2.4485583654599257
2025-01-10,3.06,3.019508584877228,"(2, 0, 1)","(0, 0, 0, 7)",3.57,0.001639554698644648,0.013232488602213068,0.04049141512277199,1,3.019508584877228
2025-01-11,2.66,2.956283950181251,"(2, 0, 1)","(0, 0, 0, 7)",3.12,0.08778417913500594,0.11138494367716198,0.29628395018125087,1,2.956283950181251
2025-01-12,2.45,2.630645314777005,"(2, 0, 1)","(0, 0, 0, 7)",2.7,0.032632729750883084,0.07373278154163454,0.18064531477700463,1,2.630645314777005
2025-01-13,2.53,2.4007342134685508,"(2, 0, 1)","(0, 0, 0, 7)",3.5,0.016709643567594152,0.051093196257489745,0.12926578653144905,1,2.4007342134685508
2025-01-14,2.5,2.560375213137347,"(2, 0, 1)","(0, 0, 0, 7)",3.14,0.0036451663613800717,0.02415008525493878,0.06037521313734695,1,2.560375213137347
2025-01-15,4.0,2.4413311131486566,"(2, 0, 1)","(0, 0, 0, 7)",6.49,2.429448698838406,0.38966722171283585,1.5586688868513434,1,2.4413311131486566
2025-01-16,4.13,4.468705484742088,"(2, 0, 1)","(0, 0, 0, 7)",4.99,0.11472140539437299,0.08201101325474293,0.3387054847420883,1,4.468705484742088
2025-01-17,3.71,3.768581699509056,"(2, 0, 1)","(0, 0, 0, 7)",4.11,0.0034318155173693587,0.015790215501093323,0.05858169950905623,1,3.768581699509056
2025-01-18,3.13,3.8328530042780975,"(2, 0, 1)","(0, 0, 0, 7)",3.41,0.4940023456227475,0.2245536754882101,0.7028530042780976,0,0.0
2025-01-19,2.67,2.9437286365154653,"(2, 0, 1)","(0, 0, 0, 7)",2.91,0.07492736644861579,0.10252008858257132,0.2737286365154654,0,0.0
2025-01-20,2.73,2.6776859367706303,"(2, 0, 1)","(0, 0, 0, 7)",3.65,0.002736761211566492,0.01916266052357865,0.05231406322936971,1,2.6776859367706303
2025-01-21,3.03,2.7032240652385595,"(2, 0, 1)","(0, 0, 0, 7)",3.46,0.10678251153921307,0.10784684315559086,0.3267759347614403,1,2.7032240652385595
2025-01-22,2.93,3.081367543520859,"(2, 0, 1)","(0, 0, 0, 7)",3.17,0.022912133231539147,0.05166127765217031,0.15136754352085902,1,3.081367543520859
2025-01-23,2.69,2.8391913525282555,"(2, 0, 1)","(0, 0, 0, 7)",2.89,0.022258059669210222,0.05546146934135894,0.14919135252825555,1,2.8391913525282555
2025-01-24,2.23,2.666299522558475,"(2, 0, 1)","(0, 0, 0, 7)",2.62,0.19035727338475336,0.19565001011590813,0.43629952255847515,0,0.0
2025-01-25,2.18,2.126281546934141,"(2, 0, 1)","(0, 0, 0, 7)",2.41,0.0028856721997888943,0.024641492232045405,0.053718453065858984,1,2.126281546934141
2025-01-26,2.11,2.220050497019104,"(2, 0, 1)","(0, 0, 0, 7)",2.47,0.012111111894151884,0.05215663365834327,0.1100504970191043,1,2.220050497019104
2025-01-27,1.93,2.049500300974279,"(2, 0, 1)","(0, 0, 0, 7)",2.19,0.014280321932943265,0.06191725439081813,0.119500300974279,1,2.049500300974279
2025-01-28,2.13,1.912172911135723,"(2, 0, 1)","(0, 0, 0, 7)",2.92,0.04744864064308555,0.10226623890341635,0.21782708886427682,1,1.912172911135723
2025-01-29,2.33,2.173112291273446,"(2, 0, 1)","(0, 0, 0, 7)",2.7,0.024613753149468082,0.06733378056933653,0.1568877087265541,1,2.173112291273446
2025-01-30,2.65,2.322642583641822,"(2, 0, 1)","(0, 0, 0, 7)",4.63,0.1071628780447014,0.12353110051251995,0.32735741635817783,1,2.322642583641822
2025-01-31,2.85,2.708096759238179,"(2, 0, 1)","(0, 0, 0, 7)",3.4,0.02013652973870741,0.049790610793621494,0.14190324076182126,1,2.708096759238179
2025-02-01,2.76,2.822762522847669,"(2, 0, 1)","(0, 0, 0, 7)",3.54,0.00393913427420422,0.022740044510025134,0.06276252284766937,1,2.822762522847669
2025-02-02,2.69,2.725461869148067,"(2, 0, 1)","(0, 0, 0, 7)",3.01,0.0012575441634746288,0.013182850984411538,0.03546186914806704,1,2.725461869148067
2025-02-03,2.79,2.6648044677279468,"(2, 0, 1)","(0, 0, 0, 7)",3.26,0.015673921300882732,0.04487295063514454,0.12519553227205327,1,2.6648044677279468
2025-02-04,2.75,2.7968006436886275,"(2, 0, 1)","(0, 0, 0, 7)",3.0,0.0021903002496698656,0.017018415886773622,0.046800643688627463,1,2.7968006436886275
2025-02-05,2.58,2.6993483664457445,"(2, 0, 1)","(0, 0, 0, 7)",2.75,0.014244032573267694,0.04625905676191644,0.11934836644574442,1,2.6993483664457445
2025-02-06,2.45,2.540302382533977,"(2, 0, 1)","(0, 0, 0, 7)",2.8,0.008154520291312682,0.03685811531999054,0.09030238253397682,1,2.540302382533977
2025-02-07,2.5,2.41674585400128,"(2, 0, 1)","(0, 0, 0, 7)",4.47,0.006931252825976176,0.033301658399487975,0.08325414599871994,1,2.41674585400128
2025-02-08,2.63,2.5072633124302577,"(2, 0, 1)","(0, 0, 0, 7)",3.5,0.015064294475592512,0.04666794204172708,0.12273668756974221,1,2.5072633124302577
2025-02-09,2.62,2.626180959759408,"(2, 0, 1)","(0, 0, 0, 7)",2.95,3.8204263547421275e-05,0.0023591449463389396,0.006180959759408022,1,2.626180959759408
2025-02-10,2.45,2.5885518673111885,"(2, 0, 1)","(0, 0, 0, 7)",2.89,0.019196619935417127,0.05655178257599522,0.1385518673111883,1,2.5885518673111885
2025-02-11,2.26,2.401878011313163,"(2, 0, 1)","(0, 0, 0, 7)",2.53,0.020129370094178013,0.06277788111201904,0.14187801131316302,1,2.401878011313163
2025-02-12,2.32,2.22212488466668,"(2, 0, 1)","(0, 0, 0, 7)",2.67,0.00957953820151068,0.042187549712637905,0.09787511533331994,1,2.22212488466668
2025-02-13,2.44,2.3357006546875927,"(2, 0, 1)","(0, 0, 0, 7)",2.86,0.01087835343259677,0.042745633324757074,0.10429934531240725,1,2.3357006546875927
2025-02-14,2.48,2.428898133935381,"(2, 0, 1)","(0, 0, 0, 7)",2.98,0.002611400715286279,0.020605591155088386,0.051101866064619195,1,2.428898133935381
2025-02-15,2.62,2.4677841255981163,"(2, 0, 1)","(0, 0, 0, 7)",3.91,0.02316967241993006,0.05809766198545182,0.15221587440188378,1,2.4677841255981163
2025-02-16,2.77,2.6318379687014883,"(2, 0, 1)","(0, 0, 0, 7)",3.15,0.01908874689253092,0.04987798963845187,0.13816203129851168,1,2.6318379687014883
2025-02-17,2.67,2.7624092244361824,"(2, 0, 1)","(0, 0, 0, 7)",2.89,0.008539464760896747,0.03461019641804588,0.09240922443618249,1,2.7624092244361824
2025-02-18,2.53,2.616933439761217,"(2, 0, 1)","(0, 0, 0, 7)",2.78,0.007557422948717209,0.03436104338388039,0.08693343976121737,1,2.616933439761217
2025-02-19,2.45,2.500571945235375,"(2, 0, 1)","(0, 0, 0, 7)",2.68,0.0025575216448897684,0.02064161030015306,0.050571945235375004,1,2.500571945235375
2025-02-20,2.41,2.420790274791242,"(2, 0, 1)","(0, 0, 0, 7)",2.6,0.00011643003007050909,0.004477292444498688,0.010790274791241838,1,2.420790274791242
2025-02-21,2.27,2.3913606905888734,"(2, 0, 1)","(0, 0, 0, 7)",2.4,0.014728417220208248,0.053462859290252567,0.12136069058887333,1,2.3913606905888734
2025-02-22,1.94,2.224030238439494,"(2, 0, 1)","(0, 0, 0, 7)",2.23,0.08067317634799577,0.146407339401801,0.28403023843949393,1,2.224030238439494
2025-02-23,1.91,1.8748736617162185,"(2, 0, 1)","(0, 0, 0, 7)",2.21,0.0012338596412266483,0.018390753028157812,0.03512633828378142,1,1.8748736617162185
2025-02-24,1.84,1.9283848987309584,"(2, 0, 1)","(0, 0, 0, 7)",1.98,0.007811890323681761,0.04803527104943388,0.08838489873095834,1,1.9283848987309584
2025-02-25,1.95,1.7929488221156584,"(2, 0, 1)","(0, 0, 0, 7)",2.84,0.024665072474859086,0.0805390655817136,0.15705117788434153,1,1.7929488221156584
2025-02-26,2.26,1.9894706214878044,"(2, 0, 1)","(0, 0, 0, 7)",2.89,0.07318614463819469,0.11970326482840504,0.2705293785121954,1,1.9894706214878044
2025-02-27,2.3,2.277109229050821,"(2, 0, 1)","(0, 0, 0, 7)",2.76,0.0005239873946477781,0.009952509108338704,0.022890770949179018,1,2.277109229050821
2025-02-28,2.31,2.267304847852984,"(2, 0, 1)","(0, 0, 0, 7)",2.66,0.001822876016856847,0.018482749847193083,0.042695152147016024,1,2.267304847852984
