DATE,ACTUAL_VALUE,D+1_ENSEMBEL_MODEL,D+1_RECENCY_WEIGHTED,D+1_SINGLE_MODEL
2023-12-10,5.039999966848681,5.950079496934249,5.863966177336119,4.757683082983786
2023-12-11,5.410000132582679,5.578304135848635,5.502186620724146,4.652263465566006
2023-12-12,5.5799996085797465,6.166344054481837,5.954294573335331,5.346790922787601
2023-12-13,5.669999764071468,6.317501839467,6.0878819199719185,5.413721854634998
2023-12-14,5.410000132582679,6.358544987265905,6.160159671891317,5.511101626180548
2023-12-15,5.119999552446252,6.219918591453353,5.993736025273335,5.3002545966268855
2023-12-16,4.890000091713654,6.01338889536294,5.810207720807598,5.033433700228519
2023-12-17,4.890000091713654,5.6730163564532345,5.5661640685486145,4.77931843776516
2023-12-18,5.459999664166348,5.523105950628173,5.49311068302999,4.75638761519838
2023-12-19,5.550000441320073,5.958048356254329,5.890648052552839,5.450590350533613
2023-12-20,5.30999962714051,5.900812588080103,5.843831758375457,5.323140162920975
2023-12-21,4.740000452669926,5.700746811664713,5.640006983048773,5.020454719143847
2023-12-22,4.349999922867713,5.165629469504402,5.175117069666517,4.533612139626663
2023-12-23,4.520000170891262,4.9866189277612225,5.032798064491887,4.401062739817712
2023-12-24,5.259999648864385,5.215622475960315,5.386609123641987,4.934144787397234
2023-12-25,5.5799996085797465,5.6618538674899055,5.876491373443871,5.433183934118038
2023-12-26,5.410000132582679,5.732763015761125,5.881004157388645,5.601317398473223
2023-12-27,5.630000223734821,5.50286748362063,5.584204339938359,5.260147232791967
2023-12-28,5.169999758461071,6.104987047749557,5.9034744792717895,5.668903455236868
2023-12-29,4.870000081044222,5.3664701486110475,5.414275606272957,5.154928434565383
2023-12-30,4.670000306263281,5.215202083512644,5.25655328154274,4.949487982615642
2023-12-31,4.710000093319451,5.207735763433821,5.320208775127142,5.354511276782475
2024-01-01,4.720000110653009,4.932108385575906,5.105865354367262,4.7652126709374025
2024-01-02,4.710000093319451,4.783331215839907,4.931034033637841,4.818095946459387
2024-01-03,4.540000133774984,4.966091981558828,5.010823588900844,4.88122498196642
2024-01-04,4.289999879188025,4.776210896012395,4.864292691358446,4.89192815720798
2024-01-05,4.149999921368832,4.827899606848214,4.845402512492284,4.825061428174225
2024-01-06,4.009999838160879,4.4697877352446564,4.573546822051055,4.264995939746336
2024-01-07,3.7299998188003594,4.304799585125196,4.410590766353191,4.100928774032151
2024-01-08,3.559999896574803,4.035392673789171,4.197010965205752,3.8489867520206187
2024-01-09,3.470000122646867,4.028071043103689,4.153523791607342,3.8429289813334866
2024-01-10,3.2899998801398267,4.181285265565145,4.227352777462301,3.9894156547372916
2024-01-11,3.1600000126509586,4.449558333484769,4.215562530096772,3.6493648880218794
2024-01-12,3.0400001002853996,4.279381904238743,4.034281410702008,3.7400877655734663
2024-01-13,2.8399999134470137,3.789647833935353,3.9126410746935276,3.4068995597133997
2024-01-14,2.7399998970317085,3.529515519047953,3.6520269239555003,2.9276189647416473
2024-01-15,2.5900000410153963,3.3043509845769785,3.5350105586965825,2.8505125953067325
2024-01-16,2.610000117225088,3.465512732404495,3.5460502106604044,2.943335332341666
2024-01-17,2.580000120243571,3.638250054947899,3.6657077858731832,3.0495045361449935
2024-01-18,2.510000055342622,3.7450235008143298,3.660125982116807,3.0972385939414253
2024-01-19,2.429999987570981,3.531919930449317,3.4910478283328246,2.7588922656354695
2024-01-20,2.4400000917866316,3.386925556419464,3.418395952271171,2.521254049625514
2024-01-21,3.530000129202819,3.394201910827174,3.4702752149349605,2.624765534627237
2024-01-22,3.559999896574803,3.6997221007195242,3.9860356144027422,3.370762469838897
2024-01-23,3.3900000991531556,3.836928716724493,4.018326786341617,3.651021817844772
2024-01-24,3.209999874254863,3.788455334595536,4.001373626999504,3.66023622674099
2024-01-25,3.0200000941221705,3.7286741679546123,3.9229572639509294,3.443509177749414
2024-01-26,2.8900000030740047,4.323435570370975,4.22106382262616,4.090969651999966
2024-01-27,2.9300000242132325,3.5316948310737315,3.6774709284950946,2.927636206664565
2024-01-28,3.350000175593969,3.6765238139862917,3.760816268515784,3.3080789007771196
2024-01-29,3.470000122646867,3.5602141681253747,3.8775591762316717,3.3840623690754685
2024-01-30,3.4300001242499336,3.9836442901797278,4.05763292725924,4.081575243066164
2024-01-31,3.359999972801375,3.6623355394490438,3.8901561751819953,3.395578156370212
2024-02-01,3.090000100095911,3.9170129378085394,3.9500569463295596,3.497075254333775
2024-02-02,2.879999899996033,3.715531229073321,3.8773672647305326,3.4991866542706234
2024-02-03,2.760000147671448,3.653305363588417,3.746736130683337,3.071162229337604
2024-02-04,2.680000018246855,3.4476060053158006,3.652948272903793,3.085682939240565
2024-02-05,2.8499998931216295,3.3610574086689287,3.611901245145692,2.92761545250737
2024-02-06,2.799999867951799,3.6254411664243062,3.7681382819395273,3.228417166704243
2024-02-07,2.729999978579808,3.4641799144870498,3.6965696189639266,3.142172321215772
2024-02-08,2.8300000648691057,3.834529120881115,3.874259270945388,3.653071965409511
2024-02-09,2.7199998825515537,3.7037144327951874,3.757591864567677,3.078899555047184
2024-02-10,2.4900001364644053,3.3711320175710777,3.518555691926665,2.94843315207639
2024-02-11,2.4100001364889496,3.2350050567219104,3.4249362808002948,2.747696108668457
2024-02-12,2.399999898326909,3.1294424166245394,3.3533669885905746,2.654269243744729
2024-02-13,2.3400000767905875,3.269611511153791,3.4304153794095926,2.786689960866226
2024-02-14,2.1600001134457614,3.1420278639071912,3.340888162219916,2.7387018640507943
2024-02-15,2.020000007614678,3.0335742253977043,3.214970568132499,2.4982006982360785
2024-02-16,1.9599999892558437,2.939975568861211,3.06408642935775,2.4664603483631042
2024-02-17,1.8600000782352357,2.8343238452083157,2.985920144761334,2.274743069346529
2024-02-18,2.150000050229734,2.909581436141939,3.025394018962155,2.383781865760732
2024-02-19,2.309999993655197,2.8641467271493437,3.1578977066677894,2.359358051753884
2024-02-20,2.429999987570981,3.183345966540122,3.3029970054630566,2.735365525897496
2024-02-21,2.2500001264717033,3.0859264079833277,3.305386173706815,2.704565234588132
2024-02-22,2.150000050229734,3.4792990388035894,3.3736496820019752,3.069329766230592
2024-02-23,1.969999942054859,3.122804899031732,3.275634752862672,2.8367802813669125
2024-02-24,2.1000001167269766,3.637923905510334,3.630217623213682,3.304843700758436
2024-02-25,2.3000000518286625,3.28975924678378,3.438207993417,2.4027323963029494
2024-02-26,2.2800000493110586,3.029253405439723,3.1786530694095867,2.2927477834173327
2024-02-27,2.21000001817296,3.085305641176622,3.205124607053284,2.581159498894104
2024-02-28,3.350000175593969,3.237386442912684,3.28230108184694,2.8517902656795804
2024-02-29,4.749999721280396,3.5035142063500784,3.748254440960797,3.448408031675532
2024-03-01,3.7899998395647825,3.9275962788794323,4.201172033039351,4.148574138542161
2024-03-02,3.3799998606729758,3.73801622644452,3.9772451120343773,3.864648578827029
2024-03-03,3.1399999324111674,3.5399172837571995,3.8506923454688735,3.591257108501576
2024-03-04,3.109999862379658,3.378863431771018,3.695490760001984,3.359000554144662
2024-03-05,2.8999998817845416,3.6750105778935476,3.864250357234933,3.630922695887138
2024-03-06,2.8599998691103474,3.467878447295077,3.67721540540841,3.3172561121045807
2024-03-07,2.8199998607266363,3.628746463890242,3.7301405564546344,3.2904417739305223
2024-03-08,2.7000000381167775,3.7831680017043934,3.727660956942721,3.3854029964692436
2024-03-09,2.8199998607266363,3.505645478467876,3.6333975109111956,3.17730127461816
2024-03-10,3.659999829097155,3.3531900395976124,3.5678841501365945,3.1274085676342485
2024-03-11,3.849999942563368,3.821971927559755,4.005108280589812,3.549546941045267
2024-03-12,3.5399999563485163,4.078006447153002,4.321412338768116,4.345187891876436
2024-03-13,3.2400001035647334,3.9641182714984464,4.230174393279793,4.136990808276696
2024-03-14,3.0099999242897697,3.6738215430976027,3.927586664802914,3.360409729786093
2024-03-15,2.799999867951799,3.544543356918831,3.7734218066625695,3.2555052685610804
2024-03-16,3.119999879696817,3.392356160626306,3.6503889166470227,3.1113816839116857
2024-03-17,3.090000100095911,3.5255036431955418,3.8575183513247064,3.3984234771566704
2024-03-18,2.999999917292846,3.4282448137886066,3.753183996425272,3.324974858129673
2024-03-19,2.8399999134470137,3.7185027221550038,3.834569602219373,3.949492795673655
2024-03-20,2.7900000431581913,3.479517529795798,3.5602649571488745,3.2347020985240986
2024-03-21,2.8499998931216295,3.841440615569516,3.683929037887718,3.0131003214680354
2024-03-22,2.7800001058948487,3.6847348336183017,3.679162600006774,2.725063044831096
2024-03-23,4.599999708382822,4.083339919018275,3.643286977778129,2.7012735012058813
2024-03-24,5.2499995368240855,4.254765616701746,4.529456162204834,4.076116934251714
2024-03-25,4.520000170891262,4.574571826672907,4.725080220430598,4.5770404051123394
2024-03-26,4.0500001957114025,4.907736569454813,4.9254638344221595,5.489412530400667
2024-03-27,3.739999908073127,4.19240492146247,4.399921698790067,3.7146496130028437
2024-03-28,3.940000014325859,4.168934954242716,4.188818610064015,3.891624522750566
2024-03-29,4.3299999217576435,4.005329632675309,4.229545157518023,3.821551721629678
2024-03-30,5.520000232542781,4.205037686097116,4.430252148755918,4.248682622541122
2024-03-31,7.079999478989367,4.881970883617087,5.0683470273029245,5.304941730870257
2024-04-01,6.789999420331325,5.959397000540132,6.0441255913426435,6.766033600939322
2024-04-02,6.020000054454722,5.966779572598853,6.107621378313429,6.371943912166761
2024-04-03,5.459999664166348,5.936604804098302,5.963935885772654,5.955752189391299
2024-04-04,5.079999655317594,6.166847425592613,5.934244684989609,5.72102193547514
2024-04-05,4.729999940070964,5.60766366639447,5.570554386673565,5.2275751199490035
2024-04-06,4.55000020147615,5.172679821279436,5.168905391399843,4.773247700897257
2024-04-07,4.499999975948758,4.612244724640885,4.831222676123547,4.656107097739095
2024-04-08,4.619999857536117,4.459487019102063,4.749969804951058,4.579506448037656
2024-04-09,4.450000041929016,4.985151281646076,5.1135321899412,5.148260217422533
2024-04-10,4.230000070385916,4.587059187798757,4.781492267653166,4.4691625731872255
2024-04-11,4.499999975948758,5.278202080317428,5.274615106890814,5.151655934190222
2024-04-12,5.72000027745976,5.76118695495355,5.8081153094435924,5.238139761996437
2024-04-13,6.029999917179906,6.890587037841864,6.653694546384694,6.075437578656605
2024-04-14,5.969999515123444,6.946586883987536,6.535859690151266,5.940204601470502
2024-04-15,6.4900002657424345,6.5146743346210005,6.3383818821073135,5.77364794899623
2024-04-16,5.910000003562596,9.35169460860082,7.862536611440967,6.57014641179933
2024-04-17,16.010001224802,13.628969221624155,11.914346556785175,8.811447220511422
2024-04-18,15.309998986324223,17.171116595221363,16.475744339217336,17.075312758707778
2024-04-19,11.31999928898422,14.190888836709231,13.103093935744598,13.501601038156297
2024-04-20,9.119999311410792,11.359746654163866,10.629977560257217,9.644365632252045
2024-04-21,7.819999793066865,9.86896745630351,9.338168176554275,8.513243056686566
2024-04-22,7.749999788151396,8.236363370424364,7.877555402498909,7.024296196006565
2024-04-23,8.03999975384612,12.776128813144974,11.507269839131109,12.98878535733991
2024-04-24,8.189999995963117,12.558850276205163,10.881434813192245,7.140455988184884
2024-04-25,7.459999396679326,11.684399950763508,10.087901619454346,7.058108447475449
2024-04-26,7.029999602384842,11.893454333233775,10.300449986831513,7.881727792588609
2024-04-27,6.779999943829854,11.846354142559722,9.974448049931599,6.671311963476477
2024-04-28,6.519999623772052,10.788354718238466,9.211772253650297,6.600244343148955
2024-04-29,6.779999943829854,8.978686021328832,7.94094212193665,6.277669662742351
2024-04-30,6.569999945174926,10.190422239526384,9.249301268270639,8.006507745285042
2024-05-01,6.519999623772052,9.06334602978811,8.047235564078747,6.247267680279032
2024-05-02,6.419999448434034,8.393037602923334,7.646004924636979,6.1402034864680415
2024-05-03,6.189999842533886,8.202839605408903,7.558973324865713,6.394198249080415
2024-05-04,6.319999543765335,8.095552041446444,7.5003674182210816,6.4696190534774125
2024-05-05,6.239999869220408,7.816312222250678,7.309055364732462,6.292263348991717
2024-05-06,6.199999539901021,7.391294230615295,6.965950820830142,6.072976173203548
2024-05-07,6.020000054454722,8.37598656800935,7.72650210023294,7.035513700071672
2024-05-08,5.830000018164343,8.737406002012222,7.8169945646428936,6.349964485539227
2024-05-09,5.960000128236394,7.960040855680681,7.144549433767379,5.979222305276927
2024-05-10,5.759999819694713,7.706216513446604,7.041089109351605,5.985678590274464
2024-05-11,5.609999682643016,7.829344619802146,7.128221030433433,6.118630264056068
2024-05-12,5.470000198806394,7.525353154529711,6.841611368223525,5.598878232032611
2024-05-13,5.429999755678487,7.036903923084129,6.423926150447436,5.158782430967679
2024-05-14,5.439999919450349,10.00489155222555,8.64852813372291,5.644009161362101
2024-05-15,5.30999962714051,9.112309978087621,8.481189733509195,6.285372092579113
2024-05-16,5.16000019460865,9.095281051105735,8.661227641187935,5.828755278944731
2024-05-17,4.960000445343994,8.798064357039696,8.157713508930707,5.806101002409865
2024-05-18,4.759999551674725,8.87051721658807,8.020453387112733,5.845146022195726
2024-05-19,4.5600002400161195,8.411680359300107,7.3920432832056955,5.851051637335358
2024-05-20,4.6399999096466855,8.149368797981229,7.200446149825519,4.867105150131878
2024-05-21,4.710000093319451,7.536037204200741,6.669743055377858,4.8028010026532035
2024-05-22,4.4199998896703,8.021290870629489,7.062114605851347,5.085690388334352
2024-05-23,4.749999721280396,8.501890501167482,7.310719917209819,5.285068453725637
2024-05-24,5.3200001762680325,9.049296056321191,7.8010450187426255,5.427868439757814
2024-05-25,5.240000181217543,9.09230073878639,7.916917169952337,5.5763599611974
2024-05-26,5.420000506832707,8.729469505996235,7.667541034251617,5.368896930288117
2024-05-27,5.34000039993755,8.526954042402478,7.609585844607509,5.4544258892189745
2024-05-28,5.259999648864385,8.74735514058206,7.712822496523136,5.589841971341518
2024-05-29,4.949999718148833,8.64764653860843,7.595772261592875,5.428481943814433
2024-05-30,4.5700001842479425,8.25659882692088,7.207623796909855,5.160738380716429
2024-05-31,4.530000101942576,7.773923082783458,6.779284018586975,4.822582469094514
2024-06-01,4.6600002764449275,7.3124348089380975,6.456283844481525,4.651693716226155
2024-06-02,7.240000363258274,6.9078869620173675,6.224198654464106,4.626767515141132
2024-06-03,8.35999975427062,7.816951558311013,7.544715783375962,6.541337318757925
2024-06-04,26.699996107304173,26.337577587333286,22.41917298046332,20.822408669799348
2024-06-05,22.429996975995945,30.174358323248402,26.518454192488022,25.818631796942807
2024-06-06,17.41999956244173,23.919981808727655,20.982722459404517,21.28518476195128
2024-06-07,14.099998778989146,21.390895331591324,18.875036942888414,17.571891422251653
2024-06-08,11.839999866993871,17.58275908029882,15.26699272944454,14.527710204114628
2024-06-09,10.21000016165883,14.488466418979137,12.879611334366208,11.544510607258887
2024-06-10,9.760000135419732,12.682573600359163,11.349598520204106,9.993773241931997
2024-06-11,9.249999524322657,12.885784711854077,11.58191135716894,10.216249860632452
2024-06-12,8.950000649962899,14.268767798506158,12.2592770456149,9.657679255141918
2024-06-13,8.72999945908677,13.571271190557479,12.157321582873431,10.126488453259258
2024-06-14,8.259999297837084,13.23060569209116,11.818690188233377,9.911625765824521
2024-06-15,7.610000202919979,11.608008564270033,10.250409326729724,8.254543194076502
2024-06-16,7.060000542384144,10.343988356640958,9.22376018010463,7.417091056818084
2024-06-17,7.189999707541754,9.70866264238111,8.742614528908314,7.003705060021827
2024-06-18,7.309999741165916,11.886064770414093,10.700072143208779,8.894081873553745
2024-06-19,7.4799994498261855,14.775433908335398,12.597159369281634,8.666549443421731
2024-06-20,7.05000001146243,12.886712648644163,10.999444901148324,8.594010363624522
2024-06-21,6.900000330394795,11.730668311434343,10.132687973422803,7.629595769812536
2024-06-22,6.779999943829854,10.853025116767965,9.425384789147431,7.062299432543794
2024-06-23,7.180000134669648,9.89601056889322,8.739511881479947,6.618112782433124
2024-06-24,7.029999602384842,9.665729525406723,8.75274499934946,6.923871947776388
2024-06-25,6.930000353268684,11.520545772368328,10.309620149241283,8.445895770446839
2024-06-26,6.630000439413829,10.601452318254083,9.22600948253886,7.0068509584543675
2024-06-27,7.73000022895416,10.591966371144865,9.1972630406911,6.804450434448243
2024-06-28,7.769999535199644,11.495104981803419,10.280981881841974,8.042257657979329
2024-06-29,7.449999892340528,11.099439203087838,9.783301889649536,7.791418531384456
2024-06-30,7.219999658916746,10.546751568401222,9.361541903252563,7.389017466721968
2024-07-01,7.060000542384144,10.165501846429503,9.060685934616176,7.17900803013692
2024-07-02,6.649999547134655,11.294572191232737,9.982741162624006,8.005411005914008
2024-07-03,6.3800004947125055,10.781724943455686,9.225061822525191,6.814400021887794
2024-07-04,6.3599999775397755,10.5780240038518,9.193639374057888,6.68519167808202
2024-07-05,6.3599999775397755,9.7177080584654,8.557665489129521,6.430357683276726
2024-07-06,7.160000452465932,9.638316968838508,8.533785941995081,6.386553701421679
2024-07-07,6.879999760155006,9.370208122027417,8.51890739541059,6.795078753069318
2024-07-08,6.639999660256526,9.51648629652193,8.765646777402802,7.315426242995072
2024-07-09,6.3500003363670166,12.235265787905513,10.670699437811198,8.252614384364662
2024-07-10,5.960000128236394,10.703772711730693,9.109937744814605,6.690732836780162
2024-07-11,5.72999953019905,10.54516717106261,9.009673706833631,6.379458156130807
2024-07-12,5.449999905309888,10.037682274172623,8.57630801295819,6.063576661291461
2024-07-13,5.809999557967845,9.27884282394869,7.957657838553613,5.636729067637384
2024-07-14,6.260000073092455,8.625263482565524,7.663666467509547,5.6226084207118125
2024-07-15,5.690000201468338,8.63025387998222,7.834406404653777,6.111141119465724
2024-07-16,5.359999803674642,9.894487122286373,8.650057782557731,6.699200404524714
2024-07-17,5.229999603707729,16.99275267796926,13.83099805891022,9.069074328542202
2024-07-18,4.899999735733951,11.724996064848089,9.015830670800552,6.570919408657067
2024-07-19,4.5700001842479425,10.572763719571075,8.822775138596944,5.420390908354953
2024-07-20,5.7900002583885355,9.05663661132641,7.499427664105454,4.984526570682903
2024-07-21,5.669999764071468,8.962457122448713,8.01049608224183,5.47219389055345
2024-07-22,5.459999664166348,8.16847596762305,7.294508790281411,5.401636754265562
2024-07-23,5.190000307312623,9.554066049912668,8.424049737908106,6.150865199657958
2024-07-24,4.949999718148833,8.714364545379679,7.574800651108266,5.463350022377475
2024-07-25,5.059999815343964,8.502590368705983,7.405942207422714,5.242425442425134
2024-07-26,4.819999528180589,9.07137311091481,7.923275333591837,5.675607744541812
2024-07-27,4.749999721280396,8.289070830505423,7.201054158893753,5.164188093882709
2024-07-28,4.949999718148833,7.626213609592949,6.7391700829464645,4.908491597444414
2024-07-29,4.840000090371331,7.150802130277446,6.466906399588887,4.841905139768597
2024-07-30,4.88000018717572,8.755272918023921,7.698441613612124,5.757776700344252
2024-07-31,4.78999995420654,8.203969367749824,7.207336890702461,5.174791779900522
2024-08-01,4.6600002764449275,8.251681718898961,7.128174775938098,5.041770842041743
2024-08-02,4.499999975948758,7.938237194695626,6.912798715755055,4.934133209475905
2024-08-03,4.930000370598197,7.348677345858487,6.445194603413378,4.652815809668765
2024-08-04,5.589999474460417,7.257812606678966,6.53699803265155,4.90149735577165
2024-08-05,5.72000027745976,7.456570959235597,6.80527400644388,5.473447311545559
2024-08-06,5.799999742185511,9.503945067525162,8.489789251631278,6.985389208016749
2024-08-07,5.139999743687838,10.393930231706781,8.886337548205846,5.977945832758071
2024-08-08,4.78999995420654,9.799775707685406,8.36108792930151,5.97168032229282
2024-08-09,4.530000101942576,9.537172064982675,8.136051195803518,5.782048530273436
2024-08-10,4.910000021116668,8.048628691836944,6.847389069651818,4.867991415988812
2024-08-11,5.459999664166348,7.656799358546501,6.793542821133632,4.872277717588229
2024-08-12,5.240000181217543,7.698264831350396,6.970198839764208,5.344170388368078
2024-08-13,5.059999815343964,8.736179101769048,7.673794714949845,5.892324292220499
2024-08-14,5.100000042083193,10.041115892620695,8.482271955533491,5.655821314658338
2024-08-15,4.990000359727564,10.099806306195022,8.563123045797777,5.908010587055615
2024-08-16,4.699999950128703,9.10373771585624,7.732156569221526,5.244283078764917
2024-08-17,5.019999566087306,8.808614491925137,7.550960091315433,5.081147461073995
2024-08-18,5.149999838077029,8.340359806283791,7.322715354763114,5.1076466033745325
2024-08-19,5.059999815343964,7.843212920804056,6.967208537353614,5.066089997545654
2024-08-20,5.069999887007004,9.958709096874516,8.627550166069867,6.16950352657139
2024-08-21,4.930000370598197,10.28912668160824,8.48515231615637,5.570430464922482
2024-08-22,4.729999940070964,10.203358662810672,8.777799326606788,6.4627810238855625
2024-08-23,4.689999743031758,8.902215436246228,7.499865742434271,5.367407000359861
2024-08-24,5.34000039993755,8.359229737608231,7.2047271720593695,4.8827360092217225
2024-08-25,6.4000000169592175,7.958601647276836,7.081578725304016,5.159457378771356
2024-08-26,6.859999985467506,8.113232448187242,7.510065387260887,6.037614144375666
2024-08-27,5.950000396844874,10.563592643898232,9.689930743699023,8.749759600621932
2024-08-28,5.589999474460417,9.522294607750053,8.247640753608122,6.051800979836624
2024-08-29,5.219999884101069,9.42610012678608,8.119543766421371,5.715665149688712
2024-08-30,4.919999931092219,9.542419281710846,8.120802698820835,5.55217012244833
2024-08-31,5.190000307312623,9.200221278562891,7.776026062004262,5.246673441378234
2024-09-01,5.530000221373826,8.503237753445788,7.432865787739722,5.058828418307285
2024-09-02,5.619999934283892,8.026864829328517,7.198891664956859,5.170007783867765
2024-09-03,5.449999905309888,9.203377788810316,8.105566328084612,6.097692279441885
2024-09-04,5.380000055687372,10.021558744400432,8.52477487734356,5.84750921579106
2024-09-05,5.240000181217543,11.004452159955965,9.183251269418585,6.062391548846887
2024-09-06,5.009999785789872,9.279892409091683,7.84544612277239,5.116508932951292
2024-09-07,5.030000297964327,8.6011728954693,7.465719301002576,4.756599138434324
2024-09-08,5.109999561706841,8.016271533433624,7.040794951068113,4.755740926435055
2024-09-09,5.019999566087306,7.535752696152674,6.782731436862177,4.758431104997343
2024-09-10,4.88000018717572,8.305095352104072,7.240719832296722,5.120286132315145
2024-09-11,4.810000387366113,7.599946447282216,6.778206460288885,4.709421739244214
2024-09-12,5.109999561706841,7.8855091799492545,6.987590193961184,4.993239483388855
2024-09-13,5.030000297964327,9.023896450280052,7.922860406432542,5.824156930765062
2024-09-14,4.8299997635054215,7.67294154649858,6.809253501968517,4.671106671011291
2024-09-15,4.749999721280396,7.270984912584716,6.502705303169777,4.570793565397073
2024-09-16,4.88000018717572,6.71674064022219,6.168033750126896,4.5145371479701195
2024-09-17,4.840000090371331,8.234999897761412,7.152095659547087,5.027558584203447
2024-09-18,4.779999727525268,10.391537014654736,8.87280277228691,6.578025320252055
2024-09-19,4.720000110653009,7.874663311252205,6.636748321749575,5.485613143162214
2024-09-20,4.599999708382822,7.898344378063867,7.083769422221764,4.716098189674594
2024-09-21,4.469999844153752,7.319799755258812,6.43616726950272,4.40707045894873
2024-09-22,4.300000203293474,6.831917460678796,6.2024079532174525,4.29307561880058
2024-09-23,4.450000041929016,6.442162898137774,5.855276874482922,4.200267684415671
2024-09-24,4.55000020147615,8.18606064951884,7.145332082783807,5.4673550803503455
2024-09-25,4.399999838580958,7.392962976545386,6.574902577910012,3.9702298498960165
2024-09-26,4.2700001075963,7.094108002764319,6.297814270319628,3.9217415767494197
2024-09-27,4.169999867046046,6.657114943343067,5.981240175339549,3.8854157834863887
2024-09-28,4.230000070385916,6.298624725975746,5.729313486039248,3.8832779534214223
2024-09-29,4.079999906475317,6.073561542017901,5.6086628731136825,4.030039583521057
2024-09-30,4.03999996978161,6.029363293947585,5.558647222501637,4.259764764531678
2024-10-01,3.9600000779325275,6.153644480982604,5.560157369251676,3.990611543662559
2024-10-02,3.909999944849526,6.2876443613110125,5.684446425929515,4.104456414187024
2024-10-03,3.909999944849526,6.199228128149789,5.564616249548576,3.816947536158335
2024-10-04,3.990000176576275,5.967074086793119,5.459366348616039,3.7804826098871427
2024-10-05,3.76000009516682,5.963501111272466,5.472710594739471,3.97516457042814
2024-10-06,3.5500000342008073,5.52270294023482,5.099136250684017,3.6666105995813987
2024-10-07,3.4900001196289474,5.1764997423603845,4.831470133829026,3.4812807778827017
2024-10-08,3.4800000684923784,5.665440043462816,5.1028382247472255,3.789699620751209
2024-10-09,3.3000001746392322,5.183798793106547,4.818272843562567,3.455725509269097
2024-10-10,3.079999927232025,4.919955654973558,4.55793047482728,3.2702279987057286
2024-10-11,2.8900000030740047,4.9642123750941565,4.507379723659103,3.1704647755893833
2024-10-12,3.5500000342008073,5.352752023736131,4.819338123780072,3.636987437386644
2024-10-13,3.7999999586805147,5.1209289956926245,4.920114473022556,3.3597291856858265
2024-10-14,4.440000160202987,4.833550710744427,4.647887977925328,3.5578725559226503
2024-10-15,17.850000941129142,11.632683034382465,9.6470986930732,8.620713643899725
2024-10-16,12.960000322217141,17.459868729136094,15.979799600201003,14.295794237711677
2024-10-17,9.300000597568475,11.370822285432432,10.454028626312287,10.111286574838497
2024-10-18,7.9600000652147465,11.01401194784581,10.258638223696096,9.091360547528257
2024-10-19,6.750000337709599,9.101160556656678,8.401893462460503,7.3096376499612425
2024-10-20,5.749999892264589,7.673762278912127,7.2363088810606575,6.157057845638128
2024-10-21,4.910000021116668,6.609409002177513,6.31377412342918,5.319679584547353
2024-10-22,4.990000359727564,7.077804550268005,6.442603356683247,5.55195812879997
2024-10-23,4.699999950128703,6.54595146780091,6.144349173242453,4.814415436976428
2024-10-24,4.369999883434363,7.620910875540139,6.534195985377675,4.887651443992204
2024-10-25,4.090000050956033,6.629708914442167,6.0533547215153005,4.262699708487825
2024-10-26,3.7999999586805147,6.167305384191447,5.625744701195531,4.048802388812524
2024-10-27,3.4300001242499336,5.293717495146434,5.041596972744174,3.452968009058777
2024-10-28,3.3799998606729758,4.835890112169735,4.566301042667496,3.2900333606329153
2024-10-29,3.1999999241300454,5.147845380581486,4.751536882128221,3.537404238962637
2024-10-30,3.050000016677117,4.998466686774683,4.557169645740354,3.325923571013833
2024-10-31,2.939999911637083,4.7289519454468305,4.345993145604688,2.9193649554563446
2024-11-01,2.799999867951799,4.367555312653029,4.174011858846038,2.6429789604701766
2024-11-02,2.760000147671448,4.088613217649548,3.9362340852851103,2.6208078699364203
2024-11-03,2.530000083618131,4.091353322355361,3.891670254163712,2.8726892978115237
2024-11-04,2.689999976936281,3.6719924110483655,3.646377253740549,2.4893819694221238
2024-11-05,2.769999889618783,4.477293920345133,3.978752966037828,3.1664701309888836
2024-11-06,2.8599998691103474,7.603123876791063,5.613616010803499,3.79287954693026
2024-11-07,2.910000037782083,9.125417425861977,7.203225225727929,5.594902167157486
2024-11-08,2.8599998691103474,8.186895584170895,6.617144241063718,3.026623657747898
2024-11-09,2.6399999766495705,6.672175124465417,5.87289109951358,2.730868527009758
2024-11-10,2.329999917036474,5.248541485348292,4.594558477992802,2.164752311645974
2024-11-11,2.329999917036474,3.9971566838423875,3.9858410560959485,1.762124166851217
2024-11-12,2.290000098102115,4.152477351778915,3.823863699637702,2.2216927641471433
2024-11-13,2.27000009081446,4.9451665891822145,4.150522863156494,2.6560042607469754
2024-11-14,2.13999997996193,4.7978385727093995,4.046341988394701,2.0122768366597783
2024-11-15,1.9200000685749992,4.335939440740168,3.8764466703429816,1.904879068989278
2024-11-16,3.2699999295929145,4.042130168944718,3.5761380403513017,1.753547064855421
2024-11-17,3.5500000342008073,4.283952557873811,4.399818977414433,2.769322934780668
2024-11-18,3.2199999622419258,4.035470860279792,4.0645813353960065,3.187767004491954
2024-11-19,3.209999874254863,4.780650081767755,4.474171656254399,3.76215247872406
2024-11-20,2.9899998717733185,4.420015311275387,4.2872500048264115,3.1727973187520844
2024-11-21,2.8399999134470137,4.278872915152729,4.04410544382663,3.0275841958186067
2024-11-22,2.8199998607266363,4.184757623939423,3.9532064259194106,2.96301964422458
2024-11-23,2.7000000381167775,3.9233903099841836,3.820480597372058,2.780624270628517
2024-11-24,2.510000055342622,3.703922455667205,3.6527977280520005,2.758121983439734
2024-11-25,2.359999892493814,3.456828987416946,3.52292761234998,2.643096535694431
2024-11-26,2.37999993692131,4.389746858471756,4.001134560961773,3.2742623561773234
2024-11-27,2.560000125135301,6.14430735598609,4.984240509860088,3.112024464371128
2024-11-28,2.329999917036474,6.234419995992394,5.376749926196375,3.113722650161268
2024-11-29,2.399999898326909,5.522205574893981,4.842680252914663,2.5457173016684966
2024-11-30,2.4400000917866316,5.429964210532154,4.825687489591152,2.4735713591086603
2024-12-01,2.5900000410153963,4.595899410676822,4.255488889000672,2.3378540982824054
2024-12-02,2.729999978579808,4.3358383702579815,4.090175914514679,2.51691532234492
2024-12-03,2.769999889618783,4.63882718481924,4.300609476240373,2.9659653910343544
2024-12-04,3.0400001002853996,4.875670035841392,4.359417391830835,3.1897505533867676
2024-12-05,3.119999879696817,7.835045616374305,5.975733833412487,3.9621856147984222
2024-12-06,3.230000076098255,6.428342852800516,5.823402489310256,2.7648181089016424
2024-12-07,5.149999838077029,5.424896857209973,4.793681964548843,2.7996690296491877
2024-12-08,4.769999886247991,5.939631396847536,5.969390988325885,4.349824215631787
2024-12-09,4.189999848546719,4.973108393087537,4.896378620851221,4.256642571189584
2024-12-10,4.099999980091262,5.205694263749451,5.067489691149535,4.307325595129107
2024-12-11,4.88000018717572,5.763691614648133,5.372240445875113,4.8102762297233905
2024-12-12,6.729999957850872,8.733254162109496,7.115002966361404,5.726425646111279
2024-12-13,6.769999406447479,12.696622725655974,10.204424317236992,7.151793464252399
2024-12-14,6.189999842533886,10.741129175740717,9.3129941669524,6.013033130433975
2024-12-15,5.359999803674642,7.412532356765611,6.936190273231307,4.914479521394888
2024-12-16,4.769999886247991,5.975555769609696,5.823144001351023,4.491428213614456
2024-12-17,4.4899998445401135,5.879538715843692,5.665554919664471,4.63063866803418
2024-12-18,4.520000170891262,6.26206724324879,5.855007148083268,4.847091615841318
2024-12-19,4.2700001075963,5.481621016772702,5.4131817060699,4.326403444531593
2024-12-20,3.9800001436430676,5.505210873410773,5.24608845926951,4.387817997312878
2024-12-21,3.720000106540397,5.294143198328277,5.049141801473731,4.101540460616716
2024-12-22,3.3099999546519396,4.698357970962223,4.579022948783592,3.687060079770097
2024-12-23,3.0099999242897697,4.149118702472146,4.12309030532907,3.322887227242002
2024-12-24,3.0400001002853996,4.119479867746248,4.003166986585197,3.3320392837947637
2024-12-25,2.8900000030740047,4.185807247088059,4.085018809691431,3.36520419347246
2024-12-26,2.670000009550438,3.819460644288388,3.7995972747017963,3.0167712582602944
2024-12-27,2.5199998865286433,3.7057281287910206,3.655001918624965,2.908986507743391
2024-12-28,2.560000125135301,3.740142870012111,3.617141138671343,2.9460579265714877
2024-12-29,2.9300000242132325,3.5096221527707514,3.570872220280483,2.765592518666104
2024-12-30,3.0299999758553544,3.511597135144464,3.6568505204477257,2.978207835841552
2024-12-31,2.729999978579808,3.613841127698026,3.7077943535396565,3.3145113501219763
2025-01-01,2.4999998945350694,3.2819219873394245,3.480935795390429,2.8751602316041347
2025-01-02,2.5199998865286433,3.2835461682049774,3.432474582643937,2.8604865990994353
2025-01-03,2.729999978579808,3.690338106066492,3.6442964532509503,3.203769716612234
2025-01-04,2.610000117225088,3.5525133934766218,3.635090952600291,3.1121568434954843
2025-01-05,3.0099999242897697,3.715620166455781,3.6072669071750956,3.0848832149746563
2025-01-06,3.0200000941221705,3.520724585638203,3.722569747339019,2.9830123550458403
2025-01-07,2.7500001022439298,3.553915898300624,3.6418180809531977,3.126715408507548
2025-01-08,2.530000083618131,3.6212286162885263,3.6686482622365713,3.1133675078512923
2025-01-09,2.8900000030740047,3.9543014036132513,3.741038117863892,3.249491038147539
2025-01-10,3.059999930852287,5.997215297027558,4.877319150161193,4.2321693158924765
2025-01-11,2.660000098737622,5.8462034031819154,5.891804345389589,2.7503394208931464
2025-01-12,2.4499999020394334,4.120881774139675,3.9355374965290117,2.280667266093645
2025-01-13,2.530000083618131,4.063633637599511,4.031842812894862,2.5256703564578236
2025-01-14,2.4999998945350694,4.514651017861096,4.1247231652048155,2.706508233088065
2025-01-15,3.9999999662741264,4.39729545490407,4.201436306716046,2.868370683866875
2025-01-16,4.130000191500002,9.602729748706343,8.073824323020235,6.920669792120293
2025-01-17,3.7100000924037273,7.465748206172978,6.264672408605728,3.5079701537260135
2025-01-18,3.130000054169365,5.755816830022016,5.25666314527517,3.058203173496338
2025-01-19,2.670000009550438,4.784721156680145,4.498448687545125,2.6233634531403824
2025-01-20,2.729999978579808,3.954334832631277,3.8777740943548267,2.4704529972208364
2025-01-21,3.0299999758553544,5.87977920583306,5.048861503346255,3.837169764218406
2025-01-22,2.9300000242132325,5.918405455511632,4.882193716177806,2.8013806796798386
2025-01-23,2.689999976936281,5.4828973443899,4.781487567614721,2.5304761987954962
2025-01-24,2.2300001205371407,5.090821949596831,4.600308376167295,2.3675785003908647
2025-01-25,2.179999927309265,4.294642136759281,3.9536985117312526,2.02434447681084
2025-01-26,2.109999966961776,4.082393255945939,3.87058463714819,2.196132345881344
2025-01-27,1.9299999395418714,3.6236136780947654,3.5297357230106985,2.077992419744232
2025-01-28,2.1300001039556946,3.5317475129041376,3.4023720843768555,2.1222842106758373
2025-01-29,2.329999917036474,3.922630703597424,3.6623317492240877,2.451936785026522
2025-01-30,2.6500001365691417,4.62020728287562,4.082795700499873,2.5169479158009684
2025-01-31,2.8499998931216295,5.110213150697372,4.739805404236167,2.756791395791284
2025-02-01,2.760000147671448,4.495090999318627,4.173432698671967,2.5781086039416388
2025-02-02,2.689999976936281,4.050979423025337,3.930643684273271,2.4912169318558535
2025-02-03,2.7900000431581913,3.757678114273056,3.737565593032154,2.5601274672608745
2025-02-04,2.7500001022439298,5.5748567746111855,4.633242897793972,3.6436871175693657
2025-02-05,2.580000120243571,4.989901995702957,4.326036266593173,2.522771262302468
2025-02-06,2.4499999020394334,4.859798800584879,4.334103553194635,2.519055409193215
2025-02-07,2.4999998945350694,4.8650640997445835,4.298741375987581,2.248632876525072
2025-02-08,2.630000065622693,4.496005066832316,4.2599041608533845,2.252942350294377
2025-02-09,2.619999963606568,4.216585735237345,4.056364252236484,2.6111286991099782
2025-02-10,2.4499999020394334,3.8414520294877432,3.8380137217021004,2.6453679331356983
2025-02-11,2.259999877363781,4.222922370205896,3.898217037526662,2.4548163435238477
2025-02-12,2.3200000094414572,4.142535895324641,3.9904009847637796,2.7743357100538746
2025-02-13,2.4400000917866316,4.400117050387408,3.9998548575401056,2.766218896972038
2025-02-14,2.4800000919931566,4.542013662580128,4.071907889066906,2.6041333657355428
2025-02-15,2.619999963606568,5.575820014662072,4.745709253242646,3.5425214551435595
2025-02-16,2.769999889618783,4.3995586708838585,4.249034653179055,2.0192736319044604
2025-02-17,2.670000009550438,3.72162079402321,3.656409877962459,2.3528632491066706
2025-02-18,2.530000083618131,5.321066877324544,4.662705551573216,3.5539825363577053
2025-02-19,2.4499999020394334,6.191389937107915,5.1358791565760304,3.7333186503989473
2025-02-20,2.4100001364889496,5.545913338693794,4.9012430885554865,4.535465843259947
2025-02-21,2.27000009081446,4.668879410159526,4.232404538099589,2.8030176638146256
2025-02-22,1.940000117137395,4.203508677707963,3.9138137682907788,2.2335463913744595
2025-02-23,1.910000023966771,3.638283236754042,3.4353304459667955,1.9834034891960424
2025-02-24,1.8400000205609561,3.4571293575678634,3.380904372583903,2.0345341790690603
2025-02-25,1.9499998914966092,3.8056535846373896,3.539149681584423,2.317894393172592
2025-02-26,2.259999877363781,4.694392115757285,4.014680108491251,2.8447084667389313
2025-02-27,2.3000000518286625,4.367440116644108,4.008232529247661,1.8911675463131847
2025-02-28,2.309999993655197,4.212629295920629,3.832079255532713,1.9313791641439213
