DATE,ACTUAL_VALUE,D+1,ORDER,AIC,EXOGENOUS_FACTORS,NUM_FEATURES,FEATURE_NUMBERS
2023-12-01 20:00:00,3.3,3.8745285339001123,"(1, 0, 0)",171.98869037376238,"FCR_GERMANY_SETTLEMENTCAPACITY_PRICE_[EUR/MW], RES_SHARE",2,1_3
2023-12-02 20:00:00,3.27,3.440594663129805,"(1, 0, 0)",172.1649238995435,"FCR_GERMANY_SETTLEMENTCAPACITY_PRICE_[EUR/MW], RES_SHARE",2,1_3
2023-12-03 20:00:00,3.24,4.175617729088876,"(1, 0, 0)",172.15075372786967,"FCR_GERMANY_SETTLEMENTCAPACITY_PRICE_[EUR/MW], RES_SHARE",2,1_3
2023-12-04 20:00:00,3.14,3.669863880545637,"(1, 0, 0)",172.5886086626822,"FCR_GERMANY_SETTLEMENTCAPACITY_PRICE_[EUR/MW], RES_SHARE",2,1_3
2023-12-05 20:00:00,3.01,2.694082947826465,"(1, 0, 0)",172.7555058938578,"FCR_GERMANY_SETTLEMENTCAPACITY_PRICE_[EUR/MW], RES_SHARE",2,1_3
2023-12-06 20:00:00,3.72,2.2778298264112866,"(1, 0, 0)",172.83060570984614,"FCR_GERMANY_SETTLEMENTCAPACITY_PRICE_[EUR/MW], RES_SHARE",2,1_3
2023-12-07 20:00:00,5.01,4.686667468791401,"(1, 0, 0)",174.47253245234072,"FCR_GERMANY_SETTLEMENTCAPACITY_PRICE_[EUR/MW], RES_SHARE",2,1_3
2023-12-08 20:00:00,3.95,4.2984493682152065,"(1, 0, 0)",174.23273471844553,"FCR_GERMANY_SETTLEMENTCAPACITY_PRICE_[EUR/MW], RES_SHARE",2,1_3
2023-12-09 20:00:00,24.69,8.671540409683049,"(2, 0, 1)",164.2499786262413,"FCR_GERMANY_SETTLEMENTCAPACITY_PRICE_[EUR/MW], RES_SHARE",2,1_3
2023-12-10 20:00:00,10.9,14.966827816535613,"(2, 0, 2)",159.93599651794096,"FCR_GERMANY_SETTLEMENTCAPACITY_PRICE_[EUR/MW], RES_SHARE",2,1_3
2023-12-11 20:00:00,7.68,6.774084395165238,"(2, 0, 2)",158.4074584678237,"FCR_GERMANY_SETTLEMENTCAPACITY_PRICE_[EUR/MW], RES_SHARE",2,1_3
2023-12-12 20:00:00,7.31,6.742111801784199,"(2, 0, 2)",151.53718130789215,"FCR_GERMANY_SETTLEMENTCAPACITY_PRICE_[EUR/MW], RES_SHARE",2,1_3
2023-12-13 20:00:00,6.01,5.597202861173622,"(2, 0, 1)",149.47213242995778,"FCR_GERMANY_SETTLEMENTCAPACITY_PRICE_[EUR/MW], RES_SHARE",2,1_3
2023-12-14 20:00:00,5.31,4.748528598373737,"(1, 0, 2)",134.0812593186862,"FCR_GERMANY_SETTLEMENTCAPACITY_PRICE_[EUR/MW], RES_SHARE",2,1_3
2023-12-15 20:00:00,4.61,6.634057245384069,"(2, 0, 2)",131.7361803710163,"FCR_GERMANY_SETTLEMENTCAPACITY_PRICE_[EUR/MW], RES_SHARE",2,1_3
2023-12-16 20:00:00,9.09,7.593688114432625,"(2, 0, 1)",130.2133535123944,"FCR_GERMANY_SETTLEMENTCAPACITY_PRICE_[EUR/MW], RES_SHARE",2,1_3
2023-12-17 20:00:00,9.8,10.146809152647053,"(2, 0, 1)",129.74027584404308,"FCR_GERMANY_SETTLEMENTCAPACITY_PRICE_[EUR/MW], RES_SHARE",2,1_3
2023-12-18 20:00:00,7.54,8.658271183202588,"(2, 0, 1)",129.73995478500322,"FCR_GERMANY_SETTLEMENTCAPACITY_PRICE_[EUR/MW], RES_SHARE",2,1_3
2023-12-19 20:00:00,5.99,6.344412496022258,"(2, 0, 1)",127.02345944494357,"FCR_GERMANY_SETTLEMENTCAPACITY_PRICE_[EUR/MW], RES_SHARE",2,1_3
2023-12-20 20:00:00,5.64,7.638597613473129,"(2, 0, 1)",122.22836697760529,"FCR_GERMANY_SETTLEMENTCAPACITY_PRICE_[EUR/MW], RES_SHARE",2,1_3
2023-12-21 20:00:00,16.5,9.948864111865694,"(2, 0, 1)",119.923543182636,"FCR_GERMANY_SETTLEMENTCAPACITY_PRICE_[EUR/MW], RES_SHARE",2,1_3
2023-12-22 20:00:00,16.9,13.878840510651784,"(2, 0, 1)",115.00753468446433,"FCR_GERMANY_SETTLEMENTCAPACITY_PRICE_[EUR/MW], RES_SHARE",2,1_3
2023-12-23 20:00:00,13.68,13.153833905059017,"(2, 0, 1)",115.27045589675517,"FCR_GERMANY_SETTLEMENTCAPACITY_PRICE_[EUR/MW], RES_SHARE",2,1_3
2023-12-24 20:00:00,22.16,23.296421898982477,"(2, 0, 1)",115.2704567945467,"FCR_GERMANY_SETTLEMENTCAPACITY_PRICE_[EUR/MW], RES_SHARE",2,1_3
2023-12-25 20:00:00,18.26,16.762509510862248,"(2, 0, 1)",114.36831517365266,"FCR_GERMANY_SETTLEMENTCAPACITY_PRICE_[EUR/MW], RES_SHARE",2,1_3
2023-12-26 20:00:00,13.66,12.165886739691798,"(2, 0, 1)",109.69317016468665,"FCR_GERMANY_SETTLEMENTCAPACITY_PRICE_[EUR/MW], RES_SHARE",2,1_3
2023-12-27 20:00:00,10.38,13.11153055533193,"(2, 0, 1)",107.59248409051793,"FCR_GERMANY_SETTLEMENTCAPACITY_PRICE_[EUR/MW], RES_SHARE",2,1_3
2023-12-28 20:00:00,11.85,12.323044305412552,"(2, 0, 1)",103.57179417922964,"FCR_GERMANY_SETTLEMENTCAPACITY_PRICE_[EUR/MW], RES_SHARE",2,1_3
2023-12-29 20:00:00,10.91,11.295435292903958,"(2, 0, 1)",100.5799524952098,"FCR_GERMANY_SETTLEMENTCAPACITY_PRICE_[EUR/MW], RES_SHARE",2,1_3
2023-12-30 20:00:00,8.54,6.208808991517058,"(2, 0, 1)",100.42250539767679,"FCR_GERMANY_SETTLEMENTCAPACITY_PRICE_[EUR/MW], RES_SHARE",2,1_3
2023-12-31 20:00:00,12.75,12.624949467341112,"(2, 0, 1)",100.84757191218317,"FCR_GERMANY_SETTLEMENTCAPACITY_PRICE_[EUR/MW], RES_SHARE",2,1_3
2024-01-01 20:00:00,9.81,10.011024313536053,"(2, 0, 1)",99.99536609901963,"FCR_GERMANY_SETTLEMENTCAPACITY_PRICE_[EUR/MW], RES_SHARE",2,1_3
2024-01-02 20:00:00,8.69,10.856972464031527,"(2, 0, 1)",97.72324733685275,"FCR_GERMANY_SETTLEMENTCAPACITY_PRICE_[EUR/MW], RES_SHARE",2,1_3
2024-01-03 20:00:00,7.5,6.9194473378255426,"(2, 0, 1)",97.22463826846473,"FCR_GERMANY_SETTLEMENTCAPACITY_PRICE_[EUR/MW], RES_SHARE",2,1_3
2024-01-04 20:00:00,5.9,4.064089594529466,"(2, 0, 1)",94.07719112286881,"FCR_GERMANY_SETTLEMENTCAPACITY_PRICE_[EUR/MW], RES_SHARE",2,1_3
2024-01-05 20:00:00,4.89,7.2781398450108865,"(2, 0, 1)",87.2864606819076,"FCR_GERMANY_SETTLEMENTCAPACITY_PRICE_[EUR/MW], RES_SHARE",2,1_3
2024-01-06 20:00:00,4.85,4.7543862723396515,"(2, 0, 1)",86.13319395256491,"FCR_GERMANY_SETTLEMENTCAPACITY_PRICE_[EUR/MW], RES_SHARE",2,1_3
2024-01-07 20:00:00,4.3,5.025817323098797,"(2, 0, 1)",85.72346123108606,"FCR_GERMANY_SETTLEMENTCAPACITY_PRICE_[EUR/MW], RES_SHARE",2,1_3
2024-01-08 20:00:00,3.7,3.884015335988538,"(2, 0, 1)",85.98030108207253,"FCR_GERMANY_SETTLEMENTCAPACITY_PRICE_[EUR/MW], RES_SHARE",2,1_3
2024-01-09 20:00:00,3.12,3.1574805767137115,"(2, 0, 1)",85.920682694041,"FCR_GERMANY_SETTLEMENTCAPACITY_PRICE_[EUR/MW], RES_SHARE",2,1_3
2024-01-10 20:00:00,2.65,2.683544541807035,"(2, 0, 1)",85.71133094978026,"FCR_GERMANY_SETTLEMENTCAPACITY_PRICE_[EUR/MW], RES_SHARE",2,1_3
2024-01-11 20:00:00,2.46,2.648308772961425,"(2, 0, 1)",85.33674321267117,"FCR_GERMANY_SETTLEMENTCAPACITY_PRICE_[EUR/MW], RES_SHARE",2,1_3
2024-01-12 20:00:00,2.36,3.1855782371710957,"(2, 0, 1)",85.26035696730858,"FCR_GERMANY_SETTLEMENTCAPACITY_PRICE_[EUR/MW], RES_SHARE",2,1_3
2024-01-13 20:00:00,7.93,5.163993356144839,"(2, 0, 1)",85.73068921101475,"FCR_GERMANY_SETTLEMENTCAPACITY_PRICE_[EUR/MW], RES_SHARE",2,1_3
2024-01-14 20:00:00,6.39,6.649242185451598,"(2, 0, 1)",86.40455171748096,"FCR_GERMANY_SETTLEMENTCAPACITY_PRICE_[EUR/MW], RES_SHARE",2,1_3
2024-01-15 20:00:00,4.59,4.114542920335564,"(2, 0, 1)",85.88469701918382,"FCR_GERMANY_SETTLEMENTCAPACITY_PRICE_[EUR/MW], RES_SHARE",2,1_3
2024-01-16 20:00:00,3.33,4.101316461429438,"(2, 0, 1)",84.2111867692207,"FCR_GERMANY_SETTLEMENTCAPACITY_PRICE_[EUR/MW], RES_SHARE",2,1_3
2024-01-17 20:00:00,2.56,2.4785857331510104,"(2, 0, 1)",79.39320942922315,"FCR_GERMANY_SETTLEMENTCAPACITY_PRICE_[EUR/MW], RES_SHARE",2,1_3
2024-01-18 20:00:00,2.7,3.5830385725734963,"(2, 0, 1)",77.972335515123,"FCR_GERMANY_SETTLEMENTCAPACITY_PRICE_[EUR/MW], RES_SHARE",2,1_3
2024-01-19 20:00:00,4.19,3.8133572941997196,"(2, 0, 1)",78.4885365645454,"FCR_GERMANY_SETTLEMENTCAPACITY_PRICE_[EUR/MW], RES_SHARE",2,1_3
2024-01-20 20:00:00,3.92,3.8996517622023785,"(2, 0, 1)",78.54289097194751,"FCR_GERMANY_SETTLEMENTCAPACITY_PRICE_[EUR/MW], RES_SHARE",2,1_3
2024-01-21 20:00:00,7.59,6.13825548881559,"(2, 0, 2)",75.13947331180744,"FCR_GERMANY_SETTLEMENTCAPACITY_PRICE_[EUR/MW], RES_SHARE",2,1_3
2024-01-22 20:00:00,5.86,7.1576531432181305,"(2, 0, 1)",73.3763590385608,"FCR_GERMANY_SETTLEMENTCAPACITY_PRICE_[EUR/MW], RES_SHARE",2,1_3
2024-01-23 20:00:00,5.34,5.998028721800881,"(2, 0, 2)",76.1765740922063,"FCR_GERMANY_SETTLEMENTCAPACITY_PRICE_[EUR/MW], RES_SHARE",2,1_3
2024-01-24 20:00:00,5.68,5.855215361359153,"(2, 0, 1)",73.25852579898847,"FCR_GERMANY_SETTLEMENTCAPACITY_PRICE_[EUR/MW], RES_SHARE",2,1_3
2024-01-25 20:00:00,3.94,2.7516842627809197,"(2, 0, 1)",72.65536610151597,"FCR_GERMANY_SETTLEMENTCAPACITY_PRICE_[EUR/MW], RES_SHARE",2,1_3
2024-01-26 20:00:00,5.13,6.571724565886581,"(2, 0, 1)",74.05271089449776,"FCR_GERMANY_SETTLEMENTCAPACITY_PRICE_[EUR/MW], RES_SHARE",2,1_3
2024-01-27 20:00:00,4.08,3.277323589489711,"(2, 0, 1)",74.69543653183992,"FCR_GERMANY_SETTLEMENTCAPACITY_PRICE_[EUR/MW], RES_SHARE",2,1_3
2024-01-28 20:00:00,4.07,5.67221829584567,"(2, 0, 1)",75.09799897225201,"FCR_GERMANY_SETTLEMENTCAPACITY_PRICE_[EUR/MW], RES_SHARE",2,1_3
2024-01-29 20:00:00,3.55,2.401877355232094,"(2, 0, 1)",75.7363461813365,"FCR_GERMANY_SETTLEMENTCAPACITY_PRICE_[EUR/MW], RES_SHARE",2,1_3
2024-01-30 20:00:00,2.98,4.8324195544981565,"(2, 0, 1)",76.73024926160517,"FCR_GERMANY_SETTLEMENTCAPACITY_PRICE_[EUR/MW], RES_SHARE",2,1_3
2024-01-31 20:00:00,4.78,4.05881719481224,"(2, 0, 1)",79.37409135395274,"FCR_GERMANY_SETTLEMENTCAPACITY_PRICE_[EUR/MW], RES_SHARE",2,1_3
2024-02-01 20:00:00,3.45,3.559042396338883,"(1, 0, 1)",83.8111768916313,"FCR_GERMANY_SETTLEMENTCAPACITY_PRICE_[EUR/MW], RES_SHARE",2,1_3
2024-02-02 20:00:00,5.82,5.4208655291891406,"(2, 0, 1)",78.95765950858775,"FCR_GERMANY_SETTLEMENTCAPACITY_PRICE_[EUR/MW], RES_SHARE",2,1_3
2024-02-03 20:00:00,5.5,6.49542667738719,"(2, 0, 1)",78.56696921523464,"FCR_GERMANY_SETTLEMENTCAPACITY_PRICE_[EUR/MW], RES_SHARE",2,1_3
2024-02-04 20:00:00,8.75,6.673930712905713,"(2, 0, 1)",77.30543058123945,"FCR_GERMANY_SETTLEMENTCAPACITY_PRICE_[EUR/MW], RES_SHARE",2,1_3
2024-02-05 20:00:00,5.8,7.253023169473655,"(2, 0, 1)",76.9082745713372,"FCR_GERMANY_SETTLEMENTCAPACITY_PRICE_[EUR/MW], RES_SHARE",2,1_3
2024-02-06 20:00:00,4.71,5.880961080459489,"(1, 0, 1)",82.21292272801942,"FCR_GERMANY_SETTLEMENTCAPACITY_PRICE_[EUR/MW], RES_SHARE",2,1_3
2024-02-07 20:00:00,3.72,2.1737247936010378,"(2, 0, 1)",78.08520372325626,"FCR_GERMANY_SETTLEMENTCAPACITY_PRICE_[EUR/MW], RES_SHARE",2,1_3
2024-02-08 20:00:00,3.18,4.118516829611844,"(2, 0, 1)",82.69640906372436,"FCR_GERMANY_SETTLEMENTCAPACITY_PRICE_[EUR/MW], RES_SHARE",2,1_3
2024-02-09 20:00:00,2.75,3.2237694557629673,"(2, 0, 1)",81.27983745816758,"FCR_GERMANY_SETTLEMENTCAPACITY_PRICE_[EUR/MW], RES_SHARE",2,1_3
2024-02-10 20:00:00,2.56,2.946704717749045,"(2, 0, 1)",81.0630530388185,"FCR_GERMANY_SETTLEMENTCAPACITY_PRICE_[EUR/MW], RES_SHARE",2,1_3
2024-02-11 20:00:00,2.49,2.526618196185611,"(2, 0, 1)",81.29488019559194,"FCR_GERMANY_SETTLEMENTCAPACITY_PRICE_[EUR/MW], RES_SHARE",2,1_3
2024-02-12 20:00:00,2.27,2.887359841369528,"(2, 0, 2)",81.97012050962205,"FCR_GERMANY_SETTLEMENTCAPACITY_PRICE_[EUR/MW], RES_SHARE",2,1_3
2024-02-13 20:00:00,2.04,2.3333788124181027,"(2, 0, 1)",77.50151731420637,"FCR_GERMANY_SETTLEMENTCAPACITY_PRICE_[EUR/MW], RES_SHARE",2,1_3
2024-02-14 20:00:00,1.88,2.3116876208432684,"(2, 0, 1)",78.42897424060374,"FCR_GERMANY_SETTLEMENTCAPACITY_PRICE_[EUR/MW], RES_SHARE",2,1_3
2024-02-15 20:00:00,1.69,2.1547721819509498,"(2, 0, 1)",77.9245019124417,"FCR_GERMANY_SETTLEMENTCAPACITY_PRICE_[EUR/MW], RES_SHARE",2,1_3
2024-02-16 20:00:00,1.58,2.198672245703219,"(2, 0, 1)",78.57502627879491,"FCR_GERMANY_SETTLEMENTCAPACITY_PRICE_[EUR/MW], RES_SHARE",2,1_3
2024-02-17 20:00:00,1.34,0.9910723887293726,"(1, 0, 2)",82.12627919793968,"FCR_GERMANY_SETTLEMENTCAPACITY_PRICE_[EUR/MW], RES_SHARE",2,1_3
2024-02-18 20:00:00,2.36,2.1346074295888084,"(1, 0, 1)",80.58145658500348,"FCR_GERMANY_SETTLEMENTCAPACITY_PRICE_[EUR/MW], RES_SHARE",2,1_3
2024-02-19 20:00:00,1.87,2.3261958486066097,"(2, 0, 1)",76.81245089442245,"FCR_GERMANY_SETTLEMENTCAPACITY_PRICE_[EUR/MW], RES_SHARE",2,1_3
2024-02-20 20:00:00,1.81,2.402234912789903,"(2, 0, 1)",76.69501913335952,"FCR_GERMANY_SETTLEMENTCAPACITY_PRICE_[EUR/MW], RES_SHARE",2,1_3
2024-02-21 20:00:00,2.32,2.3457414430061307,"(2, 0, 1)",77.55220348543448,"FCR_GERMANY_SETTLEMENTCAPACITY_PRICE_[EUR/MW], RES_SHARE",2,1_3
2024-02-22 20:00:00,12.7,3.556518747315251,"(2, 0, 1)",77.2584480178789,"FCR_GERMANY_SETTLEMENTCAPACITY_PRICE_[EUR/MW], RES_SHARE",2,1_3
2024-02-23 20:00:00,4.3,4.862184875449534,"(2, 0, 2)",94.19212801839053,"FCR_GERMANY_SETTLEMENTCAPACITY_PRICE_[EUR/MW], RES_SHARE",2,1_3
2024-02-24 20:00:00,3.83,4.044759063211543,"(2, 0, 1)",91.30914633870435,"FCR_GERMANY_SETTLEMENTCAPACITY_PRICE_[EUR/MW], RES_SHARE",2,1_3
2024-02-25 20:00:00,3.17,2.444959922937766,"(2, 0, 1)",90.84147824840514,"FCR_GERMANY_SETTLEMENTCAPACITY_PRICE_[EUR/MW], RES_SHARE",2,1_3
2024-02-26 20:00:00,2.51,3.154742404221629,"(2, 0, 1)",91.5564034815451,"FCR_GERMANY_SETTLEMENTCAPACITY_PRICE_[EUR/MW], RES_SHARE",2,1_3
2024-02-27 20:00:00,1.96,1.834866951224825,"(2, 0, 1)",92.01367765419434,"FCR_GERMANY_SETTLEMENTCAPACITY_PRICE_[EUR/MW], RES_SHARE",2,1_3
2024-02-28 20:00:00,2.08,2.3817724149473944,"(2, 0, 2)",89.19731044816372,"FCR_GERMANY_SETTLEMENTCAPACITY_PRICE_[EUR/MW], RES_SHARE",2,1_3
2024-02-29 20:00:00,2.44,3.0208378220638483,"(2, 0, 1)",86.12560132974428,"FCR_GERMANY_SETTLEMENTCAPACITY_PRICE_[EUR/MW], RES_SHARE",2,1_3
2024-03-01 20:00:00,2.01,2.111225940555962,"(2, 0, 1)",87.35146735857899,"FCR_GERMANY_SETTLEMENTCAPACITY_PRICE_[EUR/MW], RES_SHARE",2,1_3
2024-03-02 20:00:00,2.05,2.470116983120392,"(2, 0, 1)",87.22485621496357,"FCR_GERMANY_SETTLEMENTCAPACITY_PRICE_[EUR/MW], RES_SHARE",2,1_3
2024-03-03 20:00:00,2.25,1.758189565057955,"(2, 0, 2)",85.9428434998305,"FCR_GERMANY_SETTLEMENTCAPACITY_PRICE_[EUR/MW], RES_SHARE",2,1_3
2024-03-04 20:00:00,1.75,2.194379775817446,"(2, 0, 1)",86.5255589021947,"FCR_GERMANY_SETTLEMENTCAPACITY_PRICE_[EUR/MW], RES_SHARE",2,1_3
2024-03-05 20:00:00,1.46,1.7389299740875492,"(1, 0, 1)",89.95006086413464,"FCR_GERMANY_SETTLEMENTCAPACITY_PRICE_[EUR/MW], RES_SHARE",2,1_3
2024-03-06 20:00:00,1.34,1.5178563771033866,"(2, 0, 2)",73.69109588010751,"FCR_GERMANY_SETTLEMENTCAPACITY_PRICE_[EUR/MW], RES_SHARE",2,1_3
2024-03-07 20:00:00,1.68,2.049638795521846,"(2, 0, 2)",73.15168048762834,"FCR_GERMANY_SETTLEMENTCAPACITY_PRICE_[EUR/MW], RES_SHARE",2,1_3
2024-03-08 20:00:00,2.82,2.502375966907423,"(2, 0, 1)",72.36528492154314,"FCR_GERMANY_SETTLEMENTCAPACITY_PRICE_[EUR/MW], RES_SHARE",2,1_3
2024-03-09 20:00:00,3.14,2.9795441161664495,"(2, 0, 1)",72.32237140772216,"FCR_GERMANY_SETTLEMENTCAPACITY_PRICE_[EUR/MW], RES_SHARE",2,1_3
2024-03-10 20:00:00,3.74,2.9668302057225757,"(1, 0, 2)",68.92627797632841,"FCR_GERMANY_SETTLEMENTCAPACITY_PRICE_[EUR/MW], RES_SHARE",2,1_3
2024-03-11 20:00:00,2.56,2.117059303583952,"(2, 0, 2)",62.58740418371384,"FCR_GERMANY_SETTLEMENTCAPACITY_PRICE_[EUR/MW], RES_SHARE",2,1_3
2024-03-12 20:00:00,1.93,1.9140979119911774,"(2, 0, 1)",61.072004722135574,"FCR_GERMANY_SETTLEMENTCAPACITY_PRICE_[EUR/MW], RES_SHARE",2,1_3
2024-03-13 20:00:00,1.8,2.307321105932843,"(2, 0, 2)",57.99644236296694,"FCR_GERMANY_SETTLEMENTCAPACITY_PRICE_[EUR/MW], RES_SHARE",2,1_3
2024-03-14 20:00:00,1.84,2.3004623483569655,"(2, 0, 1)",56.04467174302295,"FCR_GERMANY_SETTLEMENTCAPACITY_PRICE_[EUR/MW], RES_SHARE",2,1_3
2024-03-15 20:00:00,1.84,2.156727326773101,"(2, 0, 1)",55.69177731062441,"FCR_GERMANY_SETTLEMENTCAPACITY_PRICE_[EUR/MW], RES_SHARE",2,1_3
2024-03-16 20:00:00,2.53,1.7490450048147483,"(2, 0, 1)",56.002941425665334,"FCR_GERMANY_SETTLEMENTCAPACITY_PRICE_[EUR/MW], RES_SHARE",2,1_3
2024-03-17 20:00:00,2.03,2.4491372830845113,"(2, 0, 1)",56.14246511489257,"FCR_GERMANY_SETTLEMENTCAPACITY_PRICE_[EUR/MW], RES_SHARE",2,1_3
2024-03-18 20:00:00,1.59,1.5520939988341012,"(2, 0, 1)",54.728655661803394,"FCR_GERMANY_SETTLEMENTCAPACITY_PRICE_[EUR/MW], RES_SHARE",2,1_3
2024-03-19 20:00:00,1.46,1.5716647533060433,"(2, 0, 1)",54.68285830856394,"FCR_GERMANY_SETTLEMENTCAPACITY_PRICE_[EUR/MW], RES_SHARE",2,1_3
2024-03-20 20:00:00,1.25,1.3775784817635524,"(2, 0, 1)",54.54777565007845,"FCR_GERMANY_SETTLEMENTCAPACITY_PRICE_[EUR/MW], RES_SHARE",2,1_3
2024-03-21 20:00:00,1.23,1.612572696673283,"(2, 0, 1)",53.04637410289318,"FCR_GERMANY_SETTLEMENTCAPACITY_PRICE_[EUR/MW], RES_SHARE",2,1_3
2024-03-22 20:00:00,2.2,1.4569473776930706,"(2, 0, 1)",53.956270441959724,"FCR_GERMANY_SETTLEMENTCAPACITY_PRICE_[EUR/MW], RES_SHARE",2,1_3
2024-03-23 20:00:00,4.28,3.6841485597876797,"(2, 0, 1)",56.219002656105445,"FCR_GERMANY_SETTLEMENTCAPACITY_PRICE_[EUR/MW], RES_SHARE",2,1_3
2024-03-24 20:00:00,3.6,3.965499582796762,"(2, 0, 1)",56.22946418617549,"FCR_GERMANY_SETTLEMENTCAPACITY_PRICE_[EUR/MW], RES_SHARE",2,1_3
2024-03-25 20:00:00,2.59,1.8804843469080412,"(2, 0, 1)",56.06124813223714,"FCR_GERMANY_SETTLEMENTCAPACITY_PRICE_[EUR/MW], RES_SHARE",2,1_3
2024-03-26 20:00:00,2.24,3.103047284490213,"(2, 0, 1)",57.28072214437823,"FCR_GERMANY_SETTLEMENTCAPACITY_PRICE_[EUR/MW], RES_SHARE",2,1_3
2024-03-27 20:00:00,1.85,1.841509442578048,"(2, 0, 1)",56.98801246821944,"FCR_GERMANY_SETTLEMENTCAPACITY_PRICE_[EUR/MW], RES_SHARE",2,1_3
2024-03-28 20:00:00,4.2,3.2669104708046173,"(2, 0, 2)",51.437865221963726,"FCR_GERMANY_SETTLEMENTCAPACITY_PRICE_[EUR/MW], RES_SHARE",2,1_3
2024-03-29 20:00:00,3.25,2.37632871307609,"(2, 0, 1)",51.31755618974965,"FCR_GERMANY_SETTLEMENTCAPACITY_PRICE_[EUR/MW], RES_SHARE",2,1_3
2024-03-30 20:00:00,3.86,2.817532100717389,"(2, 0, 2)",49.529442402556214,"FCR_GERMANY_SETTLEMENTCAPACITY_PRICE_[EUR/MW], RES_SHARE",2,1_3
2024-03-31 20:00:00,3.14,2.73134216517655,"(2, 0, 2)",49.61322920429722,"FCR_GERMANY_SETTLEMENTCAPACITY_PRICE_[EUR/MW], RES_SHARE",2,1_3
2024-04-01 20:00:00,3.73,5.02491997918501,"(1, 0, 2)",43.11273222073696,"FCR_GERMANY_SETTLEMENTCAPACITY_PRICE_[EUR/MW], RES_SHARE",2,1_3
2024-04-02 20:00:00,3.27,3.347732442375428,"(2, 0, 2)",36.97981397503065,"FCR_GERMANY_SETTLEMENTCAPACITY_PRICE_[EUR/MW], RES_SHARE",2,1_3
2024-04-03 20:00:00,3.01,2.8055589706176915,"(2, 0, 1)",34.50864957083041,"FCR_GERMANY_SETTLEMENTCAPACITY_PRICE_[EUR/MW], RES_SHARE",2,1_3
2024-04-04 20:00:00,2.94,3.4469655084423,"(2, 0, 1)",29.327244242943966,"FCR_GERMANY_SETTLEMENTCAPACITY_PRICE_[EUR/MW], RES_SHARE",2,1_3
2024-04-05 20:00:00,2.84,3.5483426628897408,"(2, 0, 1)",29.09637610419993,"FCR_GERMANY_SETTLEMENTCAPACITY_PRICE_[EUR/MW], RES_SHARE",2,1_3
2024-04-06 20:00:00,2.7,3.1058551057095114,"(2, 0, 1)",28.928638721247864,"FCR_GERMANY_SETTLEMENTCAPACITY_PRICE_[EUR/MW], RES_SHARE",2,1_3
2024-04-07 20:00:00,2.54,1.8319579177899477,"(2, 0, 1)",28.45996587015746,"FCR_GERMANY_SETTLEMENTCAPACITY_PRICE_[EUR/MW], RES_SHARE",2,1_3
2024-04-08 20:00:00,2.5,2.781547719576167,"(2, 0, 2)",28.418434248154693,"FCR_GERMANY_SETTLEMENTCAPACITY_PRICE_[EUR/MW], RES_SHARE",2,1_3
2024-04-09 20:00:00,2.57,3.5146201554578487,"(2, 0, 2)",25.7640917242312,"FCR_GERMANY_SETTLEMENTCAPACITY_PRICE_[EUR/MW], RES_SHARE",2,1_3
2024-04-10 20:00:00,2.5,2.057829449792837,"(2, 0, 2)",25.797209925345406,"FCR_GERMANY_SETTLEMENTCAPACITY_PRICE_[EUR/MW], RES_SHARE",2,1_3
2024-04-11 20:00:00,2.29,2.477289975799096,"(2, 0, 1)",24.490656682920523,"FCR_GERMANY_SETTLEMENTCAPACITY_PRICE_[EUR/MW], RES_SHARE",2,1_3
2024-04-12 20:00:00,2.2,2.553178379751903,"(2, 0, 1)",24.392603160562388,"FCR_GERMANY_SETTLEMENTCAPACITY_PRICE_[EUR/MW], RES_SHARE",2,1_3
2024-04-13 20:00:00,2.99,3.2393782134363316,"(2, 0, 1)",23.59158285210816,"FCR_GERMANY_SETTLEMENTCAPACITY_PRICE_[EUR/MW], RES_SHARE",2,1_3
2024-04-14 20:00:00,2.66,2.0051089316139667,"(2, 0, 1)",20.349175518966536,"FCR_GERMANY_SETTLEMENTCAPACITY_PRICE_[EUR/MW], RES_SHARE",2,1_3
2024-04-15 20:00:00,4.66,5.268949393729536,"(2, 0, 1)",21.494590991579486,"FCR_GERMANY_SETTLEMENTCAPACITY_PRICE_[EUR/MW], RES_SHARE",2,1_3
2024-04-16 20:00:00,14.99,2.6097998866722323,"(1, 0, 2)",19.169242050674086,"FCR_GERMANY_SETTLEMENTCAPACITY_PRICE_[EUR/MW], RES_SHARE",2,1_3
2024-04-17 20:00:00,5.75,5.227278755919062,"(2, 0, 2)",56.25437901169402,"FCR_GERMANY_SETTLEMENTCAPACITY_PRICE_[EUR/MW], RES_SHARE",2,1_3
2024-04-18 20:00:00,4.2,4.1594859056196185,"(2, 0, 1)",55.23411196489844,"FCR_GERMANY_SETTLEMENTCAPACITY_PRICE_[EUR/MW], RES_SHARE",2,1_3
2024-04-19 20:00:00,3.97,4.954243096456269,"(2, 0, 1)",54.192405264395596,"FCR_GERMANY_SETTLEMENTCAPACITY_PRICE_[EUR/MW], RES_SHARE",2,1_3
2024-04-20 20:00:00,3.65,2.815811557615302,"(2, 0, 1)",51.88161230539229,"FCR_GERMANY_SETTLEMENTCAPACITY_PRICE_[EUR/MW], RES_SHARE",2,1_3
2024-04-21 20:00:00,3.51,3.2873679537058598,"(2, 0, 1)",49.39348074484363,"FCR_GERMANY_SETTLEMENTCAPACITY_PRICE_[EUR/MW], RES_SHARE",2,1_3
2024-04-22 20:00:00,3.26,2.8344611345119506,"(2, 0, 1)",49.194594651164806,"FCR_GERMANY_SETTLEMENTCAPACITY_PRICE_[EUR/MW], RES_SHARE",2,1_3
2024-04-23 20:00:00,2.75,2.7098931523127012,"(2, 0, 1)",49.41763308726892,"FCR_GERMANY_SETTLEMENTCAPACITY_PRICE_[EUR/MW], RES_SHARE",2,1_3
2024-04-24 20:00:00,26.95,3.1569983417318017,"(2, 0, 1)",49.34079933827686,"FCR_GERMANY_SETTLEMENTCAPACITY_PRICE_[EUR/MW], RES_SHARE",2,1_3
2024-04-25 20:00:00,7.37,7.651827650077192,"(2, 0, 1)",85.4659598595677,"FCR_GERMANY_SETTLEMENTCAPACITY_PRICE_[EUR/MW], RES_SHARE",2,1_3
2024-04-26 20:00:00,4.83,6.025351723045439,"(2, 0, 1)",85.4649598725625,"FCR_GERMANY_SETTLEMENTCAPACITY_PRICE_[EUR/MW], RES_SHARE",2,1_3
2024-04-27 20:00:00,4.21,5.429191413112686,"(2, 0, 1)",84.62974627953923,"FCR_GERMANY_SETTLEMENTCAPACITY_PRICE_[EUR/MW], RES_SHARE",2,1_3
2024-04-28 20:00:00,4.5,5.304356158847341,"(2, 0, 1)",85.29031076619803,"FCR_GERMANY_SETTLEMENTCAPACITY_PRICE_[EUR/MW], RES_SHARE",2,1_3
2024-04-29 20:00:00,3.58,3.1137183686779575,"(2, 0, 1)",85.56664521820503,"FCR_GERMANY_SETTLEMENTCAPACITY_PRICE_[EUR/MW], RES_SHARE",2,1_3
2024-04-30 20:00:00,3.34,3.8478818242211354,"(2, 0, 1)",85.51745274590122,"FCR_GERMANY_SETTLEMENTCAPACITY_PRICE_[EUR/MW], RES_SHARE",2,1_3
2024-05-01 20:00:00,5.35,5.5639709258243,"(2, 0, 1)",83.38462513364276,"FCR_GERMANY_SETTLEMENTCAPACITY_PRICE_[EUR/MW], RES_SHARE",2,1_3
2024-05-02 20:00:00,4.12,4.524514572292337,"(2, 0, 1)",82.99047064049854,"FCR_GERMANY_SETTLEMENTCAPACITY_PRICE_[EUR/MW], RES_SHARE",2,1_3
2024-05-03 20:00:00,3.31,2.541845996149055,"(2, 0, 2)",80.51959769673785,"FCR_GERMANY_SETTLEMENTCAPACITY_PRICE_[EUR/MW], RES_SHARE",2,1_3
2024-05-04 20:00:00,3.1,2.9884717952782895,"(2, 0, 1)",80.00363876322065,"FCR_GERMANY_SETTLEMENTCAPACITY_PRICE_[EUR/MW], RES_SHARE",2,1_3
2024-05-05 20:00:00,3.12,2.835408400806749,"(2, 0, 1)",79.90613357417043,"FCR_GERMANY_SETTLEMENTCAPACITY_PRICE_[EUR/MW], RES_SHARE",2,1_3
2024-05-06 20:00:00,2.99,2.5611672736604407,"(2, 0, 2)",79.06996166253633,"FCR_GERMANY_SETTLEMENTCAPACITY_PRICE_[EUR/MW], RES_SHARE",2,1_3
2024-05-07 20:00:00,2.69,4.2195508664823205,"(2, 0, 1)",78.27603672319854,"FCR_GERMANY_SETTLEMENTCAPACITY_PRICE_[EUR/MW], RES_SHARE",2,1_3
2024-05-08 20:00:00,2.44,2.390216661166383,"(2, 0, 2)",78.99846673669092,"FCR_GERMANY_SETTLEMENTCAPACITY_PRICE_[EUR/MW], RES_SHARE",2,1_3
2024-05-09 20:00:00,2.45,2.3376871849796816,"(2, 0, 1)",77.68330758515403,"FCR_GERMANY_SETTLEMENTCAPACITY_PRICE_[EUR/MW], RES_SHARE",2,1_3
2024-05-10 20:00:00,2.28,2.550759899374803,"(2, 0, 1)",76.70388167591345,"FCR_GERMANY_SETTLEMENTCAPACITY_PRICE_[EUR/MW], RES_SHARE",2,1_3
2024-05-11 20:00:00,2.23,2.9042035411591276,"(2, 0, 1)",76.55397613990446,"FCR_GERMANY_SETTLEMENTCAPACITY_PRICE_[EUR/MW], RES_SHARE",2,1_3
2024-05-12 20:00:00,3.16,3.3091406349444554,"(2, 0, 2)",76.41891360785438,"FCR_GERMANY_SETTLEMENTCAPACITY_PRICE_[EUR/MW], RES_SHARE",2,1_3
2024-05-13 20:00:00,2.87,3.444575975190538,"(2, 0, 2)",70.46903551345403,"FCR_GERMANY_SETTLEMENTCAPACITY_PRICE_[EUR/MW], RES_SHARE",2,1_3
2024-05-14 20:00:00,2.67,4.033474918276315,"(2, 0, 1)",61.96959950709319,"FCR_GERMANY_SETTLEMENTCAPACITY_PRICE_[EUR/MW], RES_SHARE",2,1_3
2024-05-15 20:00:00,3.05,3.1814892217097643,"(2, 0, 1)",63.590463615739836,"FCR_GERMANY_SETTLEMENTCAPACITY_PRICE_[EUR/MW], RES_SHARE",2,1_3
2024-05-16 20:00:00,2.57,3.2396388621101107,"(2, 0, 1)",63.29059569860674,"FCR_GERMANY_SETTLEMENTCAPACITY_PRICE_[EUR/MW], RES_SHARE",2,1_3
2024-05-17 20:00:00,2.17,2.5001934631956857,"(2, 0, 1)",63.212413416365116,"FCR_GERMANY_SETTLEMENTCAPACITY_PRICE_[EUR/MW], RES_SHARE",2,1_3
2024-05-18 20:00:00,2.04,2.0599724737806575,"(2, 0, 2)",60.74462603438483,"FCR_GERMANY_SETTLEMENTCAPACITY_PRICE_[EUR/MW], RES_SHARE",2,1_3
2024-05-19 20:00:00,2.13,3.7269867351814767,"(2, 0, 1)",57.753304353058624,"FCR_GERMANY_SETTLEMENTCAPACITY_PRICE_[EUR/MW], RES_SHARE",2,1_3
2024-05-20 20:00:00,2.26,2.2550114222758775,"(2, 0, 1)",61.26518561386399,"FCR_GERMANY_SETTLEMENTCAPACITY_PRICE_[EUR/MW], RES_SHARE",2,1_3
2024-05-21 20:00:00,2.19,4.193445290822663,"(2, 0, 1)",59.615146753445956,"FCR_GERMANY_SETTLEMENTCAPACITY_PRICE_[EUR/MW], RES_SHARE",2,1_3
2024-05-22 20:00:00,2.09,1.7442559768203472,"(2, 0, 1)",62.844360830228354,"FCR_GERMANY_SETTLEMENTCAPACITY_PRICE_[EUR/MW], RES_SHARE",2,1_3
2024-05-23 20:00:00,2.0,2.2326989467625706,"(2, 0, 1)",63.24045355482681,"FCR_GERMANY_SETTLEMENTCAPACITY_PRICE_[EUR/MW], RES_SHARE",2,1_3
2024-05-24 20:00:00,1.94,1.9568395727693975,"(2, 0, 2)",54.37475815969951,"FCR_GERMANY_SETTLEMENTCAPACITY_PRICE_[EUR/MW], RES_SHARE",2,1_3
2024-05-25 20:00:00,1.92,1.8294057191604447,"(2, 0, 1)",48.734696996663395,"FCR_GERMANY_SETTLEMENTCAPACITY_PRICE_[EUR/MW], RES_SHARE",2,1_3
2024-05-26 20:00:00,2.1,1.967671674888446,"(2, 0, 1)",39.391514115950876,"FCR_GERMANY_SETTLEMENTCAPACITY_PRICE_[EUR/MW], RES_SHARE",2,1_3
2024-05-27 20:00:00,3.1,1.8725718329401377,"(2, 0, 1)",39.43462285168235,"FCR_GERMANY_SETTLEMENTCAPACITY_PRICE_[EUR/MW], RES_SHARE",2,1_3
2024-05-28 20:00:00,2.33,2.800636516579848,"(2, 0, 1)",41.84084470928417,"FCR_GERMANY_SETTLEMENTCAPACITY_PRICE_[EUR/MW], RES_SHARE",2,1_3
2024-05-29 20:00:00,2.18,2.418112110852739,"(2, 0, 1)",41.29458549832974,"FCR_GERMANY_SETTLEMENTCAPACITY_PRICE_[EUR/MW], RES_SHARE",2,1_3
2024-05-30 20:00:00,1.86,1.9282257381992438,"(2, 0, 1)",41.632959841951546,"FCR_GERMANY_SETTLEMENTCAPACITY_PRICE_[EUR/MW], RES_SHARE",2,1_3
2024-05-31 20:00:00,1.7,2.012548233771192,"(2, 0, 1)",40.430055267037844,"FCR_GERMANY_SETTLEMENTCAPACITY_PRICE_[EUR/MW], RES_SHARE",2,1_3
2024-06-01 20:00:00,1.81,3.200950553805185,"(2, 0, 1)",39.743864683146576,"FCR_GERMANY_SETTLEMENTCAPACITY_PRICE_[EUR/MW], RES_SHARE",2,1_3
2024-06-02 20:00:00,2.15,2.0707788452260076,"(2, 0, 1)",43.65590951855266,"FCR_GERMANY_SETTLEMENTCAPACITY_PRICE_[EUR/MW], RES_SHARE",2,1_3
2024-06-03 20:00:00,9.9,1.67866575870501,"(2, 0, 1)",42.67900198931855,"FCR_GERMANY_SETTLEMENTCAPACITY_PRICE_[EUR/MW], RES_SHARE",2,1_3
2024-06-04 20:00:00,22.4,6.344895946135342,"(2, 0, 1)",81.24686610740139,"FCR_GERMANY_SETTLEMENTCAPACITY_PRICE_[EUR/MW], RES_SHARE",2,1_3
2024-06-05 20:00:00,10.84,7.078850061732653,"(2, 0, 1)",91.86616285263368,"FCR_GERMANY_SETTLEMENTCAPACITY_PRICE_[EUR/MW], RES_SHARE",2,1_3
2024-06-06 20:00:00,6.95,8.969248061997268,"(2, 0, 1)",93.69233343927479,"FCR_GERMANY_SETTLEMENTCAPACITY_PRICE_[EUR/MW], RES_SHARE",2,1_3
2024-06-07 20:00:00,5.0,5.104819940488653,"(2, 0, 2)",94.47189536263024,"FCR_GERMANY_SETTLEMENTCAPACITY_PRICE_[EUR/MW], RES_SHARE",2,1_3
2024-06-08 20:00:00,4.28,4.852529746604618,"(2, 0, 2)",90.45650705865553,"FCR_GERMANY_SETTLEMENTCAPACITY_PRICE_[EUR/MW], RES_SHARE",2,1_3
2024-06-09 20:00:00,3.73,3.4793863057358694,"(2, 0, 1)",88.61187325349614,"FCR_GERMANY_SETTLEMENTCAPACITY_PRICE_[EUR/MW], RES_SHARE",2,1_3
2024-06-10 20:00:00,3.22,3.2986575984711064,"(2, 0, 1)",83.00029240518553,"FCR_GERMANY_SETTLEMENTCAPACITY_PRICE_[EUR/MW], RES_SHARE",2,1_3
2024-06-11 20:00:00,2.7,2.860857483626962,"(2, 0, 2)",87.01569449908803,"FCR_GERMANY_SETTLEMENTCAPACITY_PRICE_[EUR/MW], RES_SHARE",2,1_3
2024-06-12 20:00:00,2.9,2.7771758302557084,"(1, 0, 2)",94.23995080924773,"FCR_GERMANY_SETTLEMENTCAPACITY_PRICE_[EUR/MW], RES_SHARE",2,1_3
2024-06-13 20:00:00,2.83,2.7089805310466173,"(1, 0, 2)",93.95296473226361,"FCR_GERMANY_SETTLEMENTCAPACITY_PRICE_[EUR/MW], RES_SHARE",2,1_3
2024-06-14 20:00:00,2.35,2.994163622386059,"(1, 0, 2)",92.00589182653331,"FCR_GERMANY_SETTLEMENTCAPACITY_PRICE_[EUR/MW], RES_SHARE",2,1_3
2024-06-15 20:00:00,2.96,2.6681806681204363,"(1, 0, 2)",92.63029820274569,"FCR_GERMANY_SETTLEMENTCAPACITY_PRICE_[EUR/MW], RES_SHARE",2,1_3
2024-06-16 20:00:00,2.39,3.4257585560185886,"(1, 0, 2)",92.57475960263552,"FCR_GERMANY_SETTLEMENTCAPACITY_PRICE_[EUR/MW], RES_SHARE",2,1_3
2024-06-17 20:00:00,2.22,2.002256207600806,"(1, 0, 2)",93.87582510377655,"FCR_GERMANY_SETTLEMENTCAPACITY_PRICE_[EUR/MW], RES_SHARE",2,1_3
2024-06-18 20:00:00,1.95,3.004095582701821,"(1, 0, 2)",93.9890662658082,"FCR_GERMANY_SETTLEMENTCAPACITY_PRICE_[EUR/MW], RES_SHARE",2,1_3
2024-06-19 20:00:00,1.86,1.911140153004419,"(2, 0, 2)",89.07368421851149,"FCR_GERMANY_SETTLEMENTCAPACITY_PRICE_[EUR/MW], RES_SHARE",2,1_3
2024-06-20 20:00:00,2.0,2.280321356751451,"(2, 0, 2)",84.81354279960829,"FCR_GERMANY_SETTLEMENTCAPACITY_PRICE_[EUR/MW], RES_SHARE",2,1_3
2024-06-21 20:00:00,1.77,2.310045404411465,"(2, 0, 2)",83.86535214384065,"FCR_GERMANY_SETTLEMENTCAPACITY_PRICE_[EUR/MW], RES_SHARE",2,1_3
2024-06-22 20:00:00,1.69,1.7456719937472593,"(2, 0, 1)",81.96375613415081,"FCR_GERMANY_SETTLEMENTCAPACITY_PRICE_[EUR/MW], RES_SHARE",2,1_3
2024-06-23 20:00:00,1.59,1.9909440545543893,"(2, 0, 1)",71.48305496496226,"FCR_GERMANY_SETTLEMENTCAPACITY_PRICE_[EUR/MW], RES_SHARE",2,1_3
2024-06-24 20:00:00,1.41,1.7301568028993943,"(2, 0, 2)",67.09517864714044,"FCR_GERMANY_SETTLEMENTCAPACITY_PRICE_[EUR/MW], RES_SHARE",2,1_3
2024-06-25 20:00:00,1.36,1.4936197781527518,"(2, 0, 1)",64.82161120088527,"FCR_GERMANY_SETTLEMENTCAPACITY_PRICE_[EUR/MW], RES_SHARE",2,1_3
2024-06-26 20:00:00,1.29,1.4595161887444514,"(2, 0, 1)",59.17841877984444,"FCR_GERMANY_SETTLEMENTCAPACITY_PRICE_[EUR/MW], RES_SHARE",2,1_3
2024-06-27 20:00:00,1.47,1.1977884431779084,"(1, 0, 0)",58.29196119714464,"FCR_GERMANY_SETTLEMENTCAPACITY_PRICE_[EUR/MW], RES_SHARE",2,1_3
2024-06-28 20:00:00,1.44,1.609464058760624,"(2, 0, 1)",48.639708149521724,"FCR_GERMANY_SETTLEMENTCAPACITY_PRICE_[EUR/MW], RES_SHARE",2,1_3
2024-06-29 20:00:00,1.29,1.6334215023425536,"(2, 0, 2)",35.203731402830556,"FCR_GERMANY_SETTLEMENTCAPACITY_PRICE_[EUR/MW], RES_SHARE",2,1_3
2024-06-30 20:00:00,1.44,1.344610800655731,"(1, 0, 0)",36.697737042593715,"FCR_GERMANY_SETTLEMENTCAPACITY_PRICE_[EUR/MW], RES_SHARE",2,1_3
2024-07-01 20:00:00,2.5,1.6011987224468371,"(2, 0, 2)",21.06260040270276,"FCR_GERMANY_SETTLEMENTCAPACITY_PRICE_[EUR/MW], RES_SHARE",2,1_3
2024-07-02 20:00:00,1.66,2.496407458475925,"(2, 0, 1)",11.978515483585717,"FCR_GERMANY_SETTLEMENTCAPACITY_PRICE_[EUR/MW], RES_SHARE",2,1_3
2024-07-03 20:00:00,2.37,1.6179309837901161,"(2, 0, 2)",13.72862834606638,"FCR_GERMANY_SETTLEMENTCAPACITY_PRICE_[EUR/MW], RES_SHARE",2,1_3
2024-07-04 20:00:00,2.0,2.7154132668864737,"(1, 0, 0)",15.376464865073348,"FCR_GERMANY_SETTLEMENTCAPACITY_PRICE_[EUR/MW], RES_SHARE",2,1_3
2024-07-05 20:00:00,1.65,1.8318164727239326,"(2, 0, 1)",10.208873552887281,"FCR_GERMANY_SETTLEMENTCAPACITY_PRICE_[EUR/MW], RES_SHARE",2,1_3
2024-07-06 20:00:00,5.09,2.388646004943695,"(1, 0, 0)",16.01049217315968,"FCR_GERMANY_SETTLEMENTCAPACITY_PRICE_[EUR/MW], RES_SHARE",2,1_3
2024-07-07 20:00:00,2.77,3.2474811983965717,"(2, 0, 1)",17.474801043103433,"FCR_GERMANY_SETTLEMENTCAPACITY_PRICE_[EUR/MW], RES_SHARE",2,1_3
2024-07-08 20:00:00,2.09,2.7132905668028617,"(2, 0, 1)",20.1574635582835,"FCR_GERMANY_SETTLEMENTCAPACITY_PRICE_[EUR/MW], RES_SHARE",2,1_3
2024-07-09 20:00:00,1.93,2.101419537609331,"(1, 0, 0)",25.895398010891228,"FCR_GERMANY_SETTLEMENTCAPACITY_PRICE_[EUR/MW], RES_SHARE",2,1_3
2024-07-10 20:00:00,1.6,1.5425004573553798,"(1, 0, 0)",26.00052213452696,"FCR_GERMANY_SETTLEMENTCAPACITY_PRICE_[EUR/MW], RES_SHARE",2,1_3
2024-07-11 20:00:00,1.44,1.480330085434704,"(1, 0, 2)",18.556902124009103,"FCR_GERMANY_SETTLEMENTCAPACITY_PRICE_[EUR/MW], RES_SHARE",2,1_3
2024-07-12 20:00:00,1.47,1.6002465459718747,"(1, 0, 1)",16.96434960133852,"FCR_GERMANY_SETTLEMENTCAPACITY_PRICE_[EUR/MW], RES_SHARE",2,1_3
2024-07-13 20:00:00,2.0,1.666790224678006,"(2, 0, 1)",11.73913773902926,"FCR_GERMANY_SETTLEMENTCAPACITY_PRICE_[EUR/MW], RES_SHARE",2,1_3
2024-07-14 20:00:00,1.87,1.9398135548990483,"(1, 0, 0)",4.821637823250377,"FCR_GERMANY_SETTLEMENTCAPACITY_PRICE_[EUR/MW], RES_SHARE",2,1_3
2024-07-15 20:00:00,1.58,1.8380901965801983,"(2, 0, 1)",-1.0338379739828518,"FCR_GERMANY_SETTLEMENTCAPACITY_PRICE_[EUR/MW], RES_SHARE",2,1_3
2024-07-16 20:00:00,2.49,1.6884085032117166,"(2, 0, 1)",2.7092621281052907,"FCR_GERMANY_SETTLEMENTCAPACITY_PRICE_[EUR/MW], RES_SHARE",2,1_3
2024-07-17 20:00:00,2.0,2.105849044133773,"(1, 0, 0)",6.438136309303797,"FCR_GERMANY_SETTLEMENTCAPACITY_PRICE_[EUR/MW], RES_SHARE",2,1_3
2024-07-18 20:00:00,1.65,2.1528283334764646,"(2, 0, 1)",3.779296097396008,"FCR_GERMANY_SETTLEMENTCAPACITY_PRICE_[EUR/MW], RES_SHARE",2,1_3
2024-07-19 20:00:00,1.46,1.9076589602513645,"(2, 0, 1)",0.7563307463029787,"FCR_GERMANY_SETTLEMENTCAPACITY_PRICE_[EUR/MW], RES_SHARE",2,1_3
2024-07-20 20:00:00,1.64,1.5542487875031334,"(2, 0, 1)",1.4101116056203438,"FCR_GERMANY_SETTLEMENTCAPACITY_PRICE_[EUR/MW], RES_SHARE",2,1_3
2024-07-21 20:00:00,1.44,1.556697155262605,"(2, 0, 1)",-1.6167245096046834,"FCR_GERMANY_SETTLEMENTCAPACITY_PRICE_[EUR/MW], RES_SHARE",2,1_3
2024-07-22 20:00:00,1.3,1.4535445925685906,"(2, 0, 1)",-25.05540523184655,"FCR_GERMANY_SETTLEMENTCAPACITY_PRICE_[EUR/MW], RES_SHARE",2,1_3
2024-07-23 20:00:00,1.28,1.4735669486234626,"(2, 0, 1)",-24.530250380669358,"FCR_GERMANY_SETTLEMENTCAPACITY_PRICE_[EUR/MW], RES_SHARE",2,1_3
2024-07-24 20:00:00,1.25,1.5266213291616044,"(2, 0, 1)",-25.45066816437412,"FCR_GERMANY_SETTLEMENTCAPACITY_PRICE_[EUR/MW], RES_SHARE",2,1_3
2024-07-25 20:00:00,1.15,1.442077918658598,"(2, 0, 1)",-24.050587364486056,"FCR_GERMANY_SETTLEMENTCAPACITY_PRICE_[EUR/MW], RES_SHARE",2,1_3
2024-07-26 20:00:00,1.12,1.2047824853917464,"(2, 0, 1)",-24.088700972569555,"FCR_GERMANY_SETTLEMENTCAPACITY_PRICE_[EUR/MW], RES_SHARE",2,1_3
2024-07-27 20:00:00,1.33,1.133216118188939,"(2, 0, 1)",-23.819372600506597,"FCR_GERMANY_SETTLEMENTCAPACITY_PRICE_[EUR/MW], RES_SHARE",2,1_3
2024-07-28 20:00:00,1.49,1.6695488686032955,"(2, 0, 1)",-21.557701433452152,"FCR_GERMANY_SETTLEMENTCAPACITY_PRICE_[EUR/MW], RES_SHARE",2,1_3
2024-07-29 20:00:00,1.31,1.3781200204429325,"(2, 0, 1)",-23.477691740367604,"FCR_GERMANY_SETTLEMENTCAPACITY_PRICE_[EUR/MW], RES_SHARE",2,1_3
2024-07-30 20:00:00,1.3,1.3219071130324769,"(2, 0, 1)",-25.26573041918263,"FCR_GERMANY_SETTLEMENTCAPACITY_PRICE_[EUR/MW], RES_SHARE",2,1_3
2024-07-31 20:00:00,1.19,1.3166248778085823,"(2, 0, 1)",-28.135508476790484,"FCR_GERMANY_SETTLEMENTCAPACITY_PRICE_[EUR/MW], RES_SHARE",2,1_3
2024-08-01 20:00:00,1.15,1.1963570288688754,"(2, 0, 1)",-28.342748187773395,"FCR_GERMANY_SETTLEMENTCAPACITY_PRICE_[EUR/MW], RES_SHARE",2,1_3
2024-08-02 20:00:00,1.08,1.2778143363667727,"(2, 0, 1)",-31.696714474795414,"FCR_GERMANY_SETTLEMENTCAPACITY_PRICE_[EUR/MW], RES_SHARE",2,1_3
2024-08-03 20:00:00,1.27,1.1826140391912483,"(2, 0, 1)",-31.52979920618955,"FCR_GERMANY_SETTLEMENTCAPACITY_PRICE_[EUR/MW], RES_SHARE",2,1_3
2024-08-04 20:00:00,1.25,1.2499700979378576,"(2, 0, 1)",-31.88622317562138,"FCR_GERMANY_SETTLEMENTCAPACITY_PRICE_[EUR/MW], RES_SHARE",2,1_3
2024-08-05 20:00:00,1.11,1.2328112724619993,"(2, 0, 1)",-34.23465948023207,"FCR_GERMANY_SETTLEMENTCAPACITY_PRICE_[EUR/MW], RES_SHARE",2,1_3
2024-08-06 20:00:00,1.08,1.1714661160943056,"(2, 0, 1)",-44.41253017987524,"FCR_GERMANY_SETTLEMENTCAPACITY_PRICE_[EUR/MW], RES_SHARE",2,1_3
2024-08-07 20:00:00,0.98,1.1396001366979749,"(2, 0, 1)",-45.77244665926253,"FCR_GERMANY_SETTLEMENTCAPACITY_PRICE_[EUR/MW], RES_SHARE",2,1_3
2024-08-08 20:00:00,0.9,1.0151457198148546,"(2, 0, 1)",-45.39815085797589,"FCR_GERMANY_SETTLEMENTCAPACITY_PRICE_[EUR/MW], RES_SHARE",2,1_3
2024-08-09 20:00:00,1.18,1.1229167911749782,"(2, 0, 1)",-45.10042895408337,"FCR_GERMANY_SETTLEMENTCAPACITY_PRICE_[EUR/MW], RES_SHARE",2,1_3
2024-08-10 20:00:00,1.18,1.1162972294233808,"(2, 0, 1)",-45.051717231916356,"FCR_GERMANY_SETTLEMENTCAPACITY_PRICE_[EUR/MW], RES_SHARE",2,1_3
2024-08-11 20:00:00,1.12,1.132356798394654,"(2, 0, 1)",-45.04711435010644,"FCR_GERMANY_SETTLEMENTCAPACITY_PRICE_[EUR/MW], RES_SHARE",2,1_3
2024-08-12 20:00:00,1.11,1.263354625132476,"(2, 0, 1)",-45.270075228478916,"FCR_GERMANY_SETTLEMENTCAPACITY_PRICE_[EUR/MW], RES_SHARE",2,1_3
2024-08-13 20:00:00,2.19,1.1296535636391116,"(2, 0, 1)",-45.01753052068324,"FCR_GERMANY_SETTLEMENTCAPACITY_PRICE_[EUR/MW], RES_SHARE",2,1_3
2024-08-14 20:00:00,1.41,1.8786867982591349,"(2, 0, 1)",-35.380844425123634,"FCR_GERMANY_SETTLEMENTCAPACITY_PRICE_[EUR/MW], RES_SHARE",2,1_3
2024-08-15 20:00:00,1.23,1.373883594443454,"(2, 0, 1)",-34.382550444193676,"FCR_GERMANY_SETTLEMENTCAPACITY_PRICE_[EUR/MW], RES_SHARE",2,1_3
2024-08-16 20:00:00,1.18,1.2453265637155704,"(2, 0, 1)",-35.433318986761236,"FCR_GERMANY_SETTLEMENTCAPACITY_PRICE_[EUR/MW], RES_SHARE",2,1_3
2024-08-17 20:00:00,1.29,1.143809664424353,"(2, 0, 1)",-35.60000930681882,"FCR_GERMANY_SETTLEMENTCAPACITY_PRICE_[EUR/MW], RES_SHARE",2,1_3
2024-08-18 20:00:00,1.54,1.3625189206796056,"(2, 0, 1)",-36.163363562135665,"FCR_GERMANY_SETTLEMENTCAPACITY_PRICE_[EUR/MW], RES_SHARE",2,1_3
2024-08-19 20:00:00,1.21,1.560056559253447,"(2, 0, 1)",-37.37897833094861,"FCR_GERMANY_SETTLEMENTCAPACITY_PRICE_[EUR/MW], RES_SHARE",2,1_3
2024-08-20 20:00:00,1.39,1.2555039870261175,"(1, 0, 2)",-40.839962624445356,"FCR_GERMANY_SETTLEMENTCAPACITY_PRICE_[EUR/MW], RES_SHARE",2,1_3
2024-08-21 20:00:00,3.35,1.4326081099382049,"(1, 0, 1)",-40.9488327055381,"FCR_GERMANY_SETTLEMENTCAPACITY_PRICE_[EUR/MW], RES_SHARE",2,1_3
2024-08-22 20:00:00,2.58,2.899398680906704,"(2, 0, 1)",-30.1747056540921,"FCR_GERMANY_SETTLEMENTCAPACITY_PRICE_[EUR/MW], RES_SHARE",2,1_3
2024-08-23 20:00:00,2.31,2.3151978400085373,"(2, 0, 1)",-36.47067065641096,"FCR_GERMANY_SETTLEMENTCAPACITY_PRICE_[EUR/MW], RES_SHARE",2,1_3
2024-08-24 20:00:00,2.3,2.401882911561557,"(2, 0, 1)",-36.54426271522171,"FCR_GERMANY_SETTLEMENTCAPACITY_PRICE_[EUR/MW], RES_SHARE",2,1_3
2024-08-25 20:00:00,2.68,1.7138506947464887,"(2, 0, 1)",-37.10502036170409,"FCR_GERMANY_SETTLEMENTCAPACITY_PRICE_[EUR/MW], RES_SHARE",2,1_3
2024-08-26 20:00:00,1.96,2.275387598098593,"(2, 0, 1)",-33.02538259650143,"FCR_GERMANY_SETTLEMENTCAPACITY_PRICE_[EUR/MW], RES_SHARE",2,1_3
2024-08-27 20:00:00,1.93,2.027855528793447,"(2, 0, 1)",-32.60319997447128,"FCR_GERMANY_SETTLEMENTCAPACITY_PRICE_[EUR/MW], RES_SHARE",2,1_3
2024-08-28 20:00:00,1.9,1.9146958086720502,"(2, 0, 1)",-32.555455831450715,"FCR_GERMANY_SETTLEMENTCAPACITY_PRICE_[EUR/MW], RES_SHARE",2,1_3
2024-08-29 20:00:00,1.75,1.9063509843841846,"(2, 0, 1)",-32.6050522919508,"FCR_GERMANY_SETTLEMENTCAPACITY_PRICE_[EUR/MW], RES_SHARE",2,1_3
2024-08-30 20:00:00,1.66,1.74187637124081,"(2, 0, 1)",-33.86089842032692,"FCR_GERMANY_SETTLEMENTCAPACITY_PRICE_[EUR/MW], RES_SHARE",2,1_3
2024-08-31 20:00:00,1.7,1.730742053946403,"(2, 0, 1)",-35.20185211585542,"FCR_GERMANY_SETTLEMENTCAPACITY_PRICE_[EUR/MW], RES_SHARE",2,1_3
2024-09-01 20:00:00,2.29,1.7293603476056456,"(2, 0, 1)",-35.43704515700524,"FCR_GERMANY_SETTLEMENTCAPACITY_PRICE_[EUR/MW], RES_SHARE",2,1_3
2024-09-02 20:00:00,1.98,1.9806690490545815,"(2, 0, 1)",-33.84751238556389,"FCR_GERMANY_SETTLEMENTCAPACITY_PRICE_[EUR/MW], RES_SHARE",2,1_3
2024-09-03 20:00:00,2.2,1.8272132545258002,"(2, 0, 1)",-34.65802969977595,"FCR_GERMANY_SETTLEMENTCAPACITY_PRICE_[EUR/MW], RES_SHARE",2,1_3
2024-09-04 20:00:00,1.96,2.35121488533414,"(2, 0, 1)",-34.88808051361705,"FCR_GERMANY_SETTLEMENTCAPACITY_PRICE_[EUR/MW], RES_SHARE",2,1_3
2024-09-05 20:00:00,4.57,2.3343049192343415,"(2, 0, 1)",-35.58003007435656,"FCR_GERMANY_SETTLEMENTCAPACITY_PRICE_[EUR/MW], RES_SHARE",2,1_3
2024-09-06 20:00:00,2.31,3.207030428521753,"(2, 0, 1)",-27.995481119968154,"FCR_GERMANY_SETTLEMENTCAPACITY_PRICE_[EUR/MW], RES_SHARE",2,1_3
2024-09-07 20:00:00,2.05,2.1379028352856326,"(2, 0, 1)",-26.872977083666093,"FCR_GERMANY_SETTLEMENTCAPACITY_PRICE_[EUR/MW], RES_SHARE",2,1_3
2024-09-08 20:00:00,2.0,1.877303592213152,"(2, 0, 1)",-27.493323857778066,"FCR_GERMANY_SETTLEMENTCAPACITY_PRICE_[EUR/MW], RES_SHARE",2,1_3
2024-09-09 20:00:00,4.5,2.396596703391297,"(2, 0, 1)",-27.806466042453124,"FCR_GERMANY_SETTLEMENTCAPACITY_PRICE_[EUR/MW], RES_SHARE",2,1_3
2024-09-10 20:00:00,4.72,4.060704214858653,"(2, 0, 1)",-21.696012755683753,"FCR_GERMANY_SETTLEMENTCAPACITY_PRICE_[EUR/MW], RES_SHARE",2,1_3
2024-09-11 20:00:00,3.85,3.3314774185193885,"(2, 0, 1)",-21.527186450659542,"FCR_GERMANY_SETTLEMENTCAPACITY_PRICE_[EUR/MW], RES_SHARE",2,1_3
2024-09-12 20:00:00,2.6,3.1765982457568933,"(2, 0, 1)",-21.117498746499336,"FCR_GERMANY_SETTLEMENTCAPACITY_PRICE_[EUR/MW], RES_SHARE",2,1_3
2024-09-13 20:00:00,3.6,3.3799953155520512,"(2, 0, 1)",-20.63067515220044,"FCR_GERMANY_SETTLEMENTCAPACITY_PRICE_[EUR/MW], RES_SHARE",2,1_3
2024-09-14 20:00:00,3.03,3.1286653977732484,"(2, 0, 1)",-20.868634386624585,"FCR_GERMANY_SETTLEMENTCAPACITY_PRICE_[EUR/MW], RES_SHARE",2,1_3
2024-09-15 20:00:00,2.99,2.803795457691999,"(2, 0, 1)",-21.288367827273795,"FCR_GERMANY_SETTLEMENTCAPACITY_PRICE_[EUR/MW], RES_SHARE",2,1_3
2024-09-16 20:00:00,3.52,3.4503128622030483,"(2, 0, 1)",-23.75151901495424,"FCR_GERMANY_SETTLEMENTCAPACITY_PRICE_[EUR/MW], RES_SHARE",2,1_3
2024-09-17 20:00:00,4.5,3.319668585054758,"(2, 0, 1)",-23.910616130795574,"FCR_GERMANY_SETTLEMENTCAPACITY_PRICE_[EUR/MW], RES_SHARE",2,1_3
2024-09-18 20:00:00,4.96,4.261352589852843,"(2, 0, 1)",-22.319887089986608,"FCR_GERMANY_SETTLEMENTCAPACITY_PRICE_[EUR/MW], RES_SHARE",2,1_3
2024-09-19 20:00:00,6.0,4.448162870904737,"(2, 0, 1)",-22.647417134796413,"FCR_GERMANY_SETTLEMENTCAPACITY_PRICE_[EUR/MW], RES_SHARE",2,1_3
2024-09-20 20:00:00,3.82,4.737021208439355,"(2, 0, 2)",-21.952152965384414,"FCR_GERMANY_SETTLEMENTCAPACITY_PRICE_[EUR/MW], RES_SHARE",2,1_3
2024-09-21 20:00:00,3.32,3.488480655975939,"(2, 0, 1)",-23.96577790900163,"FCR_GERMANY_SETTLEMENTCAPACITY_PRICE_[EUR/MW], RES_SHARE",2,1_3
2024-09-22 20:00:00,3.09,3.041439015522564,"(2, 0, 1)",-24.031849618994322,"FCR_GERMANY_SETTLEMENTCAPACITY_PRICE_[EUR/MW], RES_SHARE",2,1_3
2024-09-23 20:00:00,2.99,3.2161758508735243,"(2, 0, 1)",-26.529616322975386,"FCR_GERMANY_SETTLEMENTCAPACITY_PRICE_[EUR/MW], RES_SHARE",2,1_3
2024-09-24 20:00:00,2.9,3.644294436756654,"(2, 0, 1)",-26.45705784982941,"FCR_GERMANY_SETTLEMENTCAPACITY_PRICE_[EUR/MW], RES_SHARE",2,1_3
2024-09-25 20:00:00,2.6,2.77463138996142,"(2, 0, 1)",-25.3904871292929,"FCR_GERMANY_SETTLEMENTCAPACITY_PRICE_[EUR/MW], RES_SHARE",2,1_3
2024-09-26 20:00:00,3.09,3.3177590033195714,"(1, 0, 2)",-31.248808624685502,"FCR_GERMANY_SETTLEMENTCAPACITY_PRICE_[EUR/MW], RES_SHARE",2,1_3
2024-09-27 20:00:00,3.57,3.074471966407535,"(1, 0, 1)",-32.683164815817015,"FCR_GERMANY_SETTLEMENTCAPACITY_PRICE_[EUR/MW], RES_SHARE",2,1_3
2024-09-28 20:00:00,2.9,2.983113200943031,"(2, 0, 1)",-33.09138344579007,"FCR_GERMANY_SETTLEMENTCAPACITY_PRICE_[EUR/MW], RES_SHARE",2,1_3
2024-09-29 20:00:00,2.57,2.7562204085843334,"(2, 0, 1)",-33.083826487884465,"FCR_GERMANY_SETTLEMENTCAPACITY_PRICE_[EUR/MW], RES_SHARE",2,1_3
2024-09-30 20:00:00,5.1,3.1733334824619033,"(2, 0, 1)",-34.16474568218024,"FCR_GERMANY_SETTLEMENTCAPACITY_PRICE_[EUR/MW], RES_SHARE",2,1_3
2024-10-01 20:00:00,3.6,3.7096703365856727,"(2, 0, 1)",-27.96166647372697,"FCR_GERMANY_SETTLEMENTCAPACITY_PRICE_[EUR/MW], RES_SHARE",2,1_3
2024-10-02 20:00:00,2.73,3.3013906809901354,"(2, 0, 1)",-27.95884900235722,"FCR_GERMANY_SETTLEMENTCAPACITY_PRICE_[EUR/MW], RES_SHARE",2,1_3
2024-10-03 20:00:00,2.39,2.7600524041487438,"(2, 0, 1)",-27.340012919112922,"FCR_GERMANY_SETTLEMENTCAPACITY_PRICE_[EUR/MW], RES_SHARE",2,1_3
2024-10-04 20:00:00,2.06,2.277415815276309,"(2, 0, 1)",-26.908117058149188,"FCR_GERMANY_SETTLEMENTCAPACITY_PRICE_[EUR/MW], RES_SHARE",2,1_3
2024-10-05 20:00:00,1.98,2.1984976783586347,"(2, 0, 1)",-26.949797323202915,"FCR_GERMANY_SETTLEMENTCAPACITY_PRICE_[EUR/MW], RES_SHARE",2,1_3
2024-10-06 20:00:00,4.02,2.500689587731564,"(2, 0, 1)",-27.167187216650703,"FCR_GERMANY_SETTLEMENTCAPACITY_PRICE_[EUR/MW], RES_SHARE",2,1_3
2024-10-07 20:00:00,2.51,3.078897486708331,"(2, 0, 1)",-22.700525770642145,"FCR_GERMANY_SETTLEMENTCAPACITY_PRICE_[EUR/MW], RES_SHARE",2,1_3
2024-10-08 20:00:00,2.12,2.4800981110835756,"(2, 0, 1)",-22.031079044238062,"FCR_GERMANY_SETTLEMENTCAPACITY_PRICE_[EUR/MW], RES_SHARE",2,1_3
2024-10-09 20:00:00,1.9,2.413027707890665,"(2, 0, 1)",-23.240742802726473,"FCR_GERMANY_SETTLEMENTCAPACITY_PRICE_[EUR/MW], RES_SHARE",2,1_3
2024-10-10 20:00:00,1.73,2.1771996136419647,"(2, 0, 1)",-22.03361157259551,"FCR_GERMANY_SETTLEMENTCAPACITY_PRICE_[EUR/MW], RES_SHARE",2,1_3
2024-10-11 20:00:00,1.53,1.630372827353786,"(2, 0, 1)",-22.37298881155472,"FCR_GERMANY_SETTLEMENTCAPACITY_PRICE_[EUR/MW], RES_SHARE",2,1_3
2024-10-12 20:00:00,3.79,2.1489563138537333,"(2, 0, 1)",-25.11173189117713,"FCR_GERMANY_SETTLEMENTCAPACITY_PRICE_[EUR/MW], RES_SHARE",2,1_3
2024-10-13 20:00:00,4.02,3.502258583779877,"(2, 0, 1)",-20.052239307220702,"FCR_GERMANY_SETTLEMENTCAPACITY_PRICE_[EUR/MW], RES_SHARE",2,1_3
2024-10-14 20:00:00,5.52,2.3354361007129683,"(2, 0, 1)",-20.683168802852478,"FCR_GERMANY_SETTLEMENTCAPACITY_PRICE_[EUR/MW], RES_SHARE",2,1_3
2024-10-15 20:00:00,13.58,5.283092872624026,"(2, 0, 1)",-3.7872866531086373,"FCR_GERMANY_SETTLEMENTCAPACITY_PRICE_[EUR/MW], RES_SHARE",2,1_3
2024-10-16 20:00:00,9.83,5.316280935974487,"(2, 0, 1)",-1.5676419724176736,"FCR_GERMANY_SETTLEMENTCAPACITY_PRICE_[EUR/MW], RES_SHARE",2,1_3
2024-10-17 20:00:00,6.65,3.7942979490544273,"(2, 0, 1)",-3.362302949474623,"FCR_GERMANY_SETTLEMENTCAPACITY_PRICE_[EUR/MW], RES_SHARE",2,1_3
2024-10-18 20:00:00,5.05,4.922902343979359,"(2, 0, 1)",3.3178592463008414,"FCR_GERMANY_SETTLEMENTCAPACITY_PRICE_[EUR/MW], RES_SHARE",2,1_3
2024-10-19 20:00:00,4.6,4.819185536807077,"(2, 0, 1)",2.131468104218481,"FCR_GERMANY_SETTLEMENTCAPACITY_PRICE_[EUR/MW], RES_SHARE",2,1_3
2024-10-20 20:00:00,15.8,5.696681081093308,"(2, 0, 1)",2.167797874924455,"FCR_GERMANY_SETTLEMENTCAPACITY_PRICE_[EUR/MW], RES_SHARE",2,1_3
2024-10-21 20:00:00,5.9,4.418952265674386,"(2, 0, 1)",11.742111227352336,"FCR_GERMANY_SETTLEMENTCAPACITY_PRICE_[EUR/MW], RES_SHARE",2,1_3
2024-10-22 20:00:00,4.41,5.563337814034639,"(1, 0, 2)",4.410458146032093,"FCR_GERMANY_SETTLEMENTCAPACITY_PRICE_[EUR/MW], RES_SHARE",2,1_3
2024-10-23 20:00:00,3.53,4.112283425252793,"(1, 0, 1)",2.564610976788325,"FCR_GERMANY_SETTLEMENTCAPACITY_PRICE_[EUR/MW], RES_SHARE",2,1_3
2024-10-24 20:00:00,3.3,4.032009469629855,"(2, 0, 1)",2.1083042562084984,"FCR_GERMANY_SETTLEMENTCAPACITY_PRICE_[EUR/MW], RES_SHARE",2,1_3
2024-10-25 20:00:00,2.53,2.9444605504639285,"(2, 0, 1)",-4.247632377386807,"FCR_GERMANY_SETTLEMENTCAPACITY_PRICE_[EUR/MW], RES_SHARE",2,1_3
2024-10-26 20:00:00,2.77,2.8926186622755594,"(1, 0, 1)",-6.43385850833695,"FCR_GERMANY_SETTLEMENTCAPACITY_PRICE_[EUR/MW], RES_SHARE",2,1_3
2024-10-27 20:00:00,2.4,2.410917283148856,"(1, 0, 1)",-6.422663708545315,"FCR_GERMANY_SETTLEMENTCAPACITY_PRICE_[EUR/MW], RES_SHARE",2,1_3
2024-10-28 20:00:00,1.99,2.502745020424387,"(1, 0, 1)",-6.422294452455397,"FCR_GERMANY_SETTLEMENTCAPACITY_PRICE_[EUR/MW], RES_SHARE",2,1_3
2024-10-29 20:00:00,1.8,1.9457804399644383,"(1, 0, 1)",-5.527935704281017,"FCR_GERMANY_SETTLEMENTCAPACITY_PRICE_[EUR/MW], RES_SHARE",2,1_3
2024-10-30 20:00:00,1.48,1.757680727236183,"(1, 0, 1)",-6.463015526188293,"FCR_GERMANY_SETTLEMENTCAPACITY_PRICE_[EUR/MW], RES_SHARE",2,1_3
2024-10-31 20:00:00,3.25,1.8261717199159857,"(1, 0, 1)",-7.291285466887135,"FCR_GERMANY_SETTLEMENTCAPACITY_PRICE_[EUR/MW], RES_SHARE",2,1_3
2024-11-01 20:00:00,3.0,2.7769074372594744,"(1, 0, 1)",-1.476189168204563,"FCR_GERMANY_SETTLEMENTCAPACITY_PRICE_[EUR/MW], RES_SHARE",2,1_3
2024-11-02 20:00:00,2.14,2.362361853320293,"(1, 0, 1)",-1.3816216985173089,"FCR_GERMANY_SETTLEMENTCAPACITY_PRICE_[EUR/MW], RES_SHARE",2,1_3
2024-11-03 20:00:00,1.72,2.261523109354015,"(1, 0, 1)",-1.2239154441869076,"FCR_GERMANY_SETTLEMENTCAPACITY_PRICE_[EUR/MW], RES_SHARE",2,1_3
2024-11-04 20:00:00,1.41,1.763494428376692,"(1, 0, 1)",0.11770864097933575,"FCR_GERMANY_SETTLEMENTCAPACITY_PRICE_[EUR/MW], RES_SHARE",2,1_3
2024-11-05 20:00:00,1.18,1.3537173356051995,"(1, 0, 1)",1.0028455913391454,"FCR_GERMANY_SETTLEMENTCAPACITY_PRICE_[EUR/MW], RES_SHARE",2,1_3
2024-11-06 20:00:00,1.06,1.211781869894408,"(1, 0, 1)",1.1371978829663245,"FCR_GERMANY_SETTLEMENTCAPACITY_PRICE_[EUR/MW], RES_SHARE",2,1_3
2024-11-07 20:00:00,0.95,1.1550553144215772,"(1, 0, 1)",1.449364656731623,"FCR_GERMANY_SETTLEMENTCAPACITY_PRICE_[EUR/MW], RES_SHARE",2,1_3
2024-11-08 20:00:00,1.65,1.1109956471241007,"(1, 0, 1)",2.112201247399349,"FCR_GERMANY_SETTLEMENTCAPACITY_PRICE_[EUR/MW], RES_SHARE",2,1_3
2024-11-09 20:00:00,1.18,1.3047432456781034,"(1, 0, 1)",4.782216781582205,"FCR_GERMANY_SETTLEMENTCAPACITY_PRICE_[EUR/MW], RES_SHARE",2,1_3
2024-11-10 20:00:00,0.86,1.2016676209437314,"(1, 0, 1)",4.833544097674476,"FCR_GERMANY_SETTLEMENTCAPACITY_PRICE_[EUR/MW], RES_SHARE",2,1_3
2024-11-11 20:00:00,2.25,1.0523842133567196,"(1, 0, 1)",6.363865808684647,"FCR_GERMANY_SETTLEMENTCAPACITY_PRICE_[EUR/MW], RES_SHARE",2,1_3
2024-11-12 20:00:00,1.8,1.6551213308841994,"(1, 0, 1)",15.822688172703716,"FCR_GERMANY_SETTLEMENTCAPACITY_PRICE_[EUR/MW], RES_SHARE",2,1_3
2024-11-13 20:00:00,2.11,1.9421731395942963,"(1, 0, 1)",15.731879402325937,"FCR_GERMANY_SETTLEMENTCAPACITY_PRICE_[EUR/MW], RES_SHARE",2,1_3
2024-11-14 20:00:00,1.58,1.9620767365740397,"(1, 0, 1)",15.447100096021913,"FCR_GERMANY_SETTLEMENTCAPACITY_PRICE_[EUR/MW], RES_SHARE",2,1_3
2024-11-15 20:00:00,1.5,1.7771666800228603,"(1, 0, 1)",16.085811914017548,"FCR_GERMANY_SETTLEMENTCAPACITY_PRICE_[EUR/MW], RES_SHARE",2,1_3
2024-11-16 20:00:00,3.58,1.8784333184251358,"(1, 0, 1)",16.48266706142583,"FCR_GERMANY_SETTLEMENTCAPACITY_PRICE_[EUR/MW], RES_SHARE",2,1_3
2024-11-17 20:00:00,5.75,3.4015982402110483,"(1, 0, 1)",22.72017252328019,"FCR_GERMANY_SETTLEMENTCAPACITY_PRICE_[EUR/MW], RES_SHARE",2,1_3
2024-11-18 20:00:00,2.8,3.496804685571563,"(1, 0, 1)",27.301305486946276,"FCR_GERMANY_SETTLEMENTCAPACITY_PRICE_[EUR/MW], RES_SHARE",2,1_3
2024-11-19 20:00:00,2.93,3.0004403009496246,"(1, 0, 1)",27.99368068330345,"FCR_GERMANY_SETTLEMENTCAPACITY_PRICE_[EUR/MW], RES_SHARE",2,1_3
2024-11-20 20:00:00,2.43,2.9058466418895823,"(1, 0, 1)",27.386527957534316,"FCR_GERMANY_SETTLEMENTCAPACITY_PRICE_[EUR/MW], RES_SHARE",2,1_3
2024-11-21 20:00:00,2.0,2.0635760709776547,"(2, 0, 1)",26.321777809737785,"FCR_GERMANY_SETTLEMENTCAPACITY_PRICE_[EUR/MW], RES_SHARE",2,1_3
2024-11-22 20:00:00,2.96,2.7458309053702115,"(2, 0, 1)",26.23916115680964,"FCR_GERMANY_SETTLEMENTCAPACITY_PRICE_[EUR/MW], RES_SHARE",2,1_3
2024-11-23 20:00:00,9.0,3.430167659579758,"(2, 0, 1)",26.26762488911075,"FCR_GERMANY_SETTLEMENTCAPACITY_PRICE_[EUR/MW], RES_SHARE",2,1_3
2024-11-24 20:00:00,18.84,5.447496624857756,"(2, 0, 1)",31.419948811536802,"FCR_GERMANY_SETTLEMENTCAPACITY_PRICE_[EUR/MW], RES_SHARE",2,1_3
2024-11-25 20:00:00,8.5,4.656074060096806,"(2, 0, 1)",37.11124656522295,"FCR_GERMANY_SETTLEMENTCAPACITY_PRICE_[EUR/MW], RES_SHARE",2,1_3
2024-11-26 20:00:00,4.7,4.737266181640478,"(2, 0, 0)",39.236006480953506,"FCR_GERMANY_SETTLEMENTCAPACITY_PRICE_[EUR/MW], RES_SHARE",2,1_3
2024-11-27 20:00:00,15.0,6.563297689160556,"(1, 0, 1)",38.00863791422435,"FCR_GERMANY_SETTLEMENTCAPACITY_PRICE_[EUR/MW], RES_SHARE",2,1_3
2024-11-28 20:00:00,5.38,4.565373312231501,"(1, 0, 1)",50.59009681142179,"FCR_GERMANY_SETTLEMENTCAPACITY_PRICE_[EUR/MW], RES_SHARE",2,1_3
2024-11-29 20:00:00,3.5,4.589851771999761,"(2, 0, 1)",50.56001231152487,"FCR_GERMANY_SETTLEMENTCAPACITY_PRICE_[EUR/MW], RES_SHARE",2,1_3
2024-11-30 20:00:00,3.15,3.587112823444513,"(1, 0, 1)",51.49368354107847,"FCR_GERMANY_SETTLEMENTCAPACITY_PRICE_[EUR/MW], RES_SHARE",2,1_3
2024-12-01 20:00:00,3.49,3.8951278941859173,"(1, 0, 2)",7.938420081029848,"FCR_GERMANY_SETTLEMENTCAPACITY_PRICE_[EUR/MW], RES_SHARE",2,1_3
2024-12-02 20:00:00,2.64,2.979980216862831,"(1, 0, 1)",5.154158361475071,"FCR_GERMANY_SETTLEMENTCAPACITY_PRICE_[EUR/MW], RES_SHARE",2,1_3
2024-12-03 20:00:00,4.07,1.955746689618326,"(1, 0, 1)",5.394767789159275,"FCR_GERMANY_SETTLEMENTCAPACITY_PRICE_[EUR/MW], RES_SHARE",2,1_3
2024-12-04 20:00:00,2.17,3.09324594331691,"(1, 0, 1)",9.339740500550558,"FCR_GERMANY_SETTLEMENTCAPACITY_PRICE_[EUR/MW], RES_SHARE",2,1_3
2024-12-05 20:00:00,6.72,4.2099714924727865,"(1, 0, 1)",10.576250612374913,"FCR_GERMANY_SETTLEMENTCAPACITY_PRICE_[EUR/MW], RES_SHARE",2,1_3
2024-12-06 20:00:00,3.59,3.7599300456845555,"(1, 0, 1)",11.8879404672326,"FCR_GERMANY_SETTLEMENTCAPACITY_PRICE_[EUR/MW], RES_SHARE",2,1_3
2024-12-07 20:00:00,3.99,4.074834697649703,"(1, 0, 1)",7.4734141462559585,"FCR_GERMANY_SETTLEMENTCAPACITY_PRICE_[EUR/MW], RES_SHARE",2,1_3
2024-12-08 20:00:00,3.56,3.948239300993075,"(1, 0, 1)",7.470078767559851,"FCR_GERMANY_SETTLEMENTCAPACITY_PRICE_[EUR/MW], RES_SHARE",2,1_3
2024-12-09 20:00:00,3.42,3.857863030701995,"(1, 0, 1)",7.334537106161999,"FCR_GERMANY_SETTLEMENTCAPACITY_PRICE_[EUR/MW], RES_SHARE",2,1_3
2024-12-10 20:00:00,2.71,2.1240959593533497,"(1, 0, 1)",7.581704429765992,"FCR_GERMANY_SETTLEMENTCAPACITY_PRICE_[EUR/MW], RES_SHARE",2,1_3
2024-12-11 20:00:00,4.9,2.4261465115967176,"(1, 0, 1)",7.691549450931113,"FCR_GERMANY_SETTLEMENTCAPACITY_PRICE_[EUR/MW], RES_SHARE",2,1_3
2024-12-12 20:00:00,3.8,3.7264547639502474,"(1, 0, 1)",15.87039364521023,"FCR_GERMANY_SETTLEMENTCAPACITY_PRICE_[EUR/MW], RES_SHARE",2,1_3
2024-12-13 20:00:00,3.23,3.839206503488419,"(1, 0, 1)",14.396321506282746,"FCR_GERMANY_SETTLEMENTCAPACITY_PRICE_[EUR/MW], RES_SHARE",2,1_3
2024-12-14 20:00:00,6.78,5.2702320131234215,"(1, 0, 1)",14.623321118063362,"FCR_GERMANY_SETTLEMENTCAPACITY_PRICE_[EUR/MW], RES_SHARE",2,1_3
2024-12-15 20:00:00,15.68,8.381595372470976,"(1, 0, 1)",16.89138750585633,"FCR_GERMANY_SETTLEMENTCAPACITY_PRICE_[EUR/MW], RES_SHARE",2,1_3
2024-12-16 20:00:00,9.15,5.697328097967298,"(1, 0, 1)",18.28666554294825,"FCR_GERMANY_SETTLEMENTCAPACITY_PRICE_[EUR/MW], RES_SHARE",2,1_3
2024-12-17 20:00:00,6.36,3.996038921716314,"(1, 0, 1)",17.405746271200037,"FCR_GERMANY_SETTLEMENTCAPACITY_PRICE_[EUR/MW], RES_SHARE",2,1_3
2024-12-18 20:00:00,10.76,7.9664065577513155,"(1, 0, 1)",20.736205603431145,"FCR_GERMANY_SETTLEMENTCAPACITY_PRICE_[EUR/MW], RES_SHARE",2,1_3
2024-12-19 20:00:00,8.73,7.994713368097239,"(1, 0, 1)",22.33468486579548,"FCR_GERMANY_SETTLEMENTCAPACITY_PRICE_[EUR/MW], RES_SHARE",2,1_3
2024-12-20 20:00:00,6.9,7.7361286596101975,"(1, 0, 1)",22.63009738802982,"FCR_GERMANY_SETTLEMENTCAPACITY_PRICE_[EUR/MW], RES_SHARE",2,1_3
2024-12-21 20:00:00,11.86,10.07838196162097,"(1, 0, 1)",22.801402703065023,"FCR_GERMANY_SETTLEMENTCAPACITY_PRICE_[EUR/MW], RES_SHARE",2,1_3
2024-12-22 20:00:00,9.31,6.986873919780783,"(1, 0, 1)",23.71288069169125,"FCR_GERMANY_SETTLEMENTCAPACITY_PRICE_[EUR/MW], RES_SHARE",2,1_3
2024-12-23 20:00:00,6.6,5.682929176730355,"(1, 0, 1)",24.55483294034626,"FCR_GERMANY_SETTLEMENTCAPACITY_PRICE_[EUR/MW], RES_SHARE",2,1_3
2024-12-24 20:00:00,4.66,4.769813878038446,"(1, 0, 1)",24.83292965274999,"FCR_GERMANY_SETTLEMENTCAPACITY_PRICE_[EUR/MW], RES_SHARE",2,1_3
2024-12-25 20:00:00,3.67,3.918806766982973,"(1, 0, 1)",24.805448792237307,"FCR_GERMANY_SETTLEMENTCAPACITY_PRICE_[EUR/MW], RES_SHARE",2,1_3
2024-12-26 20:00:00,2.83,3.3344697959763763,"(1, 0, 1)",24.059800433278998,"FCR_GERMANY_SETTLEMENTCAPACITY_PRICE_[EUR/MW], RES_SHARE",2,1_3
2024-12-27 20:00:00,2.37,2.6861022743396346,"(1, 0, 1)",24.253682304653786,"FCR_GERMANY_SETTLEMENTCAPACITY_PRICE_[EUR/MW], RES_SHARE",2,1_3
2024-12-28 20:00:00,1.93,2.543888023993977,"(1, 0, 1)",24.280859729957623,"FCR_GERMANY_SETTLEMENTCAPACITY_PRICE_[EUR/MW], RES_SHARE",2,1_3
2024-12-29 20:00:00,2.56,3.4727350044779715,"(2, 0, 2)",22.700479269176945,"FCR_GERMANY_SETTLEMENTCAPACITY_PRICE_[EUR/MW], RES_SHARE",2,1_3
2024-12-30 20:00:00,2.35,2.8761737774081118,"(2, 0, 0)",22.541881319333427,"FCR_GERMANY_SETTLEMENTCAPACITY_PRICE_[EUR/MW], RES_SHARE",2,1_3
2024-12-31 20:00:00,14.35,3.749510793301542,"(2, 0, 0)",22.24797019821157,"FCR_GERMANY_SETTLEMENTCAPACITY_PRICE_[EUR/MW], RES_SHARE",2,1_3
2025-01-01 20:00:00,13.4,6.106242567096389,"(1, 0, 2)",30.734171296437097,"FCR_GERMANY_SETTLEMENTCAPACITY_PRICE_[EUR/MW], RES_SHARE",2,1_3
2025-01-02 20:00:00,6.59,4.4192180436390505,"(1, 0, 2)",32.66767971411345,"FCR_GERMANY_SETTLEMENTCAPACITY_PRICE_[EUR/MW], RES_SHARE",2,1_3
2025-01-03 20:00:00,4.17,6.333367676012272,"(1, 0, 1)",32.89648183600079,"FCR_GERMANY_SETTLEMENTCAPACITY_PRICE_[EUR/MW], RES_SHARE",2,1_3
2025-01-04 20:00:00,3.15,2.89440090478942,"(2, 0, 1)",33.0684472702551,"FCR_GERMANY_SETTLEMENTCAPACITY_PRICE_[EUR/MW], RES_SHARE",2,1_3
2025-01-05 20:00:00,7.81,6.187747699792839,"(1, 0, 1)",31.201324190547602,"FCR_GERMANY_SETTLEMENTCAPACITY_PRICE_[EUR/MW], RES_SHARE",2,1_3
2025-01-06 20:00:00,7.45,8.465938246021429,"(2, 0, 1)",30.10385048445395,"FCR_GERMANY_SETTLEMENTCAPACITY_PRICE_[EUR/MW], RES_SHARE",2,1_3
2025-01-07 20:00:00,6.18,6.122830044025568,"(2, 0, 1)",29.662753218592712,"FCR_GERMANY_SETTLEMENTCAPACITY_PRICE_[EUR/MW], RES_SHARE",2,1_3
2025-01-08 20:00:00,3.81,3.650388638936307,"(2, 0, 1)",29.701383367194605,"FCR_GERMANY_SETTLEMENTCAPACITY_PRICE_[EUR/MW], RES_SHARE",2,1_3
2025-01-09 20:00:00,3.47,4.8999787183166,"(2, 0, 1)",29.32341425867623,"FCR_GERMANY_SETTLEMENTCAPACITY_PRICE_[EUR/MW], RES_SHARE",2,1_3
2025-01-10 20:00:00,2.84,2.6092072951722884,"(1, 0, 1)",31.593267698303926,"FCR_GERMANY_SETTLEMENTCAPACITY_PRICE_[EUR/MW], RES_SHARE",2,1_3
2025-01-11 20:00:00,2.92,3.2366802166323216,"(2, 0, 1)",30.86509715341449,"FCR_GERMANY_SETTLEMENTCAPACITY_PRICE_[EUR/MW], RES_SHARE",2,1_3
2025-01-12 20:00:00,2.4,2.0258972783427764,"(2, 0, 1)",30.41370952455192,"FCR_GERMANY_SETTLEMENTCAPACITY_PRICE_[EUR/MW], RES_SHARE",2,1_3
2025-01-13 20:00:00,2.21,3.1566761950332602,"(2, 0, 1)",30.575845054178195,"FCR_GERMANY_SETTLEMENTCAPACITY_PRICE_[EUR/MW], RES_SHARE",2,1_3
2025-01-14 20:00:00,1.97,2.3991305397825093,"(2, 0, 1)",32.42901463785519,"FCR_GERMANY_SETTLEMENTCAPACITY_PRICE_[EUR/MW], RES_SHARE",2,1_3
2025-01-15 20:00:00,1.82,1.4937862909095596,"(1, 0, 1)",31.870088392170594,"FCR_GERMANY_SETTLEMENTCAPACITY_PRICE_[EUR/MW], RES_SHARE",2,1_3
2025-01-16 20:00:00,2.5,2.009580072886528,"(2, 0, 1)",31.21892155857801,"FCR_GERMANY_SETTLEMENTCAPACITY_PRICE_[EUR/MW], RES_SHARE",2,1_3
2025-01-17 20:00:00,1.64,2.1866776907493826,"(2, 0, 1)",30.910033144879357,"FCR_GERMANY_SETTLEMENTCAPACITY_PRICE_[EUR/MW], RES_SHARE",2,1_3
2025-01-18 20:00:00,1.65,1.734999495743114,"(2, 0, 1)",32.098350004911346,"FCR_GERMANY_SETTLEMENTCAPACITY_PRICE_[EUR/MW], RES_SHARE",2,1_3
2025-01-19 20:00:00,1.37,1.7402084245054257,"(2, 0, 1)",31.84800699010597,"FCR_GERMANY_SETTLEMENTCAPACITY_PRICE_[EUR/MW], RES_SHARE",2,1_3
2025-01-20 20:00:00,1.26,1.3958653567536476,"(2, 0, 1)",32.655724255421504,"FCR_GERMANY_SETTLEMENTCAPACITY_PRICE_[EUR/MW], RES_SHARE",2,1_3
2025-01-21 20:00:00,1.5,1.5311202037472649,"(2, 0, 1)",32.469588081011395,"FCR_GERMANY_SETTLEMENTCAPACITY_PRICE_[EUR/MW], RES_SHARE",2,1_3
2025-01-22 20:00:00,1.42,1.8943359203582923,"(2, 0, 1)",32.19828275090204,"FCR_GERMANY_SETTLEMENTCAPACITY_PRICE_[EUR/MW], RES_SHARE",2,1_3
2025-01-23 20:00:00,4.0,2.2156274080528036,"(1, 0, 1)",33.368955458616476,"FCR_GERMANY_SETTLEMENTCAPACITY_PRICE_[EUR/MW], RES_SHARE",2,1_3
2025-01-24 20:00:00,8.66,3.4137292311409877,"(2, 0, 1)",37.999697920612064,"FCR_GERMANY_SETTLEMENTCAPACITY_PRICE_[EUR/MW], RES_SHARE",2,1_3
2025-01-25 20:00:00,3.5,3.9152244509310408,"(2, 0, 1)",49.47730395397161,"FCR_GERMANY_SETTLEMENTCAPACITY_PRICE_[EUR/MW], RES_SHARE",2,1_3
2025-01-26 20:00:00,8.18,4.884239671978406,"(2, 0, 1)",49.59393218900242,"FCR_GERMANY_SETTLEMENTCAPACITY_PRICE_[EUR/MW], RES_SHARE",2,1_3
2025-01-27 20:00:00,6.81,7.1310796707185835,"(2, 0, 1)",52.10218899890725,"FCR_GERMANY_SETTLEMENTCAPACITY_PRICE_[EUR/MW], RES_SHARE",2,1_3
2025-01-28 20:00:00,4.73,5.557886265085084,"(2, 0, 1)",51.66829988954082,"FCR_GERMANY_SETTLEMENTCAPACITY_PRICE_[EUR/MW], RES_SHARE",2,1_3
2025-01-29 20:00:00,3.6,4.128592253036076,"(2, 0, 1)",51.95185328536807,"FCR_GERMANY_SETTLEMENTCAPACITY_PRICE_[EUR/MW], RES_SHARE",2,1_3
2025-01-30 20:00:00,2.9,2.766867346516664,"(2, 0, 1)",52.51712554028855,"FCR_GERMANY_SETTLEMENTCAPACITY_PRICE_[EUR/MW], RES_SHARE",2,1_3
2025-01-31 20:00:00,2.17,2.4647238182149587,"(2, 0, 1)",53.401521356264304,"FCR_GERMANY_SETTLEMENTCAPACITY_PRICE_[EUR/MW], RES_SHARE",2,1_3
2025-02-01 20:00:00,1.99,2.0676572507111124,"(2, 0, 1)",52.31127632251409,"FCR_GERMANY_SETTLEMENTCAPACITY_PRICE_[EUR/MW], RES_SHARE",2,1_3
2025-02-02 20:00:00,1.76,1.91244817085697,"(2, 0, 1)",52.219610703290265,"FCR_GERMANY_SETTLEMENTCAPACITY_PRICE_[EUR/MW], RES_SHARE",2,1_3
2025-02-03 20:00:00,1.54,2.0171985489724342,"(2, 0, 1)",52.12292144116009,"FCR_GERMANY_SETTLEMENTCAPACITY_PRICE_[EUR/MW], RES_SHARE",2,1_3
2025-02-04 20:00:00,1.44,2.137225849133472,"(2, 0, 1)",53.123043241688954,"FCR_GERMANY_SETTLEMENTCAPACITY_PRICE_[EUR/MW], RES_SHARE",2,1_3
2025-02-05 20:00:00,1.24,1.3414038825154462,"(2, 0, 1)",55.185121780336324,"FCR_GERMANY_SETTLEMENTCAPACITY_PRICE_[EUR/MW], RES_SHARE",2,1_3
2025-02-06 20:00:00,1.14,1.5532595491915855,"(1, 0, 1)",55.05856712132662,"FCR_GERMANY_SETTLEMENTCAPACITY_PRICE_[EUR/MW], RES_SHARE",2,1_3
2025-02-07 20:00:00,1.4,1.4270412966682162,"(1, 0, 1)",56.243014510928035,"FCR_GERMANY_SETTLEMENTCAPACITY_PRICE_[EUR/MW], RES_SHARE",2,1_3
2025-02-08 20:00:00,1.12,1.283758412542432,"(2, 0, 1)",55.98866549306172,"FCR_GERMANY_SETTLEMENTCAPACITY_PRICE_[EUR/MW], RES_SHARE",2,1_3
2025-02-09 20:00:00,0.99,1.2155806550504382,"(1, 0, 1)",55.88278325127274,"FCR_GERMANY_SETTLEMENTCAPACITY_PRICE_[EUR/MW], RES_SHARE",2,1_3
2025-02-10 20:00:00,5.14,1.4499730570881664,"(1, 0, 1)",56.4324053299538,"FCR_GERMANY_SETTLEMENTCAPACITY_PRICE_[EUR/MW], RES_SHARE",2,1_3
2025-02-11 20:00:00,2.17,3.795172174620861,"(2, 0, 1)",72.95563601874534,"FCR_GERMANY_SETTLEMENTCAPACITY_PRICE_[EUR/MW], RES_SHARE",2,1_3
2025-02-12 20:00:00,1.55,1.8679570946854755,"(2, 0, 0)",72.04207172161533,"FCR_GERMANY_SETTLEMENTCAPACITY_PRICE_[EUR/MW], RES_SHARE",2,1_3
2025-02-13 20:00:00,1.29,1.6146006674136422,"(1, 0, 1)",71.5190134176903,"FCR_GERMANY_SETTLEMENTCAPACITY_PRICE_[EUR/MW], RES_SHARE",2,1_3
2025-02-14 20:00:00,1.05,1.1835646986632282,"(2, 0, 1)",71.80135331101864,"FCR_GERMANY_SETTLEMENTCAPACITY_PRICE_[EUR/MW], RES_SHARE",2,1_3
2025-02-15 20:00:00,1.0,1.3243257275831035,"(2, 0, 1)",71.14029436210022,"FCR_GERMANY_SETTLEMENTCAPACITY_PRICE_[EUR/MW], RES_SHARE",2,1_3
2025-02-16 20:00:00,0.95,1.1474800250011734,"(2, 0, 1)",71.70488267335308,"FCR_GERMANY_SETTLEMENTCAPACITY_PRICE_[EUR/MW], RES_SHARE",2,1_3
2025-02-17 20:00:00,0.92,0.9943378316316165,"(2, 0, 1)",72.1122430728463,"FCR_GERMANY_SETTLEMENTCAPACITY_PRICE_[EUR/MW], RES_SHARE",2,1_3
2025-02-18 20:00:00,0.9,1.2375457632135296,"(2, 0, 0)",71.15043256694292,"FCR_GERMANY_SETTLEMENTCAPACITY_PRICE_[EUR/MW], RES_SHARE",2,1_3
2025-02-19 20:00:00,0.95,1.1119183342179026,"(1, 0, 2)",68.19641908993826,"FCR_GERMANY_SETTLEMENTCAPACITY_PRICE_[EUR/MW], RES_SHARE",2,1_3
2025-02-20 20:00:00,2.0,1.0537770556207182,"(2, 0, 0)",65.09745374575314,"FCR_GERMANY_SETTLEMENTCAPACITY_PRICE_[EUR/MW], RES_SHARE",2,1_3
2025-02-21 20:00:00,3.99,1.9234228954231574,"(1, 0, 1)",69.58679041491524,"FCR_GERMANY_SETTLEMENTCAPACITY_PRICE_[EUR/MW], RES_SHARE",2,1_3
2025-02-22 20:00:00,2.69,3.547614463960769,"(2, 0, 1)",74.70948820450262,"FCR_GERMANY_SETTLEMENTCAPACITY_PRICE_[EUR/MW], RES_SHARE",2,1_3
2025-02-23 20:00:00,2.16,2.4221933408247405,"(1, 0, 2)",73.1746480505006,"FCR_GERMANY_SETTLEMENTCAPACITY_PRICE_[EUR/MW], RES_SHARE",2,1_3
2025-02-24 20:00:00,1.83,2.191337261309026,"(2, 0, 0)",70.39361357861387,"FCR_GERMANY_SETTLEMENTCAPACITY_PRICE_[EUR/MW], RES_SHARE",2,1_3
2025-02-25 20:00:00,1.44,1.2496717569383393,"(2, 0, 1)",69.70760824266912,"FCR_GERMANY_SETTLEMENTCAPACITY_PRICE_[EUR/MW], RES_SHARE",2,1_3
2025-02-26 20:00:00,1.19,1.8674025193395691,"(2, 0, 1)",69.39408940411727,"FCR_GERMANY_SETTLEMENTCAPACITY_PRICE_[EUR/MW], RES_SHARE",2,1_3
2025-02-27 20:00:00,1.0,1.1978583659546511,"(2, 0, 1)",71.06714936881713,"FCR_GERMANY_SETTLEMENTCAPACITY_PRICE_[EUR/MW], RES_SHARE",2,1_3
2025-02-28 20:00:00,0.87,0.9318500581443819,"(2, 0, 1)",71.2208943761157,"FCR_GERMANY_SETTLEMENTCAPACITY_PRICE_[EUR/MW], RES_SHARE",2,1_3
