DATE,ACTUAL_VALUE,D+1,ORDER,AIC,MARGINAL_PRICE,RMSE_COMPONENT,MAE,MAPE,ACCEPTANCE,REVENUE
2024-07-01 08:00:00,21.54,22.222040904767344,"(2, 0, 1)",199.99992881689087,21.54,0.4651797957758577,0.6820409047673444,0.03166392315540132,0,0.0
2024-07-02 08:00:00,60.6,23.99507719125724,"(2, 0, 1)",199.69971284972505,60.6,1339.9203738340157,36.60492280874276,0.6040416305073062,1,23.99507719125724
2024-07-03 08:00:00,26.16,49.02758477208594,"(2, 0, 1)",204.59606783479467,26.16,522.9264333085366,22.867584772085937,0.8741431487800435,0,0.0
2024-07-04 08:00:00,22.0,27.87652325144602,"(2, 0, 1)",206.7582221524047,22.0,34.5335255247857,5.87652325144602,0.2671146932475464,0,0.0
2024-07-05 08:00:00,20.32,24.701176197124312,"(2, 0, 1)",207.04021436947207,20.32,19.194704870248643,4.3811761971243115,0.21560906481910982,0,0.0
2024-07-06 08:00:00,17.37,22.275849666605783,"(3, 0, 2)",205.32044618243057,17.37,24.067360951336063,4.905849666605782,0.28243233544074736,0,0.0
2024-07-07 08:00:00,16.15,19.02051968723961,"(1, 0, 3)",196.98700691786385,16.15,8.239883274830193,2.870519687239611,0.17774115710461988,0,0.0
2024-07-08 08:00:00,20.75,19.864029268964767,"(3, 0, 3)",179.35625088819432,20.75,0.7849441362511047,0.8859707310352327,0.04269738462820399,1,19.864029268964767
2024-07-09 08:00:00,21.13,23.38149073490957,"(2, 0, 2)",175.64514945256565,21.13,5.069210529383636,2.25149073490957,0.1065542231381718,0,0.0
2024-07-10 08:00:00,20.8,23.698936095294727,"(2, 0, 1)",173.7372026758588,20.8,8.403830484602631,2.898936095294726,0.13937192765840029,0,0.0
2024-07-11 08:00:00,19.23,23.2224720683901,"(2, 0, 1)",158.94993852375754,19.23,15.939833216875124,3.9924720683901,0.2076168522303744,0,0.0
2024-07-12 08:00:00,18.72,21.784822974784355,"(2, 0, 1)",159.1299628171276,18.72,9.393139866766028,3.064822974784356,0.16371917600343783,0,0.0
2024-07-13 08:00:00,17.24,21.111371370876515,"(2, 0, 1)",159.0057801799516,17.24,14.987516291242322,3.871371370876517,0.2245575041111669,0,0.0
2024-07-14 08:00:00,15.06,19.65761287789504,"(2, 0, 1)",159.22727094979024,15.06,21.138044174986312,4.59761287789504,0.30528637967430544,0,0.0
2024-07-15 08:00:00,17.83,17.69399570422009,"(2, 0, 1)",159.5074410152289,17.83,0.01849716847058892,0.1360042957799088,0.007627834872681369,1,17.69399570422009
2024-07-16 08:00:00,150.69,19.907428119527864,"(2, 0, 1)",158.4673995845472,150.69,17104.081107670856,130.78257188047212,0.8678915115831981,1,19.907428119527864
2024-07-17 08:00:00,59.52,64.4024998734849,"(2, 0, 1)",193.335922196974,59.52,23.838805014580025,4.882499873484896,0.08203124787441021,0,0.0
2024-07-18 08:00:00,33.92,50.07031859174384,"(2, 0, 1)",193.44608009444548,33.92,260.8327906148267,16.15031859174384,0.4761296754641462,0,0.0
2024-07-19 08:00:00,22.59,35.806097988080886,"(2, 0, 1)",194.51939655560665,22.59,174.66524603055564,13.216097988080886,0.5850419649438197,0,0.0
2024-07-20 08:00:00,18.43,25.320700938683128,"(2, 0, 1)",195.19739681805504,18.43,47.48175942636855,6.890700938683128,0.3738850210896977,0,0.0
2024-07-21 08:00:00,16.26,21.84626301917903,"(2, 0, 1)",195.77237254819,16.26,31.206334519447196,5.586263019179029,0.34355861126562287,0,0.0
2024-07-22 08:00:00,17.6,19.842118612416964,"(2, 0, 1)",196.2564684134812,17.6,5.0270958721465675,2.242118612416963,0.12739310297823653,0,0.0
2024-07-23 08:00:00,19.57,20.72698016604808,"(2, 0, 1)",196.33119786845623,19.57,1.3386031046286408,1.1569801660480792,0.05912009024262029,0,0.0
2024-07-24 08:00:00,17.4,22.31736500212127,"(2, 0, 2)",194.1205969911046,17.4,24.18047856408714,4.917365002121272,0.2826071840299582,0,0.0
2024-07-25 08:00:00,16.44,20.306902589299693,"(2, 0, 1)",193.06972720806868,16.44,14.952935635132658,3.8669025892996913,0.23521305287711017,0,0.0
2024-07-26 08:00:00,15.32,19.29821536736025,"(2, 0, 1)",192.97842966363245,15.32,15.826197509101243,3.9782153673602494,0.25967463233421995,0,0.0
2024-07-27 08:00:00,14.03,18.15223835070591,"(2, 0, 1)",193.22821423980832,14.03,16.992849020030594,4.122238350705912,0.2938159907844556,0,0.0
2024-07-28 08:00:00,17.67,16.83750114276699,"(2, 0, 1)",193.5800541009704,17.67,0.6930543472942722,0.8324988572330128,0.04711368744951967,1,16.83750114276699
2024-07-29 08:00:00,16.11,19.60829427216047,"(2, 0, 1)",193.5385628175262,16.11,12.238062814630764,3.4982942721604715,0.21715048244323226,0,0.0
2024-07-30 08:00:00,17.3,18.248256066111285,"(2, 0, 1)",193.7460358375206,17.3,0.8991895669168483,0.9482560661112842,0.054812489370594464,0,0.0
2024-07-31 08:00:00,16.22,19.064066078639083,"(2, 0, 1)",193.21609408155135,16.22,8.088711859665498,2.8440660786390843,0.17534316144507303,0,0.0
2024-08-01 08:00:00,14.57,18.09623052188235,"(2, 0, 1)",193.3304136579448,14.57,12.434301693454675,3.5262305218823506,0.24201993973111535,0,0.0
2024-08-02 08:00:00,13.57,16.65650142340215,"(2, 0, 1)",193.23281632850973,13.57,9.526491036663502,3.086501423402151,0.22745036281519165,0,0.0
2024-08-03 08:00:00,12.46,15.670454179204524,"(2, 0, 1)",193.33912520469997,12.46,10.307016036771792,3.2104541792045236,0.25766084905333253,0,0.0
2024-08-04 08:00:00,11.96,14.570084015174858,"(2, 0, 1)",193.57582880398587,11.96,6.812538566271305,2.6100840151748574,0.2182344494293359,0,0.0
2024-08-05 08:00:00,14.66,13.97637376624787,"(2, 0, 1)",193.7153723794357,14.66,0.46734482747412304,0.6836262337521308,0.04663207597217809,1,13.97637376624787
2024-08-06 08:00:00,56.03,15.972594174044817,"(2, 0, 1)",193.7258023285568,56.03,1604.5957615052685,40.057405825955186,0.7149278212735175,1,15.972594174044817
2024-08-07 08:00:00,38.05,43.09134716078216,"(2, 0, 2)",201.36485464869205,38.05,25.415181195526408,5.041347160782166,0.13249269804946562,0,0.0
2024-08-08 08:00:00,23.39,30.567558988934056,"(2, 0, 2)",201.2306511867408,23.39,51.51735303962807,7.177558988934056,0.30686442877016057,0,0.0
2024-08-09 08:00:00,18.54,23.190679631876154,"(2, 0, 1)",200.47241402126156,18.54,21.62882103834773,4.650679631876155,0.2508457190871713,0,0.0
2024-08-10 08:00:00,15.99,19.774505264282126,"(2, 0, 1)",200.7385373475549,15.99,14.322480095379126,3.784505264282126,0.23667950370745003,0,0.0
2024-08-11 08:00:00,14.3,17.780113964950132,"(2, 0, 1)",200.94535882788023,14.3,12.111193209040925,3.4801139649501316,0.2433646129335756,0,0.0
2024-08-12 08:00:00,15.6,16.33938143173766,"(2, 0, 1)",201.179706180694,15.6,0.5466849015984329,0.7393814317376606,0.047396245624209014,0,0.0
2024-08-13 08:00:00,38.86,17.215907129315934,"(2, 0, 1)",201.1896770786221,38.86,468.4667561947968,21.644092870684066,0.5569761418086481,1,17.215907129315934
2024-08-14 08:00:00,28.9,32.38962243076612,"(2, 0, 1)",204.95932995450147,28.9,12.177464709306033,3.4896224307661186,0.12074818099536742,0,0.0
2024-08-15 08:00:00,22.0,26.757210028376395,"(2, 0, 1)",205.0328649510834,22.0,22.631047254084944,4.757210028376395,0.21623681947165432,0,0.0
2024-08-16 08:00:00,18.54,22.319344978952163,"(2, 0, 1)",205.1103327949113,18.54,14.283448469930931,3.779344978952164,0.2038481649920261,0,0.0
2024-08-17 08:00:00,15.71,19.845530769683563,"(2, 0, 1)",205.146374777231,15.71,17.102614746999517,4.135530769683562,0.2632419331434476,0,0.0
2024-08-18 08:00:00,14.58,17.638485652463277,"(2, 0, 1)",205.13657674556129,14.58,9.354334486323719,3.0584856524632773,0.2097726784954237,0,0.0
2024-08-19 08:00:00,17.0,16.632831397843816,"(2, 0, 1)",205.2133407396544,17.0,0.1348127824093261,0.36716860215618397,0.02159815306801082,1,16.632831397843816
2024-08-20 08:00:00,67.76,18.356423436952056,"(2, 0, 1)",205.11962215425237,67.76,2440.7133772209404,49.40357656304795,0.7290964663968115,1,18.356423436952056
2024-08-21 08:00:00,44.39,47.51942146883157,"(2, 0, 1)",214.58132305340592,44.39,9.793278729583918,3.1294214688315662,0.07049834351952165,0,0.0
2024-08-22 08:00:00,31.47,36.443491761394185,"(2, 0, 1)",214.6057665615608,31.47,24.735620300655842,4.973491761394186,0.1580391408132884,0,0.0
2024-08-23 08:00:00,26.85,29.23654978868641,"(2, 0, 1)",214.70707790537912,26.85,5.695619893879144,2.386549788686409,0.08888453589148637,0,0.0
2024-08-24 08:00:00,22.75,26.411064995444647,"(2, 0, 1)",214.62828346697296,22.75,13.403396900870115,3.6610649954446473,0.16092593386569878,0,0.0
2024-08-25 08:00:00,18.9,23.64912053194559,"(2, 0, 1)",214.4453817258075,18.9,22.55414582694719,4.749120531945593,0.25127621862145993,0,0.0
2024-08-26 08:00:00,19.25,20.725791418430763,"(2, 0, 3)",214.2364602329382,19.25,2.1779603107138836,1.475791418430763,0.07666448926913054,0,0.0
2024-08-27 08:00:00,19.0,21.27673867974509,"(2, 0, 2)",212.68066191689385,19.0,5.183539015847417,2.2767386797450904,0.11982835156553107,0,0.0
2024-08-28 08:00:00,18.8,20.86997828595371,"(3, 0, 1)",212.38986817011207,18.8,4.284810104319857,2.0699782859537095,0.11010522797626114,0,0.0
2024-08-29 08:00:00,23.91,20.48098160883372,"(2, 0, 1)",211.8694108183105,23.91,11.75816712695659,3.429018391166281,0.14341356717550316,1,20.48098160883372
2024-08-30 08:00:00,22.35,24.090063055409907,"(2, 0, 1)",211.061383783368,22.35,3.027819436802455,1.7400630554099052,0.07785517026442529,0,0.0
2024-08-31 08:00:00,18.3,23.027990466159,"(2, 0, 1)",210.128660759726,18.3,22.353893848090394,4.7279904661589995,0.25836013476278685,0,0.0
2024-09-01 08:00:00,17.16,20.05059342180797,"(2, 0, 1)",210.06951482669731,17.16,8.355530330199514,2.8905934218079707,0.1684495001053596,0,0.0
2024-09-02 08:00:00,17.62,19.09855245415913,"(2, 0, 1)",209.7676197073472,17.62,2.186117359699982,1.4785524541591286,0.08391330613842954,0,0.0
2024-09-03 08:00:00,35.6,19.361785810054272,"(2, 0, 1)",209.16232463917223,35.6,263.67960007855487,16.23821418994573,0.4561296120771272,1,19.361785810054272
2024-09-04 08:00:00,36.25,31.313640782757904,"(2, 0, 1)",211.24928625943352,36.25,24.367642321650997,4.936359217242096,0.13617542668254057,1,31.313640782757904
2024-09-05 08:00:00,25.41,32.01114340891632,"(2, 0, 1)",210.985671704002,25.41,43.57509430507935,6.601143408916318,0.2597852581234285,0,0.0
2024-09-06 08:00:00,21.96,25.28735897090412,"(2, 0, 1)",211.2402451926552,21.96,11.071317721256113,3.3273589709041183,0.1515190788207704,0,0.0
2024-09-07 08:00:00,18.43,22.92220868895731,"(2, 0, 1)",211.1744261236762,18.43,20.179938905143544,4.492208688957309,0.2437443672792897,0,0.0
2024-09-08 08:00:00,16.46,20.309819987956296,"(2, 0, 1)",211.44155302786763,16.46,14.821113939667805,3.8498199879562947,0.23388942818689518,0,0.0
2024-09-09 08:00:00,24.06,18.713853355327977,"(2, 0, 1)",211.6371634821789,24.06,28.581283946337916,5.346146644672022,0.2222006086729851,1,18.713853355327977
2024-09-10 08:00:00,20.7,24.91534055374227,"(2, 0, 2)",211.5964031834938,20.7,17.76909598402418,4.215340553742269,0.2036396402774043,0,0.0
2024-09-11 08:00:00,17.41,21.826633681341782,"(2, 0, 1)",211.3019899307856,17.41,19.506653075162664,4.416633681341782,0.25368372667098116,0,0.0
2024-09-12 08:00:00,18.44,19.36128968169513,"(2, 0, 1)",211.1980984429233,18.44,0.8487746775979114,0.9212896816951286,0.04996147948455144,0,0.0
2024-09-13 08:00:00,17.0,20.13630284924937,"(2, 0, 1)",210.73087821187008,17.0,9.836395562209706,3.1363028492493683,0.18448840289702167,0,0.0
2024-09-14 08:00:00,14.97,18.94602000622436,"(3, 0, 1)",210.14328962397343,14.97,15.808735089896343,3.976020006224358,0.26559919881258237,0,0.0
2024-09-15 08:00:00,13.81,17.3413691299654,"(3, 0, 1)",209.39646701638037,13.81,12.470567932072585,3.5313691299654,0.25571101592797973,0,0.0
2024-09-16 08:00:00,35.6,16.395773844788145,"(2, 0, 1)",208.862193905498,35.6,368.80230222052313,19.204226155211856,0.5394445549216813,1,16.395773844788145
2024-09-17 08:00:00,81.22,31.47844460979741,"(2, 0, 1)",211.2462996578171,81.22,2474.2223326365925,49.74155539020259,0.612429886606779,1,31.47844460979741
2024-09-18 08:00:00,34.75,54.42063538011888,"(3, 0, 2)",211.9252959589388,34.75,386.9338962575847,19.67063538011888,0.5660614497875937,0,0.0
2024-09-19 08:00:00,29.49,21.34335863642606,"(2, 0, 3)",203.99269105104892,29.49,66.36776550669383,8.146641363573938,0.2762509787580176,1,21.34335863642606
2024-09-20 08:00:00,23.98,28.185583386664124,"(3, 0, 3)",189.7035064529643,23.98,17.68693162218528,4.205583386664124,0.17537879010275745,0,0.0
2024-09-21 08:00:00,19.22,23.438726392279428,"(2, 0, 2)",186.4012649558187,19.22,17.797652372915003,4.218726392279429,0.21949669054523563,0,0.0
2024-09-22 08:00:00,17.53,20.593553239699748,"(2, 0, 2)",186.2179835973862,17.53,9.385358452474815,3.063553239699747,0.1747605955333569,0,0.0
2024-09-23 08:00:00,24.0,19.560755591240795,"(2, 0, 2)",182.52712626210504,24.0,19.70689092069986,4.439244408759205,0.18496851703163353,1,19.560755591240795
2024-09-24 08:00:00,20.88,25.81236869059066,"(2, 0, 2)",182.37389469274683,20.88,24.328260899919027,4.9323686905906605,0.2362245541470623,0,0.0
2024-09-25 08:00:00,18.24,21.511297129922077,"(2, 0, 2)",181.85090156455803,18.24,10.701384912236431,3.271297129922079,0.17934743036853504,0,0.0
2024-09-26 08:00:00,16.84,20.01546844535864,"(2, 0, 2)",181.3392680585261,16.84,10.083599847468413,3.1754684453586393,0.18856700981939664,0,0.0
2024-09-27 08:00:00,17.03,19.06535169934873,"(2, 0, 2)",181.02416814333867,17.03,4.142656540041765,2.0353516993487304,0.11951566056070054,0,0.0
2024-09-28 08:00:00,14.07,19.44451229699772,"(2, 0, 2)",180.02582533720505,14.07,28.88538243057969,5.374512296997718,0.38198381641774826,0,0.0
2024-09-29 08:00:00,13.02,16.34877370981751,"(2, 0, 2)",180.286654674784,13.02,11.080734411172237,3.3287737098175114,0.2556661835497321,0,0.0
2024-09-30 08:00:00,18.0,16.101078173073393,"(2, 0, 2)",179.79950248113462,18.0,3.6059041047782823,1.8989218269266068,0.10549565705147816,1,16.101078173073393
2024-10-01 08:00:00,16.66,20.808052815889603,"(2, 0, 2)",179.37120439612158,16.66,17.206342163409662,4.148052815889603,0.24898276205819944,0,0.0
2024-10-02 08:00:00,18.0,18.375792798092117,"(3, 0, 1)",178.91036651917548,18.0,0.1412202270979029,0.3757927980921174,0.0208773776717843,0,0.0
2024-10-03 08:00:00,15.81,19.93548191128976,"(3, 0, 3)",177.4455847106774,15.81,17.019601000379,4.125481911289759,0.26094129736178107,0,0.0
2024-10-04 08:00:00,15.59,17.52624559068905,"(3, 0, 1)",175.85972512623738,15.59,3.749046987462792,1.936245590689051,0.1241979211474696,0,0.0
2024-10-05 08:00:00,13.85,17.668038066965273,"(3, 0, 1)",173.9177876613596,13.85,14.577414680795926,3.818038066965274,0.2756706185534494,0,0.0
2024-10-06 08:00:00,12.24,16.003529890024666,"(2, 0, 2)",171.65540536408582,12.24,14.164157233109071,3.7635298900246656,0.30747793219155767,0,0.0
2024-10-07 08:00:00,15.73,15.023906120756916,"(3, 0, 1)",171.2613976303134,15.73,0.4985685663045478,0.7060938792430846,0.04488835850242114,1,15.023906120756916
2024-10-08 08:00:00,13.28,18.307142012314785,"(2, 0, 2)",169.8882094629699,13.28,25.27215681198035,5.027142012314785,0.37854985032490857,0,0.0
2024-10-09 08:00:00,12.39,15.400364616330805,"(1, 0, 3)",165.38388042659838,12.39,9.06229512325651,3.010364616330804,0.2429672813826315,0,0.0
2024-10-10 08:00:00,27.96,14.998471368654153,"(1, 0, 3)",165.69456820031473,27.96,168.00122446119818,12.961528631345848,0.4635739853843293,1,14.998471368654153
2024-10-11 08:00:00,18.25,28.906194991566903,"(1, 0, 3)",166.10370140525447,18.25,113.55449169829554,10.656194991566903,0.5839010954283235,0,0.0
2024-10-12 08:00:00,14.07,16.512081864650867,"(1, 0, 3)",157.63341886187396,14.07,5.963763833656652,2.4420818646508664,0.17356658597376448,0,0.0
2024-10-13 08:00:00,11.23,15.44760604842653,"(3, 0, 3)",154.7049319145612,11.23,17.78820077972405,4.21760604842653,0.3755659882837516,0,0.0
2024-10-14 08:00:00,85.9,13.7296807586792,"(3, 0, 1)",149.0257158543018,85.9,5208.554979394161,72.17031924132081,0.8401666966393575,1,13.7296807586792
2024-10-15 08:00:00,51.22,60.25392456528511,"(1, 0, 3)",173.7314148431562,51.22,81.6117930512618,9.033924565285112,0.1763749427037312,0,0.0
2024-10-16 08:00:00,30.65,30.366351616949377,"(1, 0, 3)",170.88723009866197,30.65,0.08045640520723227,0.2836483830506218,0.009254433378486845,1,30.366351616949377
2024-10-17 08:00:00,24.65,20.16505651366017,"(1, 0, 3)",149.19962571846517,24.65,20.11471807566207,4.48494348633983,0.18194496901987142,1,20.16505651366017
2024-10-18 08:00:00,21.26,23.76242951851924,"(1, 0, 3)",149.49090075030097,21.26,6.262153495156432,2.5024295185192393,0.11770599804888236,0,0.0
2024-10-19 08:00:00,17.42,20.029921924040227,"(1, 0, 3)",148.75173596234592,17.42,6.811692449585833,2.6099219240402256,0.14982330218370984,0,0.0
2024-10-20 08:00:00,14.01,17.83770679054711,"(1, 0, 3)",148.75718175285584,14.01,14.651339274400454,3.8277067905471096,0.27321247612755956,0,0.0
2024-10-21 08:00:00,17.88,16.193980245275082,"(1, 0, 3)",149.08194423997648,17.88,2.84266261332267,1.6860197547249172,0.09429640686380969,1,16.193980245275082
2024-10-22 08:00:00,18.62,19.940735247813357,"(3, 0, 1)",148.94911262486727,18.62,1.744341594816608,1.3207352478133565,0.07093100149373557,0,0.0
2024-10-23 08:00:00,66.0,19.343436804907626,"(1, 0, 3)",146.04697280611657,66.0,2176.834889177648,46.656563195092374,0.7069176241680662,1,19.343436804907626
2024-10-24 08:00:00,34.11,47.89090343422514,"(1, 0, 3)",157.6268954069473,34.11,189.9132994634382,13.780903434225138,0.4040135864621852,0,0.0
2024-10-25 08:00:00,21.44,23.405259661984687,"(1, 0, 3)",157.28847253066905,21.44,3.8622455390241597,1.9652596619846854,0.09166323050301704,0,0.0
2024-10-26 08:00:00,16.36,17.37742165145706,"(1, 0, 3)",157.24413686344042,16.36,1.0351468168536104,1.0174216514570595,0.06218958749737528,0,0.0
2024-10-27 08:00:00,13.6,18.927983944451974,"(1, 0, 3)",157.23329513089277,13.6,28.387412912338018,5.327983944451974,0.39176352532735104,0,0.0
2024-10-28 08:00:00,15.43,15.663776250662677,"(1, 0, 3)",158.08784923511553,15.43,0.05465133537389881,0.23377625066267704,0.015150761546511798,0,0.0
2024-10-29 08:00:00,13.62,18.00298546390408,"(1, 0, 3)",158.0262527240982,13.62,19.210561576794458,4.382985463904079,0.32180510013980024,0,0.0
2024-10-30 08:00:00,12.28,16.205136044897465,"(1, 0, 3)",158.5331897266181,12.28,15.406692970953317,3.9251360448974655,0.319636485740836,0,0.0
2024-10-31 08:00:00,10.37,14.82046096848164,"(1, 0, 3)",158.8236357272125,10.37,19.806602831978548,4.450460968481641,0.429166920779329,0,0.0
2024-11-01 08:00:00,9.22,13.732378077902116,"(1, 0, 3)",159.70891731681115,9.22,20.361555917931586,4.512378077902115,0.4894119390349365,0,0.0
2024-11-02 08:00:00,8.69,12.673956604853792,"(3, 0, 1)",160.6404126323509,8.69,15.87191022935816,3.983956604853793,0.4584530040107932,0,0.0
2024-11-03 08:00:00,7.28,12.43819928756684,"(1, 0, 3)",160.9870529570838,7.28,26.60701989025506,5.15819928756684,0.7085438581822583,0,0.0
2024-11-04 08:00:00,11.41,10.66297099929536,"(3, 0, 1)",162.58120029174825,11.41,0.5580523278937721,0.7470290007046394,0.06547142863318488,1,10.66297099929536
2024-11-05 08:00:00,91.41,15.543120015584996,"(1, 0, 3)",162.56247299446645,91.41,5755.783478569629,75.866879984415,0.8299625859798162,1,15.543120015584996
2024-11-06 08:00:00,70.01,57.059010248852665,"(1, 0, 3)",198.34140880202875,70.01,167.72813553432343,12.95098975114734,0.1849877124860354,1,57.059010248852665
2024-11-07 08:00:00,45.35,33.92491080560428,"(3, 0, 1)",198.5407876674534,45.35,130.53266309989795,11.425089194395724,0.2519314045070722,1,33.92491080560428
2024-11-08 08:00:00,28.57,24.110971863790223,"(1, 0, 3)",197.51975166658076,28.57,19.882931919510444,4.459028136209778,0.15607378845676506,1,24.110971863790223
2024-11-09 08:00:00,16.88,22.95119609070004,"(1, 0, 3)",197.1118994070663,16.88,36.85942197173147,6.071196090700042,0.35966801485189825,0,0.0
2024-11-10 08:00:00,9.9,15.42286693078484,"(1, 0, 3)",190.74833057995176,9.9,30.502059135156756,5.52286693078484,0.5578653465439232,0,0.0
2024-11-11 08:00:00,10.12,11.80722161997569,"(3, 0, 3)",188.7737555604263,10.12,2.8467167949133962,1.6872216199756913,0.16672150395016713,0,0.0
2024-11-12 08:00:00,35.52,13.759215162706743,"(3, 0, 1)",185.63726371027465,35.52,473.5317567349722,21.760784837293258,0.61263470825713,1,13.759215162706743
2024-11-13 08:00:00,38.0,34.3129931778118,"(1, 0, 3)",191.0209571448961,38.0,13.594019306862345,3.687006822188202,0.09702649532074216,1,34.3129931778118
2024-11-14 08:00:00,24.4,26.83531871788093,"(3, 0, 1)",171.5976232000963,24.4,5.930777257661227,2.435318717880932,0.09980814417544805,0,0.0
2024-11-15 08:00:00,18.69,18.712963048830133,"(3, 0, 1)",168.88926492108737,18.69,0.0005273016115750166,0.022963048830131783,0.0012286275457534393,0,0.0
2024-11-16 08:00:00,13.18,17.46241847808175,"(3, 0, 1)",166.73787342149058,13.18,18.339108021416028,4.282418478081752,0.3249179421913317,0,0.0
2024-11-17 08:00:00,9.21,14.435113001284892,"(3, 0, 1)",167.2979357034201,9.21,27.301805876196397,5.225113001284891,0.5673304018767524,0,0.0
2024-11-18 08:00:00,12.58,12.048272202026542,"(3, 0, 1)",168.46333682928645,12.58,0.2827344511377026,0.531727797973458,0.04226771049073593,1,12.048272202026542
2024-11-19 08:00:00,12.74,17.021349603789858,"(3, 0, 1)",168.36510736123603,12.74,18.32995442987157,4.281349603789858,0.33605569888460424,0,0.0
2024-11-20 08:00:00,12.47,15.48043939614218,"(3, 0, 1)",168.73217228453024,12.47,9.062745357844884,3.0104393961421785,0.241414546603222,0,0.0
2024-11-21 08:00:00,11.8,15.065173701881765,"(3, 0, 1)",169.0441142474877,11.8,10.661359303460264,3.265173701881764,0.27670963575269186,0,0.0
2024-11-22 08:00:00,10.91,14.320067367363103,"(3, 0, 1)",168.58808304998536,10.91,11.628559449954725,3.4100673673631032,0.3125634617198078,0,0.0
2024-11-23 08:00:00,9.18,13.667110079632836,"(3, 0, 1)",169.0305829287073,9.18,20.134156866742604,4.487110079632837,0.4887919476724223,0,0.0
2024-11-24 08:00:00,7.42,12.101238068230812,"(3, 0, 1)",169.41702149437936,7.42,21.91398985145334,4.681238068230812,0.6308946183599476,0,0.0
2024-11-25 08:00:00,18.0,10.633931839009229,"(3, 0, 1)",170.3262667196836,18.0,54.258960152361965,7.366068160990771,0.40922600894393174,1,10.633931839009229
2024-11-26 08:00:00,59.18,22.537512460645743,"(3, 0, 1)",171.85544524103824,59.18,1342.671893071732,36.642487539354256,0.6191701172584363,1,22.537512460645743
2024-11-27 08:00:00,59.45,43.92843166964485,"(3, 0, 1)",177.2846136557703,59.45,240.919083433884,15.521568330355151,0.26108609470740374,1,43.92843166964485
2024-11-28 08:00:00,43.25,29.578622839248112,"(3, 0, 1)",176.79497294183415,43.25,186.90655347152835,13.671377160751888,0.31610120602894537,1,29.578622839248112
2024-11-29 08:00:00,36.42,23.24841117885489,"(3, 0, 1)",176.62341119674744,36.42,173.49075207331484,13.17158882114511,0.3616581224916285,1,23.24841117885489
2024-11-30 08:00:00,24.25,22.86322642523009,"(3, 0, 1)",176.9645270470245,24.25,1.9231409476801193,1.3867735747699115,0.057186539165769545,1,22.86322642523009
2024-12-01 08:00:00,15.9,18.31973214341379,"(1, 0, 3)",165.2492680375592,15.9,5.855103645869899,2.419732143413791,0.15218441153545853,0,0.0
2024-12-02 08:00:00,18.69,14.506589864290737,"(3, 0, 1)",160.00728294989574,18.69,17.500920363555007,4.183410135709265,0.22383146793522013,1,14.506589864290737
2024-12-03 08:00:00,18.46,19.010920173101194,"(3, 0, 1)",160.4201927248446,18.46,0.30351303712984895,0.5509201731011935,0.029843996376012646,0,0.0
2024-12-04 08:00:00,69.95,17.715744011251704,"(1, 0, 3)",157.68410049798678,69.95,2728.417498698088,52.2342559887483,0.7467370405825347,1,17.715744011251704
2024-12-05 08:00:00,36.25,50.71268140331864,"(3, 0, 1)",168.284437796649,36.25,209.16915337389884,14.46268140331864,0.39897052147085904,0,0.0
2024-12-06 08:00:00,23.39,20.40156693848792,"(3, 0, 1)",169.13671453717944,23.39,8.93073216313846,2.9884330615120795,0.12776541519931933,1,20.40156693848792
2024-12-07 08:00:00,16.3,17.680091523963558,"(3, 0, 1)",169.1453078494426,16.3,1.9046526145160536,1.3800915239635572,0.08466819165420596,0,0.0
2024-12-08 08:00:00,11.46,17.56122301603534,"(1, 0, 3)",167.50327256577162,11.46,37.22492229139934,6.101223016035338,0.5323929333364168,0,0.0
2024-12-09 08:00:00,12.17,12.603363156462786,"(3, 0, 3)",166.5051822364523,12.17,0.18780362537938894,0.4333631564627858,0.03560913364525767,0,0.0
2024-12-10 08:00:00,16.02,15.357430269794262,"(3, 0, 1)",162.21562960389753,16.02,0.43899864738490335,0.6625697302057372,0.041358909500982345,1,15.357430269794262
2024-12-11 08:00:00,72.44,18.723778348129088,"(3, 0, 1)",162.19271518175054,72.44,2885.432468552925,53.71622165187091,0.741527079677953,1,18.723778348129088
2024-12-12 08:00:00,114.0,53.54576935484869,"(3, 0, 1)",173.01520432863686,114.0,3654.714002897152,60.45423064515131,0.5303002688171168,1,53.54576935484869
2024-12-13 08:00:00,64.44,33.70749259114679,"(3, 0, 1)",177.89739188460206,64.44,944.4870116352174,30.73250740885321,0.47691662645644334,1,33.70749259114679
2024-12-14 08:00:00,32.26,33.88038971964117,"(3, 0, 1)",180.57320918661225,32.26,2.6256628435188043,1.6203897196411745,0.050229067564822524,0,0.0
2024-12-15 08:00:00,19.4,23.441714790803648,"(1, 0, 3)",179.1084149687607,19.4,16.335458450200985,4.041714790803649,0.20833581395895098,0,0.0
2024-12-16 08:00:00,17.82,14.923046820889974,"(3, 0, 3)",175.02879189046453,17.82,8.392337721955688,2.8969531791100263,0.16256751846857612,1,14.923046820889974
2024-12-17 08:00:00,27.08,18.517287662518235,"(3, 0, 1)",171.9081022929712,27.08,73.32004257446239,8.562712337481763,0.31620060330434874,1,18.517287662518235
2024-12-18 08:00:00,17.98,26.878725647960128,"(3, 0, 1)",172.85201946014658,17.98,79.18731815766338,8.898725647960127,0.4949235621779826,0,0.0
2024-12-19 08:00:00,16.0,16.752369259901215,"(3, 0, 1)",170.47263877977315,16.0,0.5660595032443021,0.7523692599012151,0.04702307874382594,0,0.0
2024-12-20 08:00:00,14.25,17.49299528241531,"(3, 0, 1)",170.33880926415432,14.25,10.517018401767965,3.242995282415311,0.2275786163098464,0,0.0
2024-12-21 08:00:00,12.38,16.502557173992795,"(3, 0, 1)",170.63828159460064,12.38,16.99547765283945,4.122557173992794,0.3330013872368977,0,0.0
2024-12-22 08:00:00,10.12,15.218455005848227,"(3, 0, 1)",171.22300509351217,10.12,25.994243446658857,5.098455005848228,0.503799901763659,0,0.0
2024-12-23 08:00:00,10.45,13.429591221010694,"(3, 0, 1)",172.2774077520926,10.45,8.877963844324006,2.979591221010695,0.2851283465082005,0,0.0
2024-12-24 08:00:00,10.1,14.591026607277144,"(3, 0, 1)",172.70869057304515,10.1,20.169319987271255,4.491026607277144,0.4446560997304103,0,0.0
2024-12-25 08:00:00,9.1,13.884142411709623,"(3, 0, 1)",173.64499171397048,9.1,22.888018615518774,4.784142411709624,0.525729935352706,0,0.0
2024-12-26 08:00:00,8.07,12.727099068437372,"(3, 0, 1)",174.82833437323234,8.07,21.688571733240238,4.657099068437372,0.577087864738212,0,0.0
2024-12-27 08:00:00,8.77,11.728003944742534,"(3, 0, 1)",176.21490071024783,8.77,8.749787337112396,2.9580039447425346,0.3372866527642571,0,0.0
2024-12-28 08:00:00,7.68,12.833407863935838,"(3, 0, 1)",176.81325749500553,7.68,26.557612612075737,5.153407863935838,0.6710166489499789,0,0.0
2024-12-29 08:00:00,6.91,10.603310365972504,"(1, 0, 3)",173.96914426448512,6.91,13.640541459399953,3.693310365972504,0.5344877519497112,0,0.0
2024-12-30 08:00:00,6.45,9.988229350848531,"(1, 0, 3)",170.09906364279993,6.45,12.519066939206017,3.538229350848531,0.5485626900540358,0,0.0
2024-12-31 08:00:00,7.05,9.95640941196786,"(1, 0, 3)",171.12229416181287,7.05,8.44721566997536,2.90640941196786,0.4122566541798383,0,0.0
2025-01-01 08:00:00,5.59,10.524924478954754,"(1, 0, 3)",171.76021066244832,5.59,24.35347961298685,4.934924478954754,0.8828129658237485,0,0.0
2025-01-02 08:00:00,8.97,8.224550105228415,"(3, 0, 1)",174.460136793283,8.97,0.5556955456149679,0.7454498947715855,0.08310478202581778,1,8.224550105228415
2025-01-03 08:00:00,7.91,13.41525400274784,"(3, 0, 1)",174.44394664982607,7.91,30.307821634771116,5.50525400274784,0.6959865995888546,0,0.0
2025-01-04 08:00:00,7.42,10.208925905782484,"(3, 0, 1)",176.25040121892192,7.42,7.778107707944652,2.7889259057824844,0.3758660250380707,0,0.0
2025-01-05 08:00:00,6.71,9.317198299469965,"(1, 0, 3)",176.6234271200547,6.71,6.7974829727590755,2.6071982994699647,0.38855414299105284,0,0.0
2025-01-06 08:00:00,5.85,9.98957471791694,"(1, 0, 3)",177.3473738708088,5.85,17.13607884521711,4.13957471791694,0.7076196099003317,0,0.0
2025-01-07 08:00:00,10.52,6.807954039113646,"(3, 0, 1)",178.8222530460602,10.52,13.77928521573269,3.7120459608863534,0.3528560799321629,1,6.807954039113646
2025-01-08 08:00:00,8.77,14.354537417015958,"(3, 0, 1)",179.10442782409007,8.77,31.187058162051276,5.584537417015959,0.6367773565582622,0,0.0
2025-01-09 08:00:00,33.96,8.428434773351803,"(3, 0, 1)",180.6567197217336,33.96,651.8608229225914,25.531565226648198,0.7518128747540694,1,8.428434773351803
2025-01-10 08:00:00,17.88,31.14764483796684,"(1, 0, 3)",189.56294796468453,17.88,176.03039954642819,13.267644837966841,0.7420383018997115,0,0.0
2025-01-11 08:00:00,10.72,15.602526290568251,"(1, 0, 3)",191.416810735097,10.72,23.839062978090162,4.882526290568251,0.4554595420306204,0,0.0
2025-01-12 08:00:00,7.44,8.602422161079696,"(1, 0, 3)",192.20168289718475,7.44,1.35122528056919,1.1624221610796956,0.15623953777952898,0,0.0
2025-01-13 08:00:00,63.62,10.924437912733948,"(1, 0, 3)",187.45745148392643,63.62,2776.822263692911,52.69556208726605,0.8282861063701045,1,10.924437912733948
2025-01-14 08:00:00,20.25,60.11174723760342,"(1, 0, 3)",205.61715298633905,20.25,1588.9588928345836,39.86174723760342,1.9684813450668355,0,0.0
2025-01-15 08:00:00,103.47,13.700068112375517,"(1, 0, 3)",209.75005909484443,103.47,8058.640671108738,89.76993188762448,0.8675938135461919,1,13.700068112375517
2025-01-16 08:00:00,51.05,30.03153473375153,"(1, 0, 3)",223.8551756191773,51.05,441.77588214849317,21.018465266248466,0.41172311980898074,1,30.03153473375153
2025-01-17 08:00:00,31.63,40.651950938470456,"(1, 0, 3)",222.53876659438845,31.63,81.39559873616797,9.021950938470457,0.28523398477617634,0,0.0
2025-01-18 08:00:00,18.45,16.330378452797106,"(1, 0, 3)",222.83285699199072,18.45,4.492795503366787,2.119621547202893,0.11488463670476386,1,16.330378452797106
2025-01-19 08:00:00,12.57,16.012352452637533,"(1, 0, 3)",222.75190539233688,12.57,11.849790408179635,3.4423524526375324,0.2738546103928029,0,0.0
2025-01-20 08:00:00,50.24,13.882361081605142,"(1, 0, 3)",222.87992024448897,50.24,1321.8779077203808,36.35763891839486,0.7236791185986238,1,13.882361081605142
2025-01-21 08:00:00,80.17,37.07634915215392,"(1, 0, 3)",231.21062865926228,80.17,1857.0627433960656,43.093650847846085,0.5375283877740562,1,37.07634915215392
2025-01-22 08:00:00,47.63,42.758140033598096,"(1, 0, 3)",235.33296146591863,47.63,23.735019532229586,4.871859966401907,0.10228553362170704,1,42.758140033598096
2025-01-23 08:00:00,29.65,23.2023914640935,"(1, 0, 3)",235.364502992438,29.65,41.57165583229436,6.4476085359065,0.21745728620258012,1,23.2023914640935
2025-01-24 08:00:00,20.76,21.345993903256005,"(1, 0, 3)",235.63135015854675,20.76,0.34338885465320645,0.5859939032560035,0.028227066630828683,0,0.0
2025-01-25 08:00:00,12.98,18.44034737807383,"(1, 0, 3)",235.0532529969675,12.98,29.815393489237756,5.4603473780738305,0.420673912024178,0,0.0
2025-01-26 08:00:00,10.56,12.901548477397176,"(1, 0, 3)",235.65267488536307,10.56,5.482849272001031,2.3415484773971755,0.22173754520806585,0,0.0
2025-01-27 08:00:00,11.39,12.472854499599707,"(1, 0, 3)",235.6980379389672,11.39,1.1725738673033312,1.0828544995997067,0.09507063209830612,0,0.0
2025-01-28 08:00:00,14.32,14.18370590011386,"(1, 0, 3)",235.63992206982965,14.32,0.01857608166377303,0.13629409988613972,0.009517744405456684,1,14.18370590011386
2025-01-29 08:00:00,18.61,15.8357775175695,"(1, 0, 3)",235.60273194186823,18.61,7.6963103820228405,2.774222482430499,0.14907160034553998,1,15.8357775175695
2025-01-30 08:00:00,21.58,18.41296836441012,"(1, 0, 3)",235.67661558510576,21.58,10.030089380827105,3.167031635589879,0.14675772176042073,1,18.41296836441012
2025-01-31 08:00:00,17.27,19.53106515795525,"(1, 0, 3)",235.09506403325923,17.27,5.112415648519204,2.261065157955251,0.1309244445833961,0,0.0
2025-02-01 08:00:00,12.39,15.7622152110566,"(1, 0, 3)",235.10481560645744,12.39,11.3718354296815,3.3722152110565986,0.27217233341861163,0,0.0
2025-02-02 08:00:00,9.15,12.756940340569216,"(1, 0, 3)",235.32840434602215,9.15,13.010018620425567,3.6069403405692153,0.3942011301168541,0,0.0
2025-02-03 08:00:00,83.44,11.051942336071187,"(1, 0, 3)",230.6950532070634,83.44,5240.030892356282,72.3880576639288,0.8675462327891755,1,11.051942336071187
2025-02-04 08:00:00,38.5,53.18025733570648,"(1, 0, 3)",248.32119546558877,38.5,215.5099554425639,14.680257335706479,0.38130538534302544,0,0.0
2025-02-05 08:00:00,32.7,27.30346325871411,"(1, 0, 3)",247.67987717155592,32.7,29.12260880004856,5.3965367412858924,0.16503170462647987,1,27.30346325871411
2025-02-06 08:00:00,32.58,16.884995552094995,"(1, 0, 3)",247.6964573918134,32.58,246.3331646197578,15.695004447905003,0.4817373986465624,1,16.884995552094995
2025-02-07 08:00:00,20.06,28.57705791722844,"(1, 0, 3)",249.51965287182736,20.06,72.54027556542368,8.517057917228442,0.4245791583862633,0,0.0
2025-02-08 08:00:00,12.89,16.938709642090117,"(1, 0, 3)",250.06880039357736,12.89,16.39204976595348,4.048709642090117,0.3140969466322821,0,0.0
2025-02-09 08:00:00,9.76,12.301128298896332,"(1, 0, 3)",250.36856215180148,9.76,6.457333031451767,2.541128298896332,0.2603615060344603,0,0.0
2025-02-10 08:00:00,24.7,12.73060057349864,"(1, 0, 3)",248.4039286729285,24.7,143.26652263113107,11.96939942650136,0.4845910698988405,1,12.73060057349864
2025-02-11 08:00:00,15.19,24.28291812291023,"(1, 0, 3)",249.866352377402,15.19,82.68115998994934,9.092918122910232,0.5986121213239126,0,0.0
2025-02-12 08:00:00,24.04,15.402260224314595,"(1, 0, 3)",250.5385502752013,24.04,74.61054843245773,8.637739775685404,0.35930697902185543,1,15.402260224314595
2025-02-13 08:00:00,26.32,19.126272702999746,"(1, 0, 3)",251.3507559161349,26.32,51.74971242360659,7.193727297000255,0.2733179064209823,1,19.126272702999746
2025-02-14 08:00:00,47.04,24.88087199623724,"(1, 0, 3)",251.66807672117267,47.04,491.02695388714295,22.15912800376276,0.4710698980391743,1,24.88087199623724
2025-02-15 08:00:00,18.1,30.27859546326092,"(1, 0, 3)",253.43723609691943,18.1,148.31818745775945,12.178595463260919,0.6728505780807137,0,0.0
2025-02-16 08:00:00,11.88,15.342313181659806,"(1, 0, 3)",254.59615137565447,11.88,11.987612567895244,3.4623131816598054,0.29144050350671763,0,0.0
2025-02-17 08:00:00,25.92,11.479702374480569,"(1, 0, 3)",250.8370652753713,25.92,208.52219551358218,14.440297625519433,0.5571102478981262,1,11.479702374480569
2025-02-18 08:00:00,30.0,27.14448557246893,"(1, 0, 3)",251.5094057533396,30.0,8.153962645838092,2.8555144275310695,0.09518381425103566,1,27.14448557246893
2025-02-19 08:00:00,19.68,25.31414372601572,"(1, 0, 3)",250.2893573934374,19.68,31.743575525402285,5.634143726015719,0.28628779095608325,0,0.0
2025-02-20 08:00:00,15.98,15.328582354279648,"(1, 0, 3)",250.3289372646419,15.98,0.4243449491558463,0.6514176457203522,0.04076455855571666,1,15.328582354279648
2025-02-21 08:00:00,14.03,16.50231391815314,"(1, 0, 3)",249.79841689274372,14.03,6.112336109893726,2.472313918153139,0.17621624505724442,0,0.0
2025-02-22 08:00:00,10.29,15.945962597532096,"(1, 0, 3)",249.78916114483195,10.29,31.98991290468203,5.655962597532097,0.5496562291090474,0,0.0
2025-02-23 08:00:00,8.95,12.039347424723442,"(1, 0, 3)",250.63353032450965,8.95,9.544067510645364,3.0893474247234423,0.3451784832093232,0,0.0
2025-02-24 08:00:00,13.2,11.790133067853484,"(1, 0, 3)",251.01202009841052,13.2,1.9877247663602275,1.4098669321465156,0.10680810092019058,1,11.790133067853484
2025-02-25 08:00:00,19.77,16.477127751667833,"(1, 0, 3)",251.0684611875228,19.77,10.843007643836136,3.2928722483321664,0.16655904139262348,1,16.477127751667833
2025-02-26 08:00:00,17.78,20.192861865927664,"(1, 0, 3)",251.0652286661715,17.78,5.821902384047925,2.4128618659276633,0.13570651664385056,0,0.0
2025-02-27 08:00:00,13.63,16.646694622061307,"(1, 0, 3)",251.0845370051581,13.63,9.10044644277361,3.0166946220613067,0.22132755847845242,0,0.0
2025-02-28 08:00:00,43.56,13.98566133830378,"(1, 0, 3)",251.24285140293176,43.56,874.6415072767,29.574338661696224,0.6789333944374707,1,13.98566133830378
