DATE,ACTUAL_VALUE,D+1,ORDER,SEASONAL_ORDER,AIC,EXOGENOUS_FACTORS,NUM_FEATURES,FEATURE_NUMBERS
2023-12-01 12:00:00,12.75,5.88493081096932,"(1, 0, 0)","(0, 0, 0, 7)",65.14270024966844,EXESSIVE_AVAILABLE_CAPACITY_UNTIL_PRICE_LIMIT_9999_€/MWh,1,4
2023-12-02 12:00:00,10.73,7.495809330936072,"(1, 0, 0)","(0, 0, 0, 7)",65.31517082814895,EXESSIVE_AVAILABLE_CAPACITY_UNTIL_PRICE_LIMIT_9999_€/MWh,1,4
2023-12-03 12:00:00,9.16,6.444597715164378,"(1, 0, 0)","(0, 0, 0, 7)",65.45052694762319,EXESSIVE_AVAILABLE_CAPACITY_UNTIL_PRICE_LIMIT_9999_€/MWh,1,4
2023-12-04 12:00:00,9.12,5.482022960499544,"(1, 0, 0)","(0, 0, 0, 7)",65.4426173777189,EXESSIVE_AVAILABLE_CAPACITY_UNTIL_PRICE_LIMIT_9999_€/MWh,1,4
2023-12-05 12:00:00,9.17,5.667200370212228,"(1, 0, 0)","(0, 0, 0, 7)",65.37927450637417,EXESSIVE_AVAILABLE_CAPACITY_UNTIL_PRICE_LIMIT_9999_€/MWh,1,4
2023-12-06 12:00:00,17.19,5.532592573908927,"(1, 0, 0)","(0, 0, 0, 7)",65.14583088588924,EXESSIVE_AVAILABLE_CAPACITY_UNTIL_PRICE_LIMIT_9999_€/MWh,1,4
2023-12-07 12:00:00,15.06,9.940798281199653,"(1, 0, 0)","(0, 0, 0, 7)",68.32906783014029,EXESSIVE_AVAILABLE_CAPACITY_UNTIL_PRICE_LIMIT_9999_€/MWh,1,4
2023-12-08 12:00:00,11.64,9.343611982426811,"(1, 0, 0)","(0, 0, 0, 7)",68.18930213491487,EXESSIVE_AVAILABLE_CAPACITY_UNTIL_PRICE_LIMIT_9999_€/MWh,1,4
2023-12-09 12:00:00,9.99,7.318701081747484,"(1, 0, 0)","(0, 0, 0, 7)",68.30494256613677,EXESSIVE_AVAILABLE_CAPACITY_UNTIL_PRICE_LIMIT_9999_€/MWh,1,4
2023-12-10 12:00:00,8.66,6.383061316265118,"(1, 0, 0)","(0, 0, 0, 7)",66.92813661716016,EXESSIVE_AVAILABLE_CAPACITY_UNTIL_PRICE_LIMIT_9999_€/MWh,1,4
2023-12-11 12:00:00,8.84,5.753387511543051,"(1, 0, 0)","(0, 0, 0, 7)",65.62665345101783,EXESSIVE_AVAILABLE_CAPACITY_UNTIL_PRICE_LIMIT_9999_€/MWh,1,4
2023-12-12 12:00:00,9.33,5.795358125121721,"(1, 0, 0)","(0, 0, 0, 7)",65.28619860510078,EXESSIVE_AVAILABLE_CAPACITY_UNTIL_PRICE_LIMIT_9999_€/MWh,1,4
2023-12-13 12:00:00,9.18,6.141948512762939,"(1, 0, 0)","(0, 0, 0, 7)",65.13059420698156,EXESSIVE_AVAILABLE_CAPACITY_UNTIL_PRICE_LIMIT_9999_€/MWh,1,4
2023-12-14 12:00:00,9.02,6.091027392281647,"(1, 0, 0)","(0, 0, 0, 7)",58.11307862902605,EXESSIVE_AVAILABLE_CAPACITY_UNTIL_PRICE_LIMIT_9999_€/MWh,1,4
2023-12-15 12:00:00,8.89,6.028487446537743,"(1, 0, 0)","(0, 0, 0, 7)",57.38380401726935,EXESSIVE_AVAILABLE_CAPACITY_UNTIL_PRICE_LIMIT_9999_€/MWh,1,4
2023-12-16 12:00:00,7.92,5.801912795188428,"(1, 0, 0)","(0, 0, 0, 7)",54.848730599438234,EXESSIVE_AVAILABLE_CAPACITY_UNTIL_PRICE_LIMIT_9999_€/MWh,1,4
2023-12-17 12:00:00,7.13,5.449475188197277,"(1, 0, 0)","(0, 0, 0, 7)",53.55873254829322,EXESSIVE_AVAILABLE_CAPACITY_UNTIL_PRICE_LIMIT_9999_€/MWh,1,4
2023-12-18 12:00:00,7.4,5.214235189199065,"(1, 0, 0)","(0, 0, 0, 7)",53.646219650911625,EXESSIVE_AVAILABLE_CAPACITY_UNTIL_PRICE_LIMIT_9999_€/MWh,1,4
2023-12-19 12:00:00,7.12,5.275557998135728,"(1, 0, 0)","(0, 0, 0, 7)",53.398023814651395,EXESSIVE_AVAILABLE_CAPACITY_UNTIL_PRICE_LIMIT_9999_€/MWh,1,4
2023-12-20 12:00:00,6.67,4.9497251011842405,"(1, 0, 0)","(0, 0, 0, 7)",48.04002178048604,EXESSIVE_AVAILABLE_CAPACITY_UNTIL_PRICE_LIMIT_9999_€/MWh,1,4
2023-12-21 12:00:00,5.93,4.682174982428089,"(1, 0, 0)","(0, 0, 0, 7)",40.01520354913115,EXESSIVE_AVAILABLE_CAPACITY_UNTIL_PRICE_LIMIT_9999_€/MWh,1,4
2023-12-22 12:00:00,5.32,4.48197669460987,"(1, 0, 0)","(0, 0, 0, 7)",24.800731249285754,EXESSIVE_AVAILABLE_CAPACITY_UNTIL_PRICE_LIMIT_9999_€/MWh,1,4
2023-12-23 12:00:00,4.67,4.222699745277498,"(1, 0, 0)","(0, 0, 0, 7)",22.30721821860869,EXESSIVE_AVAILABLE_CAPACITY_UNTIL_PRICE_LIMIT_9999_€/MWh,1,4
2023-12-24 12:00:00,4.68,3.468492035397579,"(1, 0, 0)","(0, 0, 0, 7)",21.527055276934412,EXESSIVE_AVAILABLE_CAPACITY_UNTIL_PRICE_LIMIT_9999_€/MWh,1,4
2023-12-25 12:00:00,4.68,3.8597322316580005,"(1, 0, 0)","(0, 0, 0, 7)",21.242653039430138,EXESSIVE_AVAILABLE_CAPACITY_UNTIL_PRICE_LIMIT_9999_€/MWh,1,4
2023-12-26 12:00:00,4.74,3.708309853905706,"(1, 0, 0)","(0, 0, 0, 7)",21.2564619185541,EXESSIVE_AVAILABLE_CAPACITY_UNTIL_PRICE_LIMIT_9999_€/MWh,1,4
2023-12-27 12:00:00,5.33,4.43775748536829,"(1, 0, 0)","(0, 0, 0, 7)",21.23744200455564,EXESSIVE_AVAILABLE_CAPACITY_UNTIL_PRICE_LIMIT_9999_€/MWh,1,4
2023-12-28 12:00:00,5.06,3.9504524867375084,"(1, 0, 0)","(0, 0, 0, 7)",20.999135765715344,EXESSIVE_AVAILABLE_CAPACITY_UNTIL_PRICE_LIMIT_9999_€/MWh,1,4
2023-12-29 12:00:00,4.6,3.9470388433658123,"(1, 0, 0)","(0, 0, 0, 7)",21.00053323464229,EXESSIVE_AVAILABLE_CAPACITY_UNTIL_PRICE_LIMIT_9999_€/MWh,1,4
2023-12-30 12:00:00,4.54,3.883603326594288,"(1, 0, 0)","(0, 0, 0, 7)",21.11749735787552,EXESSIVE_AVAILABLE_CAPACITY_UNTIL_PRICE_LIMIT_9999_€/MWh,1,4
2023-12-31 12:00:00,4.3,3.694844379047085,"(1, 0, 0)","(0, 0, 0, 7)",19.821883458769744,EXESSIVE_AVAILABLE_CAPACITY_UNTIL_PRICE_LIMIT_9999_€/MWh,1,4
2024-01-01 12:00:00,4.12,3.577037849237394,"(1, 0, 0)","(0, 0, 0, 7)",19.93064536960945,EXESSIVE_AVAILABLE_CAPACITY_UNTIL_PRICE_LIMIT_9999_€/MWh,1,4
2024-01-02 12:00:00,4.61,3.748853575171156,"(1, 0, 0)","(0, 0, 0, 7)",20.28371517398382,EXESSIVE_AVAILABLE_CAPACITY_UNTIL_PRICE_LIMIT_9999_€/MWh,1,4
2024-01-03 12:00:00,4.55,3.6543521571648454,"(1, 0, 0)","(0, 0, 0, 7)",20.257764519686788,EXESSIVE_AVAILABLE_CAPACITY_UNTIL_PRICE_LIMIT_9999_€/MWh,1,4
2024-01-04 12:00:00,4.48,7.82667458709582,"(2, 0, 1)","(0, 0, 0, 7)",20.41991838908506,EXESSIVE_AVAILABLE_CAPACITY_UNTIL_PRICE_LIMIT_9999_€/MWh,1,4
2024-01-05 12:00:00,4.39,5.933107338051986,"(2, 0, 1)","(0, 0, 0, 7)",19.864372268727433,EXESSIVE_AVAILABLE_CAPACITY_UNTIL_PRICE_LIMIT_9999_€/MWh,1,4
2024-01-06 12:00:00,4.14,4.229801222661413,"(1, 0, 1)","(1, 0, 0, 7)",-0.7328866010453936,EXESSIVE_AVAILABLE_CAPACITY_UNTIL_PRICE_LIMIT_9999_€/MWh,1,4
2024-01-07 12:00:00,3.73,3.6265364161540483,"(1, 0, 1)","(0, 0, 1, 7)",-10.332208312965967,EXESSIVE_AVAILABLE_CAPACITY_UNTIL_PRICE_LIMIT_9999_€/MWh,1,4
2024-01-08 12:00:00,3.63,3.5440304494097767,"(1, 0, 1)","(0, 0, 1, 7)",-10.90035751385231,EXESSIVE_AVAILABLE_CAPACITY_UNTIL_PRICE_LIMIT_9999_€/MWh,1,4
2024-01-09 12:00:00,3.94,3.5572932686018373,"(1, 0, 1)","(0, 0, 1, 7)",-10.806733317281445,EXESSIVE_AVAILABLE_CAPACITY_UNTIL_PRICE_LIMIT_9999_€/MWh,1,4
2024-01-10 12:00:00,4.68,3.8137171818551177,"(1, 0, 1)","(0, 0, 1, 7)",-11.985349592510929,EXESSIVE_AVAILABLE_CAPACITY_UNTIL_PRICE_LIMIT_9999_€/MWh,1,4
2024-01-11 12:00:00,7.02,4.002548953119046,"(1, 0, 1)","(0, 0, 1, 7)",-11.942274699365623,EXESSIVE_AVAILABLE_CAPACITY_UNTIL_PRICE_LIMIT_9999_€/MWh,1,4
2024-01-12 12:00:00,5.24,6.0061833129009985,"(1, 0, 1)","(0, 0, 1, 7)",-9.77912654036124,EXESSIVE_AVAILABLE_CAPACITY_UNTIL_PRICE_LIMIT_9999_€/MWh,1,4
2024-01-13 12:00:00,4.08,4.098634743198073,"(1, 0, 1)","(0, 0, 1, 7)",-7.170732368562852,EXESSIVE_AVAILABLE_CAPACITY_UNTIL_PRICE_LIMIT_9999_€/MWh,1,4
2024-01-14 12:00:00,3.3,3.698824457659419,"(1, 0, 1)","(0, 0, 1, 7)",-6.321956334729084,EXESSIVE_AVAILABLE_CAPACITY_UNTIL_PRICE_LIMIT_9999_€/MWh,1,4
2024-01-15 12:00:00,3.49,3.1594373056636127,"(1, 0, 1)","(0, 0, 1, 7)",-5.217234427292567,EXESSIVE_AVAILABLE_CAPACITY_UNTIL_PRICE_LIMIT_9999_€/MWh,1,4
2024-01-16 12:00:00,3.71,3.4756778746109465,"(1, 0, 1)","(0, 0, 1, 7)",-5.246955626804436,EXESSIVE_AVAILABLE_CAPACITY_UNTIL_PRICE_LIMIT_9999_€/MWh,1,4
2024-01-17 12:00:00,4.29,3.748046093860991,"(1, 0, 1)","(0, 0, 1, 7)",-28.469388079800055,EXESSIVE_AVAILABLE_CAPACITY_UNTIL_PRICE_LIMIT_9999_€/MWh,1,4
2024-01-18 12:00:00,4.55,5.242882257291302,"(1, 0, 0)","(0, 0, 1, 7)",-46.284785353556494,EXESSIVE_AVAILABLE_CAPACITY_UNTIL_PRICE_LIMIT_9999_€/MWh,1,4
2024-01-19 12:00:00,3.99,3.3793845582469624,"(1, 0, 0)","(0, 0, 1, 7)",-58.17661290444096,EXESSIVE_AVAILABLE_CAPACITY_UNTIL_PRICE_LIMIT_9999_€/MWh,1,4
2024-01-20 12:00:00,3.51,3.4554053736151182,"(1, 0, 0)","(1, 0, 0, 7)",-61.943990512661614,EXESSIVE_AVAILABLE_CAPACITY_UNTIL_PRICE_LIMIT_9999_€/MWh,1,4
2024-01-21 12:00:00,3.07,2.688274468592801,"(1, 0, 0)","(1, 0, 0, 7)",-73.2572354026953,EXESSIVE_AVAILABLE_CAPACITY_UNTIL_PRICE_LIMIT_9999_€/MWh,1,4
2024-01-22 12:00:00,3.28,3.1744578157372785,"(1, 0, 0)","(1, 0, 0, 7)",-90.04200682456054,EXESSIVE_AVAILABLE_CAPACITY_UNTIL_PRICE_LIMIT_9999_€/MWh,1,4
2024-01-23 12:00:00,3.43,3.128537140665348,"(1, 0, 0)","(1, 0, 0, 7)",-90.62722013757012,EXESSIVE_AVAILABLE_CAPACITY_UNTIL_PRICE_LIMIT_9999_€/MWh,1,4
2024-01-24 12:00:00,3.26,3.3925699967099248,"(1, 0, 0)","(1, 0, 0, 7)",-91.21030561017521,EXESSIVE_AVAILABLE_CAPACITY_UNTIL_PRICE_LIMIT_9999_€/MWh,1,4
2024-01-25 12:00:00,5.08,4.06773232764416,"(1, 0, 0)","(1, 0, 0, 7)",-90.65534416770171,EXESSIVE_AVAILABLE_CAPACITY_UNTIL_PRICE_LIMIT_9999_€/MWh,1,4
2024-01-26 12:00:00,4.17,3.930319741663048,"(1, 0, 0)","(1, 0, 1, 7)",-84.76204573410173,EXESSIVE_AVAILABLE_CAPACITY_UNTIL_PRICE_LIMIT_9999_€/MWh,1,4
2024-01-27 12:00:00,3.38,4.009487172765071,"(1, 0, 0)","(1, 0, 1, 7)",-83.67157105866875,EXESSIVE_AVAILABLE_CAPACITY_UNTIL_PRICE_LIMIT_9999_€/MWh,1,4
2024-01-28 12:00:00,3.04,3.0844260527737397,"(1, 0, 0)","(2, 0, 0, 7)",-83.07492008644019,EXESSIVE_AVAILABLE_CAPACITY_UNTIL_PRICE_LIMIT_9999_€/MWh,1,4
2024-01-29 12:00:00,3.43,3.4712967265802033,"(1, 0, 0)","(2, 0, 0, 7)",-84.7871001696372,EXESSIVE_AVAILABLE_CAPACITY_UNTIL_PRICE_LIMIT_9999_€/MWh,1,4
2024-01-30 12:00:00,3.31,3.3981856566016804,"(1, 0, 0)","(2, 0, 0, 7)",-84.69307024595412,EXESSIVE_AVAILABLE_CAPACITY_UNTIL_PRICE_LIMIT_9999_€/MWh,1,4
2024-01-31 12:00:00,3.49,3.2550096587126127,"(1, 0, 0)","(2, 0, 0, 7)",-84.77931078102887,EXESSIVE_AVAILABLE_CAPACITY_UNTIL_PRICE_LIMIT_9999_€/MWh,1,4
2024-02-01 12:00:00,3.39,3.794057641202736,"(1, 0, 0)","(2, 0, 0, 7)",-85.21683483345363,EXESSIVE_AVAILABLE_CAPACITY_UNTIL_PRICE_LIMIT_9999_€/MWh,1,4
2024-02-02 12:00:00,3.23,3.256638448347035,"(1, 0, 0)","(1, 0, 1, 7)",-85.10872800036044,EXESSIVE_AVAILABLE_CAPACITY_UNTIL_PRICE_LIMIT_9999_€/MWh,1,4
2024-02-03 12:00:00,2.82,2.5061253211598538,"(1, 0, 0)","(1, 0, 1, 7)",-85.16874572649306,EXESSIVE_AVAILABLE_CAPACITY_UNTIL_PRICE_LIMIT_9999_€/MWh,1,4
2024-02-04 12:00:00,2.51,2.4383095312860408,"(1, 0, 0)","(1, 0, 1, 7)",-85.38253692494162,EXESSIVE_AVAILABLE_CAPACITY_UNTIL_PRICE_LIMIT_9999_€/MWh,1,4
2024-02-05 12:00:00,2.76,2.4555163548598977,"(1, 0, 0)","(1, 0, 1, 7)",-84.90957644096584,EXESSIVE_AVAILABLE_CAPACITY_UNTIL_PRICE_LIMIT_9999_€/MWh,1,4
2024-02-06 12:00:00,2.8,2.717507087296769,"(1, 0, 0)","(1, 0, 1, 7)",-87.02666625133858,EXESSIVE_AVAILABLE_CAPACITY_UNTIL_PRICE_LIMIT_9999_€/MWh,1,4
2024-02-07 12:00:00,3.63,3.524357152800532,"(1, 0, 0)","(1, 0, 1, 7)",-86.7804351069026,EXESSIVE_AVAILABLE_CAPACITY_UNTIL_PRICE_LIMIT_9999_€/MWh,1,4
2024-02-08 12:00:00,4.74,4.163007507011013,"(1, 0, 0)","(1, 0, 1, 7)",-85.37569240120312,EXESSIVE_AVAILABLE_CAPACITY_UNTIL_PRICE_LIMIT_9999_€/MWh,1,4
2024-02-09 12:00:00,4.18,3.899706156410271,"(1, 0, 0)","(1, 0, 1, 7)",-85.88020332553232,EXESSIVE_AVAILABLE_CAPACITY_UNTIL_PRICE_LIMIT_9999_€/MWh,1,4
2024-02-10 12:00:00,3.36,3.839390329044124,"(1, 0, 0)","(1, 0, 1, 7)",-85.47600560934289,EXESSIVE_AVAILABLE_CAPACITY_UNTIL_PRICE_LIMIT_9999_€/MWh,1,4
2024-02-11 12:00:00,2.93,3.046041611784548,"(1, 0, 0)","(1, 0, 1, 7)",-84.8603724504442,EXESSIVE_AVAILABLE_CAPACITY_UNTIL_PRICE_LIMIT_9999_€/MWh,1,4
2024-02-12 12:00:00,2.96,2.987720023252846,"(1, 0, 0)","(1, 0, 1, 7)",-84.64950359397213,EXESSIVE_AVAILABLE_CAPACITY_UNTIL_PRICE_LIMIT_9999_€/MWh,1,4
2024-02-13 12:00:00,2.81,2.755071474628096,"(1, 0, 0)","(1, 0, 1, 7)",-84.3968766634391,EXESSIVE_AVAILABLE_CAPACITY_UNTIL_PRICE_LIMIT_9999_€/MWh,1,4
2024-02-14 12:00:00,2.7,2.878862645582882,"(1, 0, 0)","(1, 0, 1, 7)",-84.35948030857753,EXESSIVE_AVAILABLE_CAPACITY_UNTIL_PRICE_LIMIT_9999_€/MWh,1,4
2024-02-15 12:00:00,2.61,2.9618623882468156,"(1, 0, 0)","(1, 0, 1, 7)",-82.69673666341268,EXESSIVE_AVAILABLE_CAPACITY_UNTIL_PRICE_LIMIT_9999_€/MWh,1,4
2024-02-16 12:00:00,2.44,2.374612672544958,"(1, 0, 0)","(2, 0, 0, 7)",-81.58370341602951,EXESSIVE_AVAILABLE_CAPACITY_UNTIL_PRICE_LIMIT_9999_€/MWh,1,4
2024-02-17 12:00:00,2.24,2.2194038167992014,"(1, 0, 0)","(2, 0, 0, 7)",-81.52162847012613,EXESSIVE_AVAILABLE_CAPACITY_UNTIL_PRICE_LIMIT_9999_€/MWh,1,4
2024-02-18 12:00:00,2.03,1.9437756444059109,"(1, 0, 0)","(2, 0, 0, 7)",-81.48260475464335,EXESSIVE_AVAILABLE_CAPACITY_UNTIL_PRICE_LIMIT_9999_€/MWh,1,4
2024-02-19 12:00:00,2.62,2.2490975037774334,"(1, 0, 0)","(2, 0, 0, 7)",-81.28330596873077,EXESSIVE_AVAILABLE_CAPACITY_UNTIL_PRICE_LIMIT_9999_€/MWh,1,4
2024-02-20 12:00:00,2.57,2.5044101278227435,"(1, 0, 0)","(2, 0, 0, 7)",-84.59674799312533,EXESSIVE_AVAILABLE_CAPACITY_UNTIL_PRICE_LIMIT_9999_€/MWh,1,4
2024-02-21 12:00:00,11.99,2.3705488091717877,"(1, 0, 0)","(2, 0, 0, 7)",-84.58828303819814,EXESSIVE_AVAILABLE_CAPACITY_UNTIL_PRICE_LIMIT_9999_€/MWh,1,4
2024-02-22 12:00:00,7.81,10.376954671271537,"(1, 0, 0)","(2, 0, 0, 7)",-18.52080057700585,EXESSIVE_AVAILABLE_CAPACITY_UNTIL_PRICE_LIMIT_9999_€/MWh,1,4
2024-02-23 12:00:00,5.18,6.111837779399619,"(1, 0, 0)","(2, 0, 0, 7)",-28.284583839077392,EXESSIVE_AVAILABLE_CAPACITY_UNTIL_PRICE_LIMIT_9999_€/MWh,1,4
2024-02-24 12:00:00,3.89,4.211558739342381,"(1, 0, 0)","(2, 0, 0, 7)",-29.362398007488885,EXESSIVE_AVAILABLE_CAPACITY_UNTIL_PRICE_LIMIT_9999_€/MWh,1,4
2024-02-25 12:00:00,3.19,3.497186350908419,"(1, 0, 0)","(2, 0, 0, 7)",-31.46683468552113,EXESSIVE_AVAILABLE_CAPACITY_UNTIL_PRICE_LIMIT_9999_€/MWh,1,4
2024-02-26 12:00:00,3.1,3.7234781894276994,"(1, 0, 0)","(2, 0, 0, 7)",-34.167765411265094,EXESSIVE_AVAILABLE_CAPACITY_UNTIL_PRICE_LIMIT_9999_€/MWh,1,4
2024-02-27 12:00:00,3.09,3.1075581461053092,"(1, 0, 0)","(2, 0, 0, 7)",-37.22686782648634,EXESSIVE_AVAILABLE_CAPACITY_UNTIL_PRICE_LIMIT_9999_€/MWh,1,4
2024-02-28 12:00:00,3.06,5.099975859463548,"(1, 0, 0)","(2, 0, 0, 7)",-37.968349798403814,EXESSIVE_AVAILABLE_CAPACITY_UNTIL_PRICE_LIMIT_9999_€/MWh,1,4
2024-02-29 12:00:00,2.97,2.2665091396042305,"(1, 0, 0)","(2, 0, 0, 7)",-37.557903111976024,EXESSIVE_AVAILABLE_CAPACITY_UNTIL_PRICE_LIMIT_9999_€/MWh,1,4
2024-03-01 12:00:00,3.12,2.8495819238856397,"(1, 0, 0)","(2, 0, 0, 7)",-39.90728712023782,EXESSIVE_AVAILABLE_CAPACITY_UNTIL_PRICE_LIMIT_9999_€/MWh,1,4
2024-03-02 12:00:00,2.81,2.3754096315998035,"(1, 0, 0)","(2, 0, 0, 7)",-48.86364548121248,EXESSIVE_AVAILABLE_CAPACITY_UNTIL_PRICE_LIMIT_9999_€/MWh,1,4
2024-03-03 12:00:00,2.47,2.169348663929569,"(1, 0, 0)","(2, 0, 0, 7)",-57.41403281733942,EXESSIVE_AVAILABLE_CAPACITY_UNTIL_PRICE_LIMIT_9999_€/MWh,1,4
2024-03-04 12:00:00,2.74,2.821457169475319,"(1, 0, 0)","(2, 0, 0, 7)",-57.48706584986735,EXESSIVE_AVAILABLE_CAPACITY_UNTIL_PRICE_LIMIT_9999_€/MWh,1,4
2024-03-05 12:00:00,2.89,2.3959361018546934,"(1, 0, 0)","(2, 0, 0, 7)",-57.32262179532191,EXESSIVE_AVAILABLE_CAPACITY_UNTIL_PRICE_LIMIT_9999_€/MWh,1,4
2024-03-06 12:00:00,2.83,3.527324825390888,"(1, 0, 0)","(2, 0, 0, 7)",-57.28654122064138,EXESSIVE_AVAILABLE_CAPACITY_UNTIL_PRICE_LIMIT_9999_€/MWh,1,4
2024-03-07 12:00:00,7.55,2.4276308167459315,"(1, 0, 0)","(2, 0, 0, 7)",-48.057104518063866,EXESSIVE_AVAILABLE_CAPACITY_UNTIL_PRICE_LIMIT_9999_€/MWh,1,4
2024-03-08 12:00:00,7.6,4.62401995283989,"(1, 0, 0)","(1, 0, 1, 7)",-24.454854401091836,EXESSIVE_AVAILABLE_CAPACITY_UNTIL_PRICE_LIMIT_9999_€/MWh,1,4
2024-03-09 12:00:00,4.75,4.8923132257985,"(1, 0, 0)","(1, 0, 1, 7)",-25.033084633452006,EXESSIVE_AVAILABLE_CAPACITY_UNTIL_PRICE_LIMIT_9999_€/MWh,1,4
2024-03-10 12:00:00,4.08,3.576648672699156,"(1, 0, 0)","(2, 0, 0, 7)",-24.268829091435556,EXESSIVE_AVAILABLE_CAPACITY_UNTIL_PRICE_LIMIT_9999_€/MWh,1,4
2024-03-11 12:00:00,4.31,3.660328654849307,"(1, 0, 0)","(2, 0, 0, 7)",-24.56589309607547,EXESSIVE_AVAILABLE_CAPACITY_UNTIL_PRICE_LIMIT_9999_€/MWh,1,4
2024-03-12 12:00:00,4.2,4.225180376269747,"(1, 0, 0)","(2, 0, 0, 7)",-29.843416506166257,EXESSIVE_AVAILABLE_CAPACITY_UNTIL_PRICE_LIMIT_9999_€/MWh,1,4
2024-03-13 12:00:00,3.83,3.4626045743657548,"(1, 0, 0)","(2, 0, 0, 7)",-36.66073453719826,EXESSIVE_AVAILABLE_CAPACITY_UNTIL_PRICE_LIMIT_9999_€/MWh,1,4
2024-03-14 12:00:00,3.45,5.190419104470461,"(1, 0, 0)","(2, 0, 0, 7)",-38.77495470186757,EXESSIVE_AVAILABLE_CAPACITY_UNTIL_PRICE_LIMIT_9999_€/MWh,1,4
2024-03-15 12:00:00,3.16,3.459485520018715,"(1, 0, 0)","(2, 0, 0, 7)",-39.820326764365575,EXESSIVE_AVAILABLE_CAPACITY_UNTIL_PRICE_LIMIT_9999_€/MWh,1,4
2024-03-16 12:00:00,2.87,2.5029196290418736,"(1, 0, 0)","(2, 0, 0, 7)",-41.731680490733744,EXESSIVE_AVAILABLE_CAPACITY_UNTIL_PRICE_LIMIT_9999_€/MWh,1,4
2024-03-17 12:00:00,2.64,2.8681382006885796,"(1, 0, 0)","(2, 0, 0, 7)",-46.70013719440035,EXESSIVE_AVAILABLE_CAPACITY_UNTIL_PRICE_LIMIT_9999_€/MWh,1,4
2024-03-18 12:00:00,2.68,2.7694744975567707,"(1, 0, 0)","(2, 0, 0, 7)",-47.154095182966124,EXESSIVE_AVAILABLE_CAPACITY_UNTIL_PRICE_LIMIT_9999_€/MWh,1,4
2024-03-19 12:00:00,2.54,2.5221771117283107,"(1, 0, 0)","(2, 0, 0, 7)",-52.45316593873466,EXESSIVE_AVAILABLE_CAPACITY_UNTIL_PRICE_LIMIT_9999_€/MWh,1,4
2024-03-20 12:00:00,2.6,2.496295150114574,"(1, 0, 0)","(2, 0, 0, 7)",-58.52270268283863,EXESSIVE_AVAILABLE_CAPACITY_UNTIL_PRICE_LIMIT_9999_€/MWh,1,4
2024-03-21 12:00:00,2.55,3.6722399561813814,"(1, 0, 0)","(2, 0, 0, 7)",-69.90206748083662,EXESSIVE_AVAILABLE_CAPACITY_UNTIL_PRICE_LIMIT_9999_€/MWh,1,4
2024-03-22 12:00:00,3.07,2.6754561398062435,"(1, 0, 0)","(2, 0, 1, 7)",-71.95471051511193,EXESSIVE_AVAILABLE_CAPACITY_UNTIL_PRICE_LIMIT_9999_€/MWh,1,4
2024-03-23 12:00:00,3.62,2.5799144896744313,"(1, 0, 0)","(2, 0, 0, 7)",-72.65205546177434,EXESSIVE_AVAILABLE_CAPACITY_UNTIL_PRICE_LIMIT_9999_€/MWh,1,4
2024-03-24 12:00:00,3.51,2.9014576465048605,"(1, 0, 0)","(2, 0, 0, 7)",-71.37434196152452,EXESSIVE_AVAILABLE_CAPACITY_UNTIL_PRICE_LIMIT_9999_€/MWh,1,4
2024-03-25 12:00:00,3.52,3.547935187840593,"(1, 0, 0)","(2, 0, 0, 7)",-71.50263075387113,EXESSIVE_AVAILABLE_CAPACITY_UNTIL_PRICE_LIMIT_9999_€/MWh,1,4
2024-03-26 12:00:00,3.28,2.7638274042889344,"(1, 0, 0)","(2, 0, 0, 7)",-71.79283455785854,EXESSIVE_AVAILABLE_CAPACITY_UNTIL_PRICE_LIMIT_9999_€/MWh,1,4
2024-03-27 12:00:00,3.07,3.310270101132767,"(1, 0, 0)","(2, 0, 0, 7)",-71.57306741480011,EXESSIVE_AVAILABLE_CAPACITY_UNTIL_PRICE_LIMIT_9999_€/MWh,1,4
2024-03-28 12:00:00,2.98,2.4445670681123444,"(1, 0, 0)","(2, 0, 0, 7)",-74.15764822165704,EXESSIVE_AVAILABLE_CAPACITY_UNTIL_PRICE_LIMIT_9999_€/MWh,1,4
2024-03-29 12:00:00,2.87,3.0007886108122457,"(1, 0, 0)","(2, 0, 0, 7)",-74.30389014018883,EXESSIVE_AVAILABLE_CAPACITY_UNTIL_PRICE_LIMIT_9999_€/MWh,1,4
2024-03-30 12:00:00,2.94,2.616665034948638,"(1, 0, 0)","(0, 0, 2, 7)",-71.8105808791346,EXESSIVE_AVAILABLE_CAPACITY_UNTIL_PRICE_LIMIT_9999_€/MWh,1,4
2024-03-31 12:00:00,3.32,2.406820727351317,"(1, 0, 0)","(0, 0, 2, 7)",-71.91066693112963,EXESSIVE_AVAILABLE_CAPACITY_UNTIL_PRICE_LIMIT_9999_€/MWh,1,4
2024-04-01 12:00:00,3.29,2.830217902513631,"(1, 0, 0)","(2, 0, 0, 7)",-74.07753198371799,EXESSIVE_AVAILABLE_CAPACITY_UNTIL_PRICE_LIMIT_9999_€/MWh,1,4
2024-04-02 12:00:00,3.31,2.612788663390041,"(1, 0, 0)","(2, 0, 0, 7)",-74.0837641123317,EXESSIVE_AVAILABLE_CAPACITY_UNTIL_PRICE_LIMIT_9999_€/MWh,1,4
2024-04-03 12:00:00,3.5,3.2841792012805198,"(1, 0, 0)","(2, 0, 0, 7)",-74.74272635774813,EXESSIVE_AVAILABLE_CAPACITY_UNTIL_PRICE_LIMIT_9999_€/MWh,1,4
2024-04-04 12:00:00,3.33,2.959751012833312,"(1, 0, 0)","(2, 0, 0, 7)",-74.87266018791367,EXESSIVE_AVAILABLE_CAPACITY_UNTIL_PRICE_LIMIT_9999_€/MWh,1,4
2024-04-05 12:00:00,3.27,2.9681611741139635,"(1, 0, 0)","(2, 0, 0, 7)",-74.87321029917757,EXESSIVE_AVAILABLE_CAPACITY_UNTIL_PRICE_LIMIT_9999_€/MWh,1,4
2024-04-06 12:00:00,2.88,2.999915795774893,"(2, 0, 0)","(0, 0, 2, 7)",-72.912035441003,EXESSIVE_AVAILABLE_CAPACITY_UNTIL_PRICE_LIMIT_9999_€/MWh,1,4
2024-04-07 12:00:00,2.45,2.775060183839077,"(1, 0, 0)","(2, 0, 0, 7)",-73.53091484724905,EXESSIVE_AVAILABLE_CAPACITY_UNTIL_PRICE_LIMIT_9999_€/MWh,1,4
2024-04-08 12:00:00,2.92,2.622426944760435,"(2, 0, 0)","(2, 0, 1, 7)",-72.09087987564023,EXESSIVE_AVAILABLE_CAPACITY_UNTIL_PRICE_LIMIT_9999_€/MWh,1,4
2024-04-09 12:00:00,2.75,2.138951453102371,"(2, 0, 0)","(0, 0, 0, 7)",-69.94970818969166,EXESSIVE_AVAILABLE_CAPACITY_UNTIL_PRICE_LIMIT_9999_€/MWh,1,4
2024-04-10 12:00:00,2.89,2.0414967243093067,"(2, 0, 0)","(0, 0, 0, 7)",-68.90481175890147,EXESSIVE_AVAILABLE_CAPACITY_UNTIL_PRICE_LIMIT_9999_€/MWh,1,4
2024-04-11 12:00:00,3.22,2.1036600347813614,"(2, 0, 0)","(0, 0, 0, 7)",-69.31037268786532,EXESSIVE_AVAILABLE_CAPACITY_UNTIL_PRICE_LIMIT_9999_€/MWh,1,4
2024-04-12 12:00:00,4.05,2.287003844262639,"(3, 0, 0)","(0, 0, 0, 7)",-92.41932079693541,EXESSIVE_AVAILABLE_CAPACITY_UNTIL_PRICE_LIMIT_9999_€/MWh,1,4
2024-04-13 12:00:00,4.48,2.9667829634885665,"(3, 0, 0)","(1, 0, 1, 7)",-100.5266551056849,EXESSIVE_AVAILABLE_CAPACITY_UNTIL_PRICE_LIMIT_9999_€/MWh,1,4
2024-04-14 12:00:00,4.62,3.6499989542986753,"(3, 0, 0)","(2, 0, 0, 7)",-102.09637776504073,EXESSIVE_AVAILABLE_CAPACITY_UNTIL_PRICE_LIMIT_9999_€/MWh,1,4
2024-04-15 12:00:00,4.97,3.607229806061591,"(3, 0, 0)","(0, 0, 2, 7)",-101.58712418325652,EXESSIVE_AVAILABLE_CAPACITY_UNTIL_PRICE_LIMIT_9999_€/MWh,1,4
2024-04-16 12:00:00,19.36,3.202022179376003,"(2, 0, 1)","(0, 0, 1, 7)",-99.71660471485801,EXESSIVE_AVAILABLE_CAPACITY_UNTIL_PRICE_LIMIT_9999_€/MWh,1,4
2024-04-17 12:00:00,19.14,1.8860960995156213,"(2, 0, 1)","(0, 0, 0, 7)",-65.40988485951561,EXESSIVE_AVAILABLE_CAPACITY_UNTIL_PRICE_LIMIT_9999_€/MWh,1,4
2024-04-18 12:00:00,13.11,0.4747996559099437,"(2, 0, 1)","(0, 0, 0, 7)",-37.80488804118427,EXESSIVE_AVAILABLE_CAPACITY_UNTIL_PRICE_LIMIT_9999_€/MWh,1,4
2024-04-19 12:00:00,10.61,1.7179165615816994,"(2, 0, 1)","(0, 0, 0, 7)",-35.16226199679993,EXESSIVE_AVAILABLE_CAPACITY_UNTIL_PRICE_LIMIT_9999_€/MWh,1,4
2024-04-20 12:00:00,9.06,4.800882578079731,"(2, 0, 0)","(0, 0, 0, 7)",-15.660382276819647,EXESSIVE_AVAILABLE_CAPACITY_UNTIL_PRICE_LIMIT_9999_€/MWh,1,4
2024-04-21 12:00:00,7.43,4.938041417121356,"(2, 0, 0)","(0, 0, 0, 7)",-8.977611263752124,EXESSIVE_AVAILABLE_CAPACITY_UNTIL_PRICE_LIMIT_9999_€/MWh,1,4
2024-04-22 12:00:00,9.61,4.018602936494403,"(2, 0, 0)","(0, 0, 0, 7)",-9.097915099645242,EXESSIVE_AVAILABLE_CAPACITY_UNTIL_PRICE_LIMIT_9999_€/MWh,1,4
2024-04-23 12:00:00,10.76,5.136780645631212,"(1, 0, 0)","(0, 0, 0, 7)",-3.5058235990622393,EXESSIVE_AVAILABLE_CAPACITY_UNTIL_PRICE_LIMIT_9999_€/MWh,1,4
2024-04-24 12:00:00,9.71,5.815965451751622,"(1, 0, 0)","(0, 0, 0, 7)",2.37257046284014,EXESSIVE_AVAILABLE_CAPACITY_UNTIL_PRICE_LIMIT_9999_€/MWh,1,4
2024-04-25 12:00:00,9.16,5.612318801107521,"(1, 0, 0)","(0, 0, 0, 7)",-0.551242743072228,EXESSIVE_AVAILABLE_CAPACITY_UNTIL_PRICE_LIMIT_9999_€/MWh,1,4
2024-04-26 12:00:00,8.88,5.672813275786326,"(1, 0, 0)","(0, 0, 0, 7)",-1.2309076078193364,EXESSIVE_AVAILABLE_CAPACITY_UNTIL_PRICE_LIMIT_9999_€/MWh,1,4
2024-04-27 12:00:00,13.38,5.251935397182378,"(1, 0, 0)","(0, 0, 0, 7)",-1.7438224406123481,EXESSIVE_AVAILABLE_CAPACITY_UNTIL_PRICE_LIMIT_9999_€/MWh,1,4
2024-04-28 12:00:00,10.59,6.5337640556741725,"(1, 0, 0)","(0, 0, 0, 7)",5.834282834368377,EXESSIVE_AVAILABLE_CAPACITY_UNTIL_PRICE_LIMIT_9999_€/MWh,1,4
2024-04-29 12:00:00,10.23,6.217157179906324,"(1, 0, 0)","(0, 0, 0, 7)",5.538033922772812,EXESSIVE_AVAILABLE_CAPACITY_UNTIL_PRICE_LIMIT_9999_€/MWh,1,4
2024-04-30 12:00:00,10.34,6.024371250880143,"(1, 0, 0)","(0, 0, 0, 7)",5.656198912780611,EXESSIVE_AVAILABLE_CAPACITY_UNTIL_PRICE_LIMIT_9999_€/MWh,1,4
2024-05-01 12:00:00,9.65,5.988975377411254,"(1, 0, 0)","(0, 0, 0, 7)",7.333007136797184,EXESSIVE_AVAILABLE_CAPACITY_UNTIL_PRICE_LIMIT_9999_€/MWh,1,4
2024-05-02 12:00:00,9.34,5.653471394064787,"(1, 0, 0)","(0, 0, 0, 7)",7.35131812419315,EXESSIVE_AVAILABLE_CAPACITY_UNTIL_PRICE_LIMIT_9999_€/MWh,1,4
2024-05-03 12:00:00,9.15,5.492940335604341,"(1, 0, 0)","(0, 0, 0, 7)",7.283804838595515,EXESSIVE_AVAILABLE_CAPACITY_UNTIL_PRICE_LIMIT_9999_€/MWh,1,4
2024-05-04 12:00:00,8.68,5.370899086953945,"(1, 0, 0)","(0, 0, 0, 7)",7.3064324423482745,EXESSIVE_AVAILABLE_CAPACITY_UNTIL_PRICE_LIMIT_9999_€/MWh,1,4
2024-05-05 12:00:00,7.87,5.086612225805927,"(1, 0, 0)","(0, 0, 0, 7)",6.970530685009704,EXESSIVE_AVAILABLE_CAPACITY_UNTIL_PRICE_LIMIT_9999_€/MWh,1,4
2024-05-06 12:00:00,8.29,4.2235291748297605,"(1, 0, 0)","(0, 0, 0, 7)",6.908589254884322,EXESSIVE_AVAILABLE_CAPACITY_UNTIL_PRICE_LIMIT_9999_€/MWh,1,4
2024-05-07 12:00:00,14.49,4.799278613528489,"(1, 0, 0)","(0, 0, 0, 7)",5.781495459272547,EXESSIVE_AVAILABLE_CAPACITY_UNTIL_PRICE_LIMIT_9999_€/MWh,1,4
2024-05-08 12:00:00,13.28,6.762134999650501,"(1, 0, 0)","(0, 0, 0, 7)",15.416630137462846,EXESSIVE_AVAILABLE_CAPACITY_UNTIL_PRICE_LIMIT_9999_€/MWh,1,4
2024-05-09 12:00:00,11.26,7.3078142427849455,"(1, 0, 0)","(0, 0, 0, 7)",18.326818575793666,EXESSIVE_AVAILABLE_CAPACITY_UNTIL_PRICE_LIMIT_9999_€/MWh,1,4
2024-05-10 12:00:00,10.2,6.173911225557033,"(1, 0, 0)","(0, 0, 0, 7)",17.868692968898472,EXESSIVE_AVAILABLE_CAPACITY_UNTIL_PRICE_LIMIT_9999_€/MWh,1,4
2024-05-11 12:00:00,9.31,5.9040828223017865,"(1, 0, 0)","(0, 0, 0, 7)",17.751371845897797,EXESSIVE_AVAILABLE_CAPACITY_UNTIL_PRICE_LIMIT_9999_€/MWh,1,4
2024-05-12 12:00:00,8.4,5.484489478373266,"(1, 0, 0)","(0, 0, 0, 7)",17.702790328601843,EXESSIVE_AVAILABLE_CAPACITY_UNTIL_PRICE_LIMIT_9999_€/MWh,1,4
2024-05-13 12:00:00,9.17,4.887475981170172,"(1, 0, 0)","(0, 0, 0, 7)",17.718632649071616,EXESSIVE_AVAILABLE_CAPACITY_UNTIL_PRICE_LIMIT_9999_€/MWh,1,4
2024-05-14 12:00:00,9.51,5.370081213140144,"(1, 0, 0)","(0, 0, 0, 7)",18.041464608633582,EXESSIVE_AVAILABLE_CAPACITY_UNTIL_PRICE_LIMIT_9999_€/MWh,1,4
2024-05-15 12:00:00,9.81,5.359299280491998,"(1, 0, 0)","(0, 0, 0, 7)",18.18727875737734,EXESSIVE_AVAILABLE_CAPACITY_UNTIL_PRICE_LIMIT_9999_€/MWh,1,4
2024-05-16 12:00:00,15.38,5.480074035785968,"(1, 0, 0)","(0, 0, 0, 7)",18.332429762533707,EXESSIVE_AVAILABLE_CAPACITY_UNTIL_PRICE_LIMIT_9999_€/MWh,1,4
2024-05-17 12:00:00,21.38,6.612945925960112,"(1, 0, 0)","(0, 0, 0, 7)",20.992971832314637,EXESSIVE_AVAILABLE_CAPACITY_UNTIL_PRICE_LIMIT_9999_€/MWh,1,4
2024-05-18 12:00:00,12.59,7.228332485046569,"(1, 0, 0)","(0, 0, 0, 7)",23.746850258403995,EXESSIVE_AVAILABLE_CAPACITY_UNTIL_PRICE_LIMIT_9999_€/MWh,1,4
2024-05-19 12:00:00,9.53,6.608256028805377,"(1, 0, 0)","(0, 0, 0, 7)",22.292230807692107,EXESSIVE_AVAILABLE_CAPACITY_UNTIL_PRICE_LIMIT_9999_€/MWh,1,4
2024-05-20 12:00:00,8.43,5.381225942723741,"(1, 0, 0)","(0, 0, 0, 7)",22.791593460047938,EXESSIVE_AVAILABLE_CAPACITY_UNTIL_PRICE_LIMIT_9999_€/MWh,1,4
2024-05-21 12:00:00,8.03,4.83539932839217,"(1, 0, 1)","(0, 0, 0, 7)",-17.886363881471542,EXESSIVE_AVAILABLE_CAPACITY_UNTIL_PRICE_LIMIT_9999_€/MWh,1,4
2024-05-22 12:00:00,8.48,4.787347316218014,"(1, 0, 1)","(0, 0, 0, 7)",-21.25740369793023,EXESSIVE_AVAILABLE_CAPACITY_UNTIL_PRICE_LIMIT_9999_€/MWh,1,4
2024-05-23 12:00:00,9.05,4.987831441810469,"(1, 0, 0)","(0, 0, 0, 7)",-24.246463806887217,EXESSIVE_AVAILABLE_CAPACITY_UNTIL_PRICE_LIMIT_9999_€/MWh,1,4
2024-05-24 12:00:00,8.86,5.191109540917707,"(1, 0, 0)","(0, 0, 0, 7)",-25.74442876254633,EXESSIVE_AVAILABLE_CAPACITY_UNTIL_PRICE_LIMIT_9999_€/MWh,1,4
2024-05-25 12:00:00,8.26,5.430585558847025,"(1, 0, 0)","(0, 0, 0, 7)",-26.425059870076907,EXESSIVE_AVAILABLE_CAPACITY_UNTIL_PRICE_LIMIT_9999_€/MWh,1,4
2024-05-26 12:00:00,7.81,5.071232045364285,"(1, 0, 0)","(0, 0, 0, 7)",-26.38677918272814,EXESSIVE_AVAILABLE_CAPACITY_UNTIL_PRICE_LIMIT_9999_€/MWh,1,4
2024-05-27 12:00:00,8.1,4.3580693026748225,"(1, 0, 0)","(0, 0, 0, 7)",-26.38906850384364,EXESSIVE_AVAILABLE_CAPACITY_UNTIL_PRICE_LIMIT_9999_€/MWh,1,4
2024-05-28 12:00:00,8.52,4.942660545587529,"(1, 0, 0)","(0, 0, 0, 7)",-26.31591126328172,EXESSIVE_AVAILABLE_CAPACITY_UNTIL_PRICE_LIMIT_9999_€/MWh,1,4
2024-05-29 12:00:00,8.62,5.08203362460466,"(1, 0, 0)","(0, 0, 0, 7)",-26.175936842705987,EXESSIVE_AVAILABLE_CAPACITY_UNTIL_PRICE_LIMIT_9999_€/MWh,1,4
2024-05-30 12:00:00,8.36,5.23963070000316,"(1, 0, 0)","(0, 0, 0, 7)",-27.930098997229884,EXESSIVE_AVAILABLE_CAPACITY_UNTIL_PRICE_LIMIT_9999_€/MWh,1,4
2024-05-31 12:00:00,8.45,5.073158997087336,"(1, 0, 0)","(0, 0, 0, 7)",-29.74025932166662,EXESSIVE_AVAILABLE_CAPACITY_UNTIL_PRICE_LIMIT_9999_€/MWh,1,4
2024-06-01 12:00:00,7.77,5.337337353498112,"(1, 0, 0)","(0, 0, 0, 7)",-29.8899033134864,EXESSIVE_AVAILABLE_CAPACITY_UNTIL_PRICE_LIMIT_9999_€/MWh,1,4
2024-06-02 12:00:00,7.2,5.0061342237598145,"(1, 0, 0)","(0, 0, 0, 7)",-29.906223899838444,EXESSIVE_AVAILABLE_CAPACITY_UNTIL_PRICE_LIMIT_9999_€/MWh,1,4
2024-06-03 12:00:00,45.84,4.563994246939073,"(1, 0, 0)","(0, 0, 0, 7)",-30.001025720659378,EXESSIVE_AVAILABLE_CAPACITY_UNTIL_PRICE_LIMIT_9999_€/MWh,1,4
2024-06-04 12:00:00,44.8,8.445081777979766,"(1, 0, 0)","(0, 0, 0, 7)",-11.395703981628245,EXESSIVE_AVAILABLE_CAPACITY_UNTIL_PRICE_LIMIT_9999_€/MWh,1,4
2024-06-05 12:00:00,30.92,9.480984606915523,"(1, 0, 0)","(0, 0, 0, 7)",1.6010454221243666,EXESSIVE_AVAILABLE_CAPACITY_UNTIL_PRICE_LIMIT_9999_€/MWh,1,4
2024-06-06 12:00:00,24.65,14.14318669249054,"(1, 0, 2)","(0, 0, 0, 7)",12.58708120074586,EXESSIVE_AVAILABLE_CAPACITY_UNTIL_PRICE_LIMIT_9999_€/MWh,1,4
2024-06-07 12:00:00,20.46,10.687857054589285,"(1, 0, 0)","(0, 0, 0, 7)",0.6593077680128481,EXESSIVE_AVAILABLE_CAPACITY_UNTIL_PRICE_LIMIT_9999_€/MWh,1,4
2024-06-08 12:00:00,15.57,10.732607334539749,"(1, 0, 0)","(0, 0, 0, 7)",2.6313450907533866,EXESSIVE_AVAILABLE_CAPACITY_UNTIL_PRICE_LIMIT_9999_€/MWh,1,4
2024-06-09 12:00:00,12.89,8.652299674868084,"(1, 0, 0)","(0, 0, 0, 7)",-0.180451483114906,EXESSIVE_AVAILABLE_CAPACITY_UNTIL_PRICE_LIMIT_9999_€/MWh,1,4
2024-06-10 12:00:00,12.11,7.334288751036999,"(1, 0, 0)","(0, 0, 0, 7)",-0.09924538813069361,EXESSIVE_AVAILABLE_CAPACITY_UNTIL_PRICE_LIMIT_9999_€/MWh,1,4
2024-06-11 12:00:00,18.02,6.960380038651905,"(1, 0, 0)","(0, 0, 0, 7)",-0.2330070676649747,EXESSIVE_AVAILABLE_CAPACITY_UNTIL_PRICE_LIMIT_9999_€/MWh,1,4
2024-06-12 12:00:00,22.4,9.268039629320983,"(1, 0, 0)","(0, 0, 0, 7)",3.2157517145217254,EXESSIVE_AVAILABLE_CAPACITY_UNTIL_PRICE_LIMIT_9999_€/MWh,1,4
2024-06-13 12:00:00,18.91,10.960629612628546,"(1, 0, 0)","(0, 0, 0, 7)",6.640696647401228,EXESSIVE_AVAILABLE_CAPACITY_UNTIL_PRICE_LIMIT_9999_€/MWh,1,4
2024-06-14 12:00:00,16.23,10.107874655084453,"(1, 0, 0)","(0, 0, 0, 7)",6.689587145051473,EXESSIVE_AVAILABLE_CAPACITY_UNTIL_PRICE_LIMIT_9999_€/MWh,1,4
2024-06-15 12:00:00,13.25,8.865599068526778,"(1, 0, 0)","(0, 0, 0, 7)",6.819772142268861,EXESSIVE_AVAILABLE_CAPACITY_UNTIL_PRICE_LIMIT_9999_€/MWh,1,4
2024-06-16 12:00:00,11.41,8.945762317545093,"(1, 0, 1)","(0, 0, 0, 7)",7.1502592782841425,EXESSIVE_AVAILABLE_CAPACITY_UNTIL_PRICE_LIMIT_9999_€/MWh,1,4
2024-06-17 12:00:00,11.72,8.1827529113018,"(1, 0, 1)","(0, 0, 0, 7)",7.235550149305593,EXESSIVE_AVAILABLE_CAPACITY_UNTIL_PRICE_LIMIT_9999_€/MWh,1,4
2024-06-18 12:00:00,24.34,7.846939087078226,"(1, 0, 1)","(0, 0, 0, 7)",7.179286638285458,EXESSIVE_AVAILABLE_CAPACITY_UNTIL_PRICE_LIMIT_9999_€/MWh,1,4
2024-06-19 12:00:00,22.26,12.368809207260774,"(1, 0, 1)","(0, 0, 0, 7)",18.260621166814126,EXESSIVE_AVAILABLE_CAPACITY_UNTIL_PRICE_LIMIT_9999_€/MWh,1,4
2024-06-20 12:00:00,17.04,13.444008197959638,"(1, 0, 1)","(0, 0, 0, 7)",18.154510971914238,EXESSIVE_AVAILABLE_CAPACITY_UNTIL_PRICE_LIMIT_9999_€/MWh,1,4
2024-06-21 12:00:00,14.58,15.848001717363974,"(1, 0, 2)","(0, 0, 0, 7)",18.45543720307645,EXESSIVE_AVAILABLE_CAPACITY_UNTIL_PRICE_LIMIT_9999_€/MWh,1,4
2024-06-22 12:00:00,12.47,8.86599439923489,"(1, 0, 1)","(0, 0, 0, 7)",17.632932298093152,EXESSIVE_AVAILABLE_CAPACITY_UNTIL_PRICE_LIMIT_9999_€/MWh,1,4
2024-06-23 12:00:00,11.01,9.841152133983698,"(1, 0, 0)","(1, 0, 1, 7)",16.85360831358566,EXESSIVE_AVAILABLE_CAPACITY_UNTIL_PRICE_LIMIT_9999_€/MWh,1,4
2024-06-24 12:00:00,11.61,10.241996198479729,"(1, 0, 0)","(1, 0, 1, 7)",16.6659605625468,EXESSIVE_AVAILABLE_CAPACITY_UNTIL_PRICE_LIMIT_9999_€/MWh,1,4
2024-06-25 12:00:00,11.19,14.673141734845164,"(1, 0, 0)","(1, 0, 1, 7)",16.7239640474012,EXESSIVE_AVAILABLE_CAPACITY_UNTIL_PRICE_LIMIT_9999_€/MWh,1,4
2024-06-26 12:00:00,11.2,11.15026413441261,"(1, 0, 0)","(1, 0, 1, 7)",16.773325784453153,EXESSIVE_AVAILABLE_CAPACITY_UNTIL_PRICE_LIMIT_9999_€/MWh,1,4
2024-06-27 12:00:00,11.18,9.685363354960892,"(1, 0, 0)","(1, 0, 1, 7)",17.34303460799352,EXESSIVE_AVAILABLE_CAPACITY_UNTIL_PRICE_LIMIT_9999_€/MWh,1,4
2024-06-28 12:00:00,11.01,7.643735703188593,"(1, 0, 0)","(1, 0, 1, 7)",17.260962770425294,EXESSIVE_AVAILABLE_CAPACITY_UNTIL_PRICE_LIMIT_9999_€/MWh,1,4
2024-06-29 12:00:00,10.26,6.995540442880416,"(1, 0, 1)","(0, 0, 0, 7)",16.587255444750518,EXESSIVE_AVAILABLE_CAPACITY_UNTIL_PRICE_LIMIT_9999_€/MWh,1,4
2024-06-30 12:00:00,9.91,6.631409477641618,"(1, 0, 1)","(0, 0, 0, 7)",16.39305500878057,EXESSIVE_AVAILABLE_CAPACITY_UNTIL_PRICE_LIMIT_9999_€/MWh,1,4
2024-07-01 12:00:00,10.87,7.537063103227265,"(3, 0, 0)","(0, 0, 0, 7)",17.27144774994518,EXESSIVE_AVAILABLE_CAPACITY_UNTIL_PRICE_LIMIT_9999_€/MWh,1,4
2024-07-02 12:00:00,11.14,6.89377706473147,"(1, 0, 1)","(0, 0, 0, 7)",16.4497863534497,EXESSIVE_AVAILABLE_CAPACITY_UNTIL_PRICE_LIMIT_9999_€/MWh,1,4
2024-07-03 12:00:00,11.11,6.847226967204954,"(1, 0, 1)","(0, 0, 0, 7)",15.862850772864146,EXESSIVE_AVAILABLE_CAPACITY_UNTIL_PRICE_LIMIT_9999_€/MWh,1,4
2024-07-04 12:00:00,10.38,6.54632920002555,"(1, 0, 1)","(0, 0, 0, 7)",15.733402052640422,EXESSIVE_AVAILABLE_CAPACITY_UNTIL_PRICE_LIMIT_9999_€/MWh,1,4
2024-07-05 12:00:00,10.07,6.253651030427454,"(1, 0, 1)","(0, 0, 0, 7)",15.406478912233833,EXESSIVE_AVAILABLE_CAPACITY_UNTIL_PRICE_LIMIT_9999_€/MWh,1,4
2024-07-06 12:00:00,9.32,6.162443604101532,"(1, 0, 1)","(0, 0, 0, 7)",15.256168477402033,EXESSIVE_AVAILABLE_CAPACITY_UNTIL_PRICE_LIMIT_9999_€/MWh,1,4
2024-07-07 12:00:00,8.47,5.53615910936513,"(1, 0, 1)","(0, 0, 0, 7)",15.327001772226897,EXESSIVE_AVAILABLE_CAPACITY_UNTIL_PRICE_LIMIT_9999_€/MWh,1,4
2024-07-08 12:00:00,10.49,4.781516994521745,"(1, 0, 1)","(0, 0, 0, 7)",12.982542736070293,EXESSIVE_AVAILABLE_CAPACITY_UNTIL_PRICE_LIMIT_9999_€/MWh,1,4
2024-07-09 12:00:00,10.18,6.073656163049134,"(1, 0, 1)","(0, 0, 0, 7)",13.158167164361135,EXESSIVE_AVAILABLE_CAPACITY_UNTIL_PRICE_LIMIT_9999_€/MWh,1,4
2024-07-10 12:00:00,9.92,5.159461834289346,"(1, 0, 1)","(0, 0, 0, 7)",11.778237935543038,EXESSIVE_AVAILABLE_CAPACITY_UNTIL_PRICE_LIMIT_9999_€/MWh,1,4
2024-07-11 12:00:00,9.61,5.603784376283299,"(1, 0, 1)","(0, 0, 0, 7)",9.928294375061377,EXESSIVE_AVAILABLE_CAPACITY_UNTIL_PRICE_LIMIT_9999_€/MWh,1,4
2024-07-12 12:00:00,9.19,4.851579193210692,"(1, 0, 1)","(0, 0, 0, 7)",6.087728968690439,EXESSIVE_AVAILABLE_CAPACITY_UNTIL_PRICE_LIMIT_9999_€/MWh,1,4
2024-07-13 12:00:00,8.5,6.0895560602077055,"(2, 0, 0)","(0, 0, 1, 7)",3.4438242178589986,EXESSIVE_AVAILABLE_CAPACITY_UNTIL_PRICE_LIMIT_9999_€/MWh,1,4
2024-07-14 12:00:00,7.92,5.464904576678245,"(1, 0, 1)","(0, 0, 1, 7)",0.5719337219784233,EXESSIVE_AVAILABLE_CAPACITY_UNTIL_PRICE_LIMIT_9999_€/MWh,1,4
2024-07-15 12:00:00,8.76,4.831012221005677,"(1, 0, 1)","(0, 0, 1, 7)",0.794625039474818,EXESSIVE_AVAILABLE_CAPACITY_UNTIL_PRICE_LIMIT_9999_€/MWh,1,4
2024-07-16 12:00:00,47.53,4.926363101505882,"(1, 0, 1)","(0, 0, 0, 7)",-27.324590291178446,EXESSIVE_AVAILABLE_CAPACITY_UNTIL_PRICE_LIMIT_9999_€/MWh,1,4
2024-07-17 12:00:00,30.06,8.560886366416526,"(1, 0, 1)","(0, 0, 0, 7)",-4.704116680103329,EXESSIVE_AVAILABLE_CAPACITY_UNTIL_PRICE_LIMIT_9999_€/MWh,1,4
2024-07-18 12:00:00,19.53,9.3003484458156,"(2, 0, 0)","(0, 0, 0, 7)",1.674396427534666,EXESSIVE_AVAILABLE_CAPACITY_UNTIL_PRICE_LIMIT_9999_€/MWh,1,4
2024-07-19 12:00:00,14.43,8.264341272560705,"(1, 0, 1)","(0, 0, 0, 7)",1.300670039087712,EXESSIVE_AVAILABLE_CAPACITY_UNTIL_PRICE_LIMIT_9999_€/MWh,1,4
2024-07-20 12:00:00,11.77,7.8652558356377025,"(2, 0, 0)","(0, 0, 0, 7)",1.350146358530207,EXESSIVE_AVAILABLE_CAPACITY_UNTIL_PRICE_LIMIT_9999_€/MWh,1,4
2024-07-21 12:00:00,9.76,5.768994921414334,"(2, 0, 0)","(0, 0, 0, 7)",1.1322966160126473,EXESSIVE_AVAILABLE_CAPACITY_UNTIL_PRICE_LIMIT_9999_€/MWh,1,4
2024-07-22 12:00:00,10.73,4.355377910519091,"(2, 0, 0)","(0, 0, 0, 7)",-0.13287460124971417,EXESSIVE_AVAILABLE_CAPACITY_UNTIL_PRICE_LIMIT_9999_€/MWh,1,4
2024-07-23 12:00:00,10.32,4.769501676402729,"(2, 0, 0)","(0, 0, 0, 7)",-0.5073971598984102,EXESSIVE_AVAILABLE_CAPACITY_UNTIL_PRICE_LIMIT_9999_€/MWh,1,4
2024-07-24 12:00:00,9.84,5.854398556682462,"(2, 0, 0)","(0, 0, 0, 7)",-0.3642509741958708,EXESSIVE_AVAILABLE_CAPACITY_UNTIL_PRICE_LIMIT_9999_€/MWh,1,4
2024-07-25 12:00:00,9.5,4.359907316053052,"(2, 0, 0)","(0, 0, 0, 7)",-0.2720474862342446,EXESSIVE_AVAILABLE_CAPACITY_UNTIL_PRICE_LIMIT_9999_€/MWh,1,4
2024-07-26 12:00:00,9.31,3.9637275970525088,"(2, 0, 0)","(0, 0, 0, 7)",-0.2106705127448425,EXESSIVE_AVAILABLE_CAPACITY_UNTIL_PRICE_LIMIT_9999_€/MWh,1,4
2024-07-27 12:00:00,8.66,4.943338413788182,"(2, 0, 0)","(0, 0, 0, 7)",-3.5621820338259855,EXESSIVE_AVAILABLE_CAPACITY_UNTIL_PRICE_LIMIT_9999_€/MWh,1,4
2024-07-28 12:00:00,8.02,6.366067922065113,"(2, 0, 0)","(0, 0, 0, 7)",-3.917697873566155,EXESSIVE_AVAILABLE_CAPACITY_UNTIL_PRICE_LIMIT_9999_€/MWh,1,4
2024-07-29 12:00:00,8.99,7.948271742264353,"(2, 0, 0)","(1, 0, 1, 7)",-3.5190388452900496,EXESSIVE_AVAILABLE_CAPACITY_UNTIL_PRICE_LIMIT_9999_€/MWh,1,4
2024-07-30 12:00:00,8.68,4.326407412575533,"(2, 0, 0)","(0, 0, 0, 7)",-3.5491914917088554,EXESSIVE_AVAILABLE_CAPACITY_UNTIL_PRICE_LIMIT_9999_€/MWh,1,4
2024-07-31 12:00:00,8.7,4.376625437449041,"(2, 0, 0)","(0, 0, 0, 7)",-5.138837343621828,EXESSIVE_AVAILABLE_CAPACITY_UNTIL_PRICE_LIMIT_9999_€/MWh,1,4
2024-08-01 12:00:00,9.31,3.692146383889186,"(2, 0, 0)","(0, 0, 0, 7)",-5.020534787536748,EXESSIVE_AVAILABLE_CAPACITY_UNTIL_PRICE_LIMIT_9999_€/MWh,1,4
2024-08-02 12:00:00,8.81,4.381849194033005,"(2, 0, 0)","(0, 0, 0, 7)",-5.040287068271031,EXESSIVE_AVAILABLE_CAPACITY_UNTIL_PRICE_LIMIT_9999_€/MWh,1,4
2024-08-03 12:00:00,8.77,5.280910398262973,"(2, 0, 0)","(0, 0, 0, 7)",-4.738730046774826,EXESSIVE_AVAILABLE_CAPACITY_UNTIL_PRICE_LIMIT_9999_€/MWh,1,4
2024-08-04 12:00:00,8.64,5.839519237198457,"(2, 0, 0)","(0, 0, 0, 7)",-4.712644419205349,EXESSIVE_AVAILABLE_CAPACITY_UNTIL_PRICE_LIMIT_9999_€/MWh,1,4
2024-08-05 12:00:00,9.95,3.247373632560093,"(2, 0, 0)","(0, 0, 0, 7)",-4.526690836330424,EXESSIVE_AVAILABLE_CAPACITY_UNTIL_PRICE_LIMIT_9999_€/MWh,1,4
2024-08-06 12:00:00,9.74,5.397298986520858,"(2, 0, 0)","(0, 0, 0, 7)",-4.461813184033568,EXESSIVE_AVAILABLE_CAPACITY_UNTIL_PRICE_LIMIT_9999_€/MWh,1,4
2024-08-07 12:00:00,10.98,3.5885468149456,"(2, 0, 0)","(0, 0, 0, 7)",-9.442812322461677,EXESSIVE_AVAILABLE_CAPACITY_UNTIL_PRICE_LIMIT_9999_€/MWh,1,4
2024-08-08 12:00:00,13.81,4.904656129492966,"(2, 0, 0)","(0, 0, 0, 7)",-9.487569525114232,EXESSIVE_AVAILABLE_CAPACITY_UNTIL_PRICE_LIMIT_9999_€/MWh,1,4
2024-08-09 12:00:00,12.2,8.753757749405795,"(2, 0, 0)","(0, 0, 0, 7)",-9.15792006329962,EXESSIVE_AVAILABLE_CAPACITY_UNTIL_PRICE_LIMIT_9999_€/MWh,1,4
2024-08-10 12:00:00,10.34,7.551836201938518,"(2, 0, 0)","(0, 0, 0, 7)",-8.844427689935205,EXESSIVE_AVAILABLE_CAPACITY_UNTIL_PRICE_LIMIT_9999_€/MWh,1,4
2024-08-11 12:00:00,9.46,5.598993195298042,"(2, 0, 0)","(0, 0, 0, 7)",-8.592820229452016,EXESSIVE_AVAILABLE_CAPACITY_UNTIL_PRICE_LIMIT_9999_€/MWh,1,4
2024-08-12 12:00:00,9.82,3.910535864644813,"(2, 0, 0)","(0, 0, 0, 7)",-8.500867286649928,EXESSIVE_AVAILABLE_CAPACITY_UNTIL_PRICE_LIMIT_9999_€/MWh,1,4
2024-08-13 12:00:00,10.18,4.50425684564554,"(2, 0, 0)","(0, 0, 0, 7)",-8.945428268515926,EXESSIVE_AVAILABLE_CAPACITY_UNTIL_PRICE_LIMIT_9999_€/MWh,1,4
2024-08-14 12:00:00,11.53,3.8116790140854566,"(2, 0, 0)","(0, 0, 0, 7)",-9.090428723858068,EXESSIVE_AVAILABLE_CAPACITY_UNTIL_PRICE_LIMIT_9999_€/MWh,1,4
2024-08-15 12:00:00,10.9,6.303804642680615,"(2, 0, 0)","(0, 0, 0, 7)",-9.01154662558913,EXESSIVE_AVAILABLE_CAPACITY_UNTIL_PRICE_LIMIT_9999_€/MWh,1,4
2024-08-16 12:00:00,9.37,4.260061201554983,"(2, 0, 0)","(0, 0, 0, 7)",-10.348163985132103,EXESSIVE_AVAILABLE_CAPACITY_UNTIL_PRICE_LIMIT_9999_€/MWh,1,4
2024-08-17 12:00:00,9.02,3.946161109081513,"(2, 0, 0)","(0, 0, 0, 7)",-11.571248245637403,EXESSIVE_AVAILABLE_CAPACITY_UNTIL_PRICE_LIMIT_9999_€/MWh,1,4
2024-08-18 12:00:00,8.38,3.445433847080633,"(2, 0, 0)","(0, 0, 0, 7)",-16.603411227930916,EXESSIVE_AVAILABLE_CAPACITY_UNTIL_PRICE_LIMIT_9999_€/MWh,1,4
2024-08-19 12:00:00,9.25,3.390801206587608,"(2, 0, 0)","(0, 0, 0, 7)",-17.111257098251592,EXESSIVE_AVAILABLE_CAPACITY_UNTIL_PRICE_LIMIT_9999_€/MWh,1,4
2024-08-20 12:00:00,9.0,7.027685492340004,"(1, 0, 0)","(1, 0, 1, 7)",-17.091040764548385,EXESSIVE_AVAILABLE_CAPACITY_UNTIL_PRICE_LIMIT_9999_€/MWh,1,4
2024-08-21 12:00:00,21.67,7.409081282985597,"(2, 0, 0)","(0, 0, 0, 7)",-16.871761519649176,EXESSIVE_AVAILABLE_CAPACITY_UNTIL_PRICE_LIMIT_9999_€/MWh,1,4
2024-08-22 12:00:00,19.61,12.228435331264226,"(1, 0, 0)","(1, 0, 1, 7)",-2.53314086682337,EXESSIVE_AVAILABLE_CAPACITY_UNTIL_PRICE_LIMIT_9999_€/MWh,1,4
2024-08-23 12:00:00,16.29,11.800188723701265,"(1, 0, 0)","(1, 0, 1, 7)",-3.443165206409171,EXESSIVE_AVAILABLE_CAPACITY_UNTIL_PRICE_LIMIT_9999_€/MWh,1,4
2024-08-24 12:00:00,12.87,9.509687331537231,"(1, 0, 0)","(1, 0, 1, 7)",-3.7813484462738955,EXESSIVE_AVAILABLE_CAPACITY_UNTIL_PRICE_LIMIT_9999_€/MWh,1,4
2024-08-25 12:00:00,11.34,7.948244747858315,"(1, 0, 0)","(1, 0, 1, 7)",-3.884063190130469,EXESSIVE_AVAILABLE_CAPACITY_UNTIL_PRICE_LIMIT_9999_€/MWh,1,4
2024-08-26 12:00:00,10.91,6.835543545600433,"(1, 0, 0)","(1, 0, 1, 7)",-4.048400655465867,EXESSIVE_AVAILABLE_CAPACITY_UNTIL_PRICE_LIMIT_9999_€/MWh,1,4
2024-08-27 12:00:00,10.34,7.1806641881955775,"(1, 0, 0)","(1, 0, 1, 7)",-3.8123504354531157,EXESSIVE_AVAILABLE_CAPACITY_UNTIL_PRICE_LIMIT_9999_€/MWh,1,4
2024-08-28 12:00:00,9.94,5.301814265622849,"(2, 0, 0)","(0, 0, 0, 7)",-4.281656445636667,EXESSIVE_AVAILABLE_CAPACITY_UNTIL_PRICE_LIMIT_9999_€/MWh,1,4
2024-08-29 12:00:00,10.44,4.5529343971736,"(2, 0, 0)","(0, 0, 0, 7)",-4.489258828393888,EXESSIVE_AVAILABLE_CAPACITY_UNTIL_PRICE_LIMIT_9999_€/MWh,1,4
2024-08-30 12:00:00,10.68,3.992015539971622,"(2, 0, 0)","(0, 0, 0, 7)",-4.624064147941411,EXESSIVE_AVAILABLE_CAPACITY_UNTIL_PRICE_LIMIT_9999_€/MWh,1,4
2024-08-31 12:00:00,9.7,8.507984468604505,"(2, 0, 0)","(0, 0, 0, 7)",-5.033699175246079,EXESSIVE_AVAILABLE_CAPACITY_UNTIL_PRICE_LIMIT_9999_€/MWh,1,4
2024-09-01 12:00:00,8.76,6.658593865788988,"(2, 0, 0)","(0, 0, 0, 7)",-4.796716494994971,EXESSIVE_AVAILABLE_CAPACITY_UNTIL_PRICE_LIMIT_9999_€/MWh,1,4
2024-09-02 12:00:00,9.61,2.4495241478676664,"(2, 0, 0)","(0, 0, 0, 7)",-6.24525586791108,EXESSIVE_AVAILABLE_CAPACITY_UNTIL_PRICE_LIMIT_9999_€/MWh,1,4
2024-09-03 12:00:00,9.79,6.413440404413355,"(2, 0, 0)","(1, 0, 0, 7)",-33.40642801910205,EXESSIVE_AVAILABLE_CAPACITY_UNTIL_PRICE_LIMIT_9999_€/MWh,1,4
2024-09-04 12:00:00,13.84,5.048812914439804,"(1, 0, 0)","(1, 0, 1, 7)",-42.87912908423475,EXESSIVE_AVAILABLE_CAPACITY_UNTIL_PRICE_LIMIT_9999_€/MWh,1,4
2024-09-05 12:00:00,12.12,13.039241304577656,"(1, 0, 1)","(1, 0, 1, 7)",-48.63211714032797,EXESSIVE_AVAILABLE_CAPACITY_UNTIL_PRICE_LIMIT_9999_€/MWh,1,4
2024-09-06 12:00:00,10.7,5.991100224473981,"(1, 0, 0)","(1, 0, 1, 7)",-52.12247114287826,EXESSIVE_AVAILABLE_CAPACITY_UNTIL_PRICE_LIMIT_9999_€/MWh,1,4
2024-09-07 12:00:00,9.74,5.968198671905036,"(1, 0, 0)","(1, 0, 1, 7)",-54.45840979249117,EXESSIVE_AVAILABLE_CAPACITY_UNTIL_PRICE_LIMIT_9999_€/MWh,1,4
2024-09-08 12:00:00,8.73,6.540430104359474,"(2, 0, 0)","(2, 0, 0, 7)",-57.24736656655044,EXESSIVE_AVAILABLE_CAPACITY_UNTIL_PRICE_LIMIT_9999_€/MWh,1,4
2024-09-09 12:00:00,9.5,6.605762370765369,"(1, 0, 0)","(2, 0, 1, 7)",-56.72967920876374,EXESSIVE_AVAILABLE_CAPACITY_UNTIL_PRICE_LIMIT_9999_€/MWh,1,4
2024-09-10 12:00:00,9.15,7.0958620517870035,"(1, 0, 0)","(1, 0, 1, 7)",-58.42465677753164,EXESSIVE_AVAILABLE_CAPACITY_UNTIL_PRICE_LIMIT_9999_€/MWh,1,4
2024-09-11 12:00:00,8.86,5.613811019441231,"(1, 0, 0)","(1, 0, 2, 7)",-58.61622549554171,EXESSIVE_AVAILABLE_CAPACITY_UNTIL_PRICE_LIMIT_9999_€/MWh,1,4
2024-09-12 12:00:00,9.41,5.292033102925995,"(1, 0, 0)","(1, 0, 1, 7)",-57.29540822937493,EXESSIVE_AVAILABLE_CAPACITY_UNTIL_PRICE_LIMIT_9999_€/MWh,1,4
2024-09-13 12:00:00,9.3,6.81533489508229,"(1, 0, 0)","(2, 0, 1, 7)",-70.3136705794363,EXESSIVE_AVAILABLE_CAPACITY_UNTIL_PRICE_LIMIT_9999_€/MWh,1,4
2024-09-14 12:00:00,8.64,6.45648879656052,"(1, 0, 0)","(1, 0, 1, 7)",-72.67199943372475,EXESSIVE_AVAILABLE_CAPACITY_UNTIL_PRICE_LIMIT_9999_€/MWh,1,4
2024-09-15 12:00:00,7.99,5.580627722774267,"(1, 0, 0)","(1, 0, 1, 7)",-74.26691334446562,EXESSIVE_AVAILABLE_CAPACITY_UNTIL_PRICE_LIMIT_9999_€/MWh,1,4
2024-09-16 12:00:00,9.04,4.791459765584421,"(1, 0, 0)","(1, 0, 1, 7)",-74.83588515971825,EXESSIVE_AVAILABLE_CAPACITY_UNTIL_PRICE_LIMIT_9999_€/MWh,1,4
2024-09-17 12:00:00,49.49,4.899804438734513,"(3, 0, 0)","(0, 0, 0, 7)",-76.39489414367232,EXESSIVE_AVAILABLE_CAPACITY_UNTIL_PRICE_LIMIT_9999_€/MWh,1,4
2024-09-18 12:00:00,21.03,9.259584124660911,"(2, 0, 0)","(0, 0, 0, 7)",-49.30055385620305,EXESSIVE_AVAILABLE_CAPACITY_UNTIL_PRICE_LIMIT_9999_€/MWh,1,4
2024-09-19 12:00:00,16.01,7.566820931032803,"(2, 0, 0)","(0, 0, 0, 7)",-54.573114179528396,EXESSIVE_AVAILABLE_CAPACITY_UNTIL_PRICE_LIMIT_9999_€/MWh,1,4
2024-09-20 12:00:00,13.19,7.769489496348651,"(2, 0, 0)","(0, 0, 0, 7)",-67.31133920830771,EXESSIVE_AVAILABLE_CAPACITY_UNTIL_PRICE_LIMIT_9999_€/MWh,1,4
2024-09-21 12:00:00,10.95,8.030434158793717,"(2, 0, 0)","(2, 0, 1, 7)",-66.02801537605731,EXESSIVE_AVAILABLE_CAPACITY_UNTIL_PRICE_LIMIT_9999_€/MWh,1,4
2024-09-22 12:00:00,9.54,4.968453619294623,"(2, 0, 0)","(0, 0, 0, 7)",-70.4907779259862,EXESSIVE_AVAILABLE_CAPACITY_UNTIL_PRICE_LIMIT_9999_€/MWh,1,4
2024-09-23 12:00:00,9.72,1.5421691337884145,"(3, 0, 0)","(0, 0, 0, 7)",-71.35188846805625,EXESSIVE_AVAILABLE_CAPACITY_UNTIL_PRICE_LIMIT_9999_€/MWh,1,4
2024-09-24 12:00:00,9.44,4.3458310105043125,"(2, 0, 0)","(0, 0, 0, 7)",-71.33979991366107,EXESSIVE_AVAILABLE_CAPACITY_UNTIL_PRICE_LIMIT_9999_€/MWh,1,4
2024-09-25 12:00:00,9.2,4.76527990803251,"(3, 0, 0)","(0, 0, 0, 7)",-71.31735888417751,EXESSIVE_AVAILABLE_CAPACITY_UNTIL_PRICE_LIMIT_9999_€/MWh,1,4
2024-09-26 12:00:00,9.09,5.233286150314164,"(2, 0, 0)","(0, 0, 0, 7)",-71.1116568275062,EXESSIVE_AVAILABLE_CAPACITY_UNTIL_PRICE_LIMIT_9999_€/MWh,1,4
2024-09-27 12:00:00,8.72,8.889018417642731,"(2, 0, 0)","(0, 0, 0, 7)",-70.97129300275155,EXESSIVE_AVAILABLE_CAPACITY_UNTIL_PRICE_LIMIT_9999_€/MWh,1,4
2024-09-28 12:00:00,8.24,3.9616726463000065,"(2, 0, 0)","(0, 0, 0, 7)",-70.56858257479011,EXESSIVE_AVAILABLE_CAPACITY_UNTIL_PRICE_LIMIT_9999_€/MWh,1,4
2024-09-29 12:00:00,7.87,3.8687352114047884,"(0, 0, 3)","(0, 0, 0, 7)",-68.2574706184704,EXESSIVE_AVAILABLE_CAPACITY_UNTIL_PRICE_LIMIT_9999_€/MWh,1,4
2024-09-30 12:00:00,8.33,3.6073966945213964,"(0, 0, 3)","(0, 0, 0, 7)",-67.77083164957709,EXESSIVE_AVAILABLE_CAPACITY_UNTIL_PRICE_LIMIT_9999_€/MWh,1,4
2024-10-01 12:00:00,8.85,1.9925213106472688,"(0, 0, 3)","(0, 0, 0, 7)",-67.89779775918302,EXESSIVE_AVAILABLE_CAPACITY_UNTIL_PRICE_LIMIT_9999_€/MWh,1,4
2024-10-02 12:00:00,8.93,1.5279048773577413,"(0, 0, 3)","(0, 0, 0, 7)",-67.82782575499405,EXESSIVE_AVAILABLE_CAPACITY_UNTIL_PRICE_LIMIT_9999_€/MWh,1,4
2024-10-03 12:00:00,8.3,7.47871136923814,"(0, 0, 3)","(0, 0, 0, 7)",-67.62815437037591,EXESSIVE_AVAILABLE_CAPACITY_UNTIL_PRICE_LIMIT_9999_€/MWh,1,4
2024-10-04 12:00:00,8.13,1.7336905661814066,"(2, 0, 0)","(0, 0, 0, 7)",-68.71366237289534,EXESSIVE_AVAILABLE_CAPACITY_UNTIL_PRICE_LIMIT_9999_€/MWh,1,4
2024-10-05 12:00:00,7.67,3.5269333160085004,"(2, 0, 0)","(0, 0, 2, 7)",-67.56463991810602,EXESSIVE_AVAILABLE_CAPACITY_UNTIL_PRICE_LIMIT_9999_€/MWh,1,4
2024-10-06 12:00:00,7.04,6.087515798605294,"(2, 0, 0)","(2, 0, 0, 7)",-66.91260713700925,EXESSIVE_AVAILABLE_CAPACITY_UNTIL_PRICE_LIMIT_9999_€/MWh,1,4
2024-10-07 12:00:00,7.6,4.53855529155563,"(1, 0, 0)","(1, 0, 1, 7)",-63.32680214484955,EXESSIVE_AVAILABLE_CAPACITY_UNTIL_PRICE_LIMIT_9999_€/MWh,1,4
2024-10-08 12:00:00,7.64,4.7692138258109384,"(1, 0, 0)","(1, 0, 1, 7)",-64.1172040517717,EXESSIVE_AVAILABLE_CAPACITY_UNTIL_PRICE_LIMIT_9999_€/MWh,1,4
2024-10-09 12:00:00,7.77,4.179958228829285,"(2, 0, 0)","(0, 0, 0, 7)",-67.91247919426586,EXESSIVE_AVAILABLE_CAPACITY_UNTIL_PRICE_LIMIT_9999_€/MWh,1,4
2024-10-10 12:00:00,13.01,12.969113676104936,"(1, 0, 2)","(0, 0, 0, 7)",-66.17673996444802,EXESSIVE_AVAILABLE_CAPACITY_UNTIL_PRICE_LIMIT_9999_€/MWh,1,4
2024-10-11 12:00:00,11.47,2.66055127785151,"(0, 0, 3)","(0, 0, 0, 7)",-59.234685963538965,EXESSIVE_AVAILABLE_CAPACITY_UNTIL_PRICE_LIMIT_9999_€/MWh,1,4
2024-10-12 12:00:00,9.35,6.03917402352607,"(2, 0, 0)","(0, 0, 0, 7)",-59.8305029592221,EXESSIVE_AVAILABLE_CAPACITY_UNTIL_PRICE_LIMIT_9999_€/MWh,1,4
2024-10-13 12:00:00,7.96,9.901669196916327,"(2, 0, 0)","(0, 0, 0, 7)",-59.29483470022976,EXESSIVE_AVAILABLE_CAPACITY_UNTIL_PRICE_LIMIT_9999_€/MWh,1,4
2024-10-14 12:00:00,23.58,1.1580725702307186,"(2, 0, 0)","(0, 0, 0, 7)",-58.68793330500377,EXESSIVE_AVAILABLE_CAPACITY_UNTIL_PRICE_LIMIT_9999_€/MWh,1,4
2024-10-15 12:00:00,24.16,5.85145810781308,"(2, 0, 0)","(0, 0, 0, 7)",-26.52493911902708,EXESSIVE_AVAILABLE_CAPACITY_UNTIL_PRICE_LIMIT_9999_€/MWh,1,4
2024-10-16 12:00:00,16.91,10.73220749294939,"(2, 0, 0)","(0, 0, 0, 7)",-29.901297486109556,EXESSIVE_AVAILABLE_CAPACITY_UNTIL_PRICE_LIMIT_9999_€/MWh,1,4
2024-10-17 12:00:00,13.88,1.8281400468099975,"(0, 0, 2)","(0, 0, 0, 7)",-39.30243477368655,EXESSIVE_AVAILABLE_CAPACITY_UNTIL_PRICE_LIMIT_9999_€/MWh,1,4
2024-10-18 12:00:00,12.24,1.8329448431961042,"(0, 0, 2)","(0, 0, 0, 7)",-48.367773535882954,EXESSIVE_AVAILABLE_CAPACITY_UNTIL_PRICE_LIMIT_9999_€/MWh,1,4
2024-10-19 12:00:00,10.08,3.704890309019182,"(0, 0, 2)","(0, 0, 0, 7)",-52.64924773956943,EXESSIVE_AVAILABLE_CAPACITY_UNTIL_PRICE_LIMIT_9999_€/MWh,1,4
2024-10-20 12:00:00,8.52,5.100163527937375,"(0, 0, 2)","(0, 0, 0, 7)",-53.90401270417304,EXESSIVE_AVAILABLE_CAPACITY_UNTIL_PRICE_LIMIT_9999_€/MWh,1,4
2024-10-21 12:00:00,10.1,3.188254010822864,"(2, 0, 0)","(0, 0, 0, 7)",-53.51719476756741,EXESSIVE_AVAILABLE_CAPACITY_UNTIL_PRICE_LIMIT_9999_€/MWh,1,4
2024-10-22 12:00:00,9.69,2.5087415687315127,"(0, 0, 2)","(0, 0, 0, 7)",-54.53968781101563,EXESSIVE_AVAILABLE_CAPACITY_UNTIL_PRICE_LIMIT_9999_€/MWh,1,4
2024-10-23 12:00:00,16.78,4.018926212010438,"(2, 0, 0)","(0, 0, 0, 7)",-52.87345103578195,EXESSIVE_AVAILABLE_CAPACITY_UNTIL_PRICE_LIMIT_9999_€/MWh,1,4
2024-10-24 12:00:00,14.34,3.5276211395938475,"(0, 0, 2)","(0, 0, 0, 7)",-45.290883177770155,EXESSIVE_AVAILABLE_CAPACITY_UNTIL_PRICE_LIMIT_9999_€/MWh,1,4
2024-10-25 12:00:00,11.36,6.423258522272411,"(2, 0, 0)","(0, 0, 0, 7)",-43.57177062618329,EXESSIVE_AVAILABLE_CAPACITY_UNTIL_PRICE_LIMIT_9999_€/MWh,1,4
2024-10-26 12:00:00,9.67,3.566315015184348,"(0, 0, 2)","(0, 0, 0, 7)",-45.07882058803264,EXESSIVE_AVAILABLE_CAPACITY_UNTIL_PRICE_LIMIT_9999_€/MWh,1,4
2024-10-27 12:00:00,8.08,3.3651620399473225,"(0, 0, 2)","(0, 0, 0, 7)",-45.060807914685945,EXESSIVE_AVAILABLE_CAPACITY_UNTIL_PRICE_LIMIT_9999_€/MWh,1,4
2024-10-28 12:00:00,8.34,4.262624119840201,"(2, 0, 0)","(0, 0, 0, 7)",-42.5444961945683,EXESSIVE_AVAILABLE_CAPACITY_UNTIL_PRICE_LIMIT_9999_€/MWh,1,4
2024-10-29 12:00:00,8.33,4.276736804752002,"(2, 0, 0)","(0, 0, 0, 7)",-43.50613879857685,EXESSIVE_AVAILABLE_CAPACITY_UNTIL_PRICE_LIMIT_9999_€/MWh,1,4
2024-10-30 12:00:00,8.02,4.895866405648556,"(2, 0, 0)","(0, 0, 0, 7)",-43.25173065111588,EXESSIVE_AVAILABLE_CAPACITY_UNTIL_PRICE_LIMIT_9999_€/MWh,1,4
2024-10-31 12:00:00,7.34,4.942612217874812,"(2, 0, 0)","(0, 0, 0, 7)",-42.86525587271103,EXESSIVE_AVAILABLE_CAPACITY_UNTIL_PRICE_LIMIT_9999_€/MWh,1,4
2024-11-01 12:00:00,6.32,6.930807231528486,"(1, 0, 0)","(1, 0, 1, 7)",-41.464327693947034,EXESSIVE_AVAILABLE_CAPACITY_UNTIL_PRICE_LIMIT_9999_€/MWh,1,4
2024-11-02 12:00:00,5.92,1.2776518009290994,"(0, 0, 2)","(0, 0, 0, 7)",-40.88428145655397,EXESSIVE_AVAILABLE_CAPACITY_UNTIL_PRICE_LIMIT_9999_€/MWh,1,4
2024-11-03 12:00:00,5.53,6.079596300222902,"(2, 0, 0)","(1, 0, 1, 7)",-40.19103539566158,EXESSIVE_AVAILABLE_CAPACITY_UNTIL_PRICE_LIMIT_9999_€/MWh,1,4
2024-11-04 12:00:00,6.87,8.968166433292724,"(1, 0, 0)","(1, 0, 1, 7)",-39.67369526037979,EXESSIVE_AVAILABLE_CAPACITY_UNTIL_PRICE_LIMIT_9999_€/MWh,1,4
2024-11-05 12:00:00,160.71,8.902370005056154,"(2, 0, 0)","(1, 0, 1, 7)",-39.43399314170518,EXESSIVE_AVAILABLE_CAPACITY_UNTIL_PRICE_LIMIT_9999_€/MWh,1,4
2024-11-06 12:00:00,47.69,1.9650170477574775,"(0, 0, 2)","(0, 0, 0, 7)",-11.817276728469388,EXESSIVE_AVAILABLE_CAPACITY_UNTIL_PRICE_LIMIT_9999_€/MWh,1,4
2024-11-07 12:00:00,28.83,2.4202945749840397,"(0, 0, 2)","(0, 0, 0, 7)",-5.180692280221418,EXESSIVE_AVAILABLE_CAPACITY_UNTIL_PRICE_LIMIT_9999_€/MWh,1,4
2024-11-08 12:00:00,16.81,3.9749842536532536,"(0, 0, 2)","(0, 0, 0, 7)",2.98848616088159,EXESSIVE_AVAILABLE_CAPACITY_UNTIL_PRICE_LIMIT_9999_€/MWh,1,4
2024-11-09 12:00:00,12.4,15.211868917609756,"(1, 0, 0)","(1, 0, 1, 7)",5.282764845448786,EXESSIVE_AVAILABLE_CAPACITY_UNTIL_PRICE_LIMIT_9999_€/MWh,1,4
2024-11-10 12:00:00,8.04,9.70906649726131,"(2, 0, 0)","(0, 0, 0, 7)",2.055720410758826,EXESSIVE_AVAILABLE_CAPACITY_UNTIL_PRICE_LIMIT_9999_€/MWh,1,4
2024-11-11 12:00:00,7.33,7.234504772403118,"(2, 0, 0)","(0, 0, 0, 7)",3.385802571541049,EXESSIVE_AVAILABLE_CAPACITY_UNTIL_PRICE_LIMIT_9999_€/MWh,1,4
2024-11-12 12:00:00,9.67,1.9329966331764805,"(0, 0, 2)","(0, 0, 0, 7)",4.18892134609292,EXESSIVE_AVAILABLE_CAPACITY_UNTIL_PRICE_LIMIT_9999_€/MWh,1,4
2024-11-13 12:00:00,10.54,7.447250286820702,"(2, 0, 0)","(0, 0, 0, 7)",3.8558726019535507,EXESSIVE_AVAILABLE_CAPACITY_UNTIL_PRICE_LIMIT_9999_€/MWh,1,4
2024-11-14 12:00:00,9.49,7.865862650589373,"(2, 0, 0)","(0, 0, 0, 7)",3.6899603673428727,EXESSIVE_AVAILABLE_CAPACITY_UNTIL_PRICE_LIMIT_9999_€/MWh,1,4
2024-11-15 12:00:00,8.64,9.058709808572177,"(1, 0, 0)","(1, 0, 1, 7)",7.893393237127093,EXESSIVE_AVAILABLE_CAPACITY_UNTIL_PRICE_LIMIT_9999_€/MWh,1,4
2024-11-16 12:00:00,6.88,3.8855202690331705,"(0, 0, 2)","(0, 0, 0, 7)",4.615067617649231,EXESSIVE_AVAILABLE_CAPACITY_UNTIL_PRICE_LIMIT_9999_€/MWh,1,4
2024-11-17 12:00:00,5.79,3.309883813521755,"(0, 0, 2)","(0, 0, 0, 7)",6.165534713956647,EXESSIVE_AVAILABLE_CAPACITY_UNTIL_PRICE_LIMIT_9999_€/MWh,1,4
2024-11-18 12:00:00,6.98,2.1196907003463026,"(0, 0, 2)","(0, 0, 0, 7)",7.484255252124337,EXESSIVE_AVAILABLE_CAPACITY_UNTIL_PRICE_LIMIT_9999_€/MWh,1,4
2024-11-19 12:00:00,7.25,2.734731734535203,"(0, 0, 2)","(0, 0, 0, 7)",7.156471382286598,EXESSIVE_AVAILABLE_CAPACITY_UNTIL_PRICE_LIMIT_9999_€/MWh,1,4
2024-11-20 12:00:00,7.16,5.559873670436141,"(2, 0, 0)","(0, 0, 0, 7)",5.683280343766619,EXESSIVE_AVAILABLE_CAPACITY_UNTIL_PRICE_LIMIT_9999_€/MWh,1,4
2024-11-21 12:00:00,7.08,6.341620036906413,"(2, 0, 0)","(0, 0, 0, 7)",-0.9507002725609759,EXESSIVE_AVAILABLE_CAPACITY_UNTIL_PRICE_LIMIT_9999_€/MWh,1,4
2024-11-22 12:00:00,6.73,3.0551967750029014,"(0, 0, 2)","(0, 0, 0, 7)",-0.15070224228095874,EXESSIVE_AVAILABLE_CAPACITY_UNTIL_PRICE_LIMIT_9999_€/MWh,1,4
2024-11-23 12:00:00,5.76,2.7412619488183756,"(0, 0, 2)","(0, 0, 0, 7)",-1.1132392170632652,EXESSIVE_AVAILABLE_CAPACITY_UNTIL_PRICE_LIMIT_9999_€/MWh,1,4
2024-11-24 12:00:00,4.75,3.7604554906307848,"(2, 0, 0)","(0, 0, 0, 7)",-3.11370854817382,EXESSIVE_AVAILABLE_CAPACITY_UNTIL_PRICE_LIMIT_9999_€/MWh,1,4
2024-11-25 12:00:00,7.15,4.7888269712228375,"(2, 0, 0)","(0, 0, 0, 7)",-1.4264240674219906,EXESSIVE_AVAILABLE_CAPACITY_UNTIL_PRICE_LIMIT_9999_€/MWh,1,4
2024-11-26 12:00:00,25.07,8.888130155087547,"(2, 0, 0)","(1, 0, 1, 7)",-1.4722178129995775,EXESSIVE_AVAILABLE_CAPACITY_UNTIL_PRICE_LIMIT_9999_€/MWh,1,4
2024-11-27 12:00:00,24.43,21.410548878969294,"(2, 0, 0)","(1, 0, 1, 7)",16.72667350090054,EXESSIVE_AVAILABLE_CAPACITY_UNTIL_PRICE_LIMIT_9999_€/MWh,1,4
2024-11-28 12:00:00,20.0,18.96376679889854,"(2, 0, 0)","(1, 0, 1, 7)",17.325312454067607,EXESSIVE_AVAILABLE_CAPACITY_UNTIL_PRICE_LIMIT_9999_€/MWh,1,4
2024-11-29 12:00:00,15.28,15.458977581604364,"(3, 0, 3)","(0, 0, 0, 7)",18.43875041682826,EXESSIVE_AVAILABLE_CAPACITY_UNTIL_PRICE_LIMIT_9999_€/MWh,1,4
2024-11-30 12:00:00,10.61,10.920303801976337,"(2, 0, 0)","(1, 0, 1, 7)",17.43956744407953,EXESSIVE_AVAILABLE_CAPACITY_UNTIL_PRICE_LIMIT_9999_€/MWh,1,4
2024-12-01 12:00:00,8.66,13.117326415069728,"(2, 0, 2)","(0, 0, 1, 7)",20.853233604765386,EXESSIVE_AVAILABLE_CAPACITY_UNTIL_PRICE_LIMIT_9999_€/MWh,1,4
2024-12-02 12:00:00,9.49,10.104262659688374,"(2, 0, 0)","(1, 0, 1, 7)",18.595935704050255,EXESSIVE_AVAILABLE_CAPACITY_UNTIL_PRICE_LIMIT_9999_€/MWh,1,4
2024-12-03 12:00:00,10.92,21.815625187250024,"(2, 0, 0)","(1, 0, 2, 7)",17.927978734778065,EXESSIVE_AVAILABLE_CAPACITY_UNTIL_PRICE_LIMIT_9999_€/MWh,1,4
2024-12-04 12:00:00,33.27,13.305009556438987,"(2, 0, 2)","(0, 0, 1, 7)",19.21409060058797,EXESSIVE_AVAILABLE_CAPACITY_UNTIL_PRICE_LIMIT_9999_€/MWh,1,4
2024-12-05 12:00:00,21.48,17.78591327007395,"(2, 0, 0)","(1, 0, 1, 7)",34.4836177779583,EXESSIVE_AVAILABLE_CAPACITY_UNTIL_PRICE_LIMIT_9999_€/MWh,1,4
2024-12-06 12:00:00,14.67,13.662632263682296,"(2, 0, 0)","(1, 0, 2, 7)",35.6073065531481,EXESSIVE_AVAILABLE_CAPACITY_UNTIL_PRICE_LIMIT_9999_€/MWh,1,4
2024-12-07 12:00:00,10.93,3.4610520241313942,"(0, 0, 2)","(0, 0, 0, 7)",38.155526825567904,EXESSIVE_AVAILABLE_CAPACITY_UNTIL_PRICE_LIMIT_9999_€/MWh,1,4
2024-12-08 12:00:00,8.86,4.036863846942608,"(0, 0, 2)","(0, 0, 0, 7)",38.130593921075565,EXESSIVE_AVAILABLE_CAPACITY_UNTIL_PRICE_LIMIT_9999_€/MWh,1,4
2024-12-09 12:00:00,8.91,8.389984950515181,"(2, 0, 0)","(1, 0, 2, 7)",35.44367934987829,EXESSIVE_AVAILABLE_CAPACITY_UNTIL_PRICE_LIMIT_9999_€/MWh,1,4
2024-12-10 12:00:00,11.25,9.433450676625274,"(2, 0, 0)","(1, 0, 2, 7)",35.445215846357065,EXESSIVE_AVAILABLE_CAPACITY_UNTIL_PRICE_LIMIT_9999_€/MWh,1,4
2024-12-11 12:00:00,36.74,17.27873601266683,"(1, 0, 1)","(1, 0, 1, 7)",36.29525778870668,EXESSIVE_AVAILABLE_CAPACITY_UNTIL_PRICE_LIMIT_9999_€/MWh,1,4
2024-12-12 12:00:00,55.97,27.93843296069494,"(1, 0, 0)","(1, 0, 1, 7)",56.43851104609516,EXESSIVE_AVAILABLE_CAPACITY_UNTIL_PRICE_LIMIT_9999_€/MWh,1,4
2024-12-13 12:00:00,38.26,23.371802051593303,"(2, 0, 0)","(1, 0, 1, 7)",66.86410473152146,EXESSIVE_AVAILABLE_CAPACITY_UNTIL_PRICE_LIMIT_9999_€/MWh,1,4
2024-12-14 12:00:00,20.88,22.55762116395325,"(2, 0, 0)","(0, 0, 1, 7)",73.39725400651544,EXESSIVE_AVAILABLE_CAPACITY_UNTIL_PRICE_LIMIT_9999_€/MWh,1,4
2024-12-15 12:00:00,13.23,14.108655177961955,"(2, 0, 0)","(0, 0, 1, 7)",73.48556947576716,EXESSIVE_AVAILABLE_CAPACITY_UNTIL_PRICE_LIMIT_9999_€/MWh,1,4
2024-12-16 12:00:00,11.02,13.558606180240014,"(2, 0, 0)","(0, 0, 1, 7)",72.99078866971203,EXESSIVE_AVAILABLE_CAPACITY_UNTIL_PRICE_LIMIT_9999_€/MWh,1,4
2024-12-17 12:00:00,13.63,12.779168178163102,"(2, 0, 0)","(0, 0, 1, 7)",60.22392493786015,EXESSIVE_AVAILABLE_CAPACITY_UNTIL_PRICE_LIMIT_9999_€/MWh,1,4
2024-12-18 12:00:00,11.56,10.548396800342449,"(2, 0, 0)","(0, 0, 1, 7)",52.59915884058516,EXESSIVE_AVAILABLE_CAPACITY_UNTIL_PRICE_LIMIT_9999_€/MWh,1,4
2024-12-19 12:00:00,10.61,11.62529973375306,"(2, 0, 0)","(0, 0, 2, 7)",52.33831442856363,EXESSIVE_AVAILABLE_CAPACITY_UNTIL_PRICE_LIMIT_9999_€/MWh,1,4
2024-12-20 12:00:00,10.43,11.126422306430989,"(2, 0, 0)","(0, 0, 1, 7)",52.12893597554635,EXESSIVE_AVAILABLE_CAPACITY_UNTIL_PRICE_LIMIT_9999_€/MWh,1,4
2024-12-21 12:00:00,8.89,7.672573106240535,"(2, 0, 0)","(2, 0, 1, 7)",51.23906695755709,EXESSIVE_AVAILABLE_CAPACITY_UNTIL_PRICE_LIMIT_9999_€/MWh,1,4
2024-12-22 12:00:00,7.28,7.4847071726617616,"(1, 0, 0)","(1, 0, 1, 7)",56.8354703747996,EXESSIVE_AVAILABLE_CAPACITY_UNTIL_PRICE_LIMIT_9999_€/MWh,1,4
2024-12-23 12:00:00,6.88,6.705174136077855,"(2, 0, 0)","(0, 0, 1, 7)",52.56287995702212,EXESSIVE_AVAILABLE_CAPACITY_UNTIL_PRICE_LIMIT_9999_€/MWh,1,4
2024-12-24 12:00:00,7.16,8.140486935211527,"(2, 0, 0)","(0, 0, 1, 7)",52.76625226016973,EXESSIVE_AVAILABLE_CAPACITY_UNTIL_PRICE_LIMIT_9999_€/MWh,1,4
2024-12-25 12:00:00,6.78,6.099440140466347,"(2, 0, 0)","(0, 0, 1, 7)",53.00080919418197,EXESSIVE_AVAILABLE_CAPACITY_UNTIL_PRICE_LIMIT_9999_€/MWh,1,4
2024-12-26 12:00:00,6.18,6.101070757533786,"(2, 0, 0)","(0, 0, 2, 7)",52.94873380023704,EXESSIVE_AVAILABLE_CAPACITY_UNTIL_PRICE_LIMIT_9999_€/MWh,1,4
2024-12-27 12:00:00,6.06,6.7067387832866086,"(2, 0, 0)","(0, 0, 2, 7)",53.293073102298,EXESSIVE_AVAILABLE_CAPACITY_UNTIL_PRICE_LIMIT_9999_€/MWh,1,4
2024-12-28 12:00:00,5.64,5.974066631853711,"(2, 0, 0)","(0, 0, 2, 7)",53.34564672400666,EXESSIVE_AVAILABLE_CAPACITY_UNTIL_PRICE_LIMIT_9999_€/MWh,1,4
2024-12-29 12:00:00,5.09,4.082992733932179,"(2, 0, 0)","(0, 0, 2, 7)",53.904310626027886,EXESSIVE_AVAILABLE_CAPACITY_UNTIL_PRICE_LIMIT_9999_€/MWh,1,4
2024-12-30 12:00:00,4.98,4.408092762231291,"(2, 0, 0)","(0, 0, 2, 7)",53.618100471578195,EXESSIVE_AVAILABLE_CAPACITY_UNTIL_PRICE_LIMIT_9999_€/MWh,1,4
2024-12-31 12:00:00,4.47,4.603722154413575,"(1, 0, 2)","(0, 0, 2, 7)",56.05403168055513,EXESSIVE_AVAILABLE_CAPACITY_UNTIL_PRICE_LIMIT_9999_€/MWh,1,4
2025-01-01 12:00:00,3.84,2.682384492708021,"(2, 0, 0)","(0, 0, 2, 7)",54.280645138498414,EXESSIVE_AVAILABLE_CAPACITY_UNTIL_PRICE_LIMIT_9999_€/MWh,1,4
2025-01-02 12:00:00,4.99,5.331266494368164,"(2, 0, 0)","(0, 0, 2, 7)",56.11508355024033,EXESSIVE_AVAILABLE_CAPACITY_UNTIL_PRICE_LIMIT_9999_€/MWh,1,4
2025-01-03 12:00:00,4.98,3.435855561421212,"(2, 0, 0)","(0, 0, 2, 7)",55.75712169611162,EXESSIVE_AVAILABLE_CAPACITY_UNTIL_PRICE_LIMIT_9999_€/MWh,1,4
2025-01-04 12:00:00,5.06,6.276120043497085,"(2, 0, 0)","(1, 0, 1, 7)",54.05846841090337,EXESSIVE_AVAILABLE_CAPACITY_UNTIL_PRICE_LIMIT_9999_€/MWh,1,4
2025-01-05 12:00:00,4.63,3.698517608669358,"(2, 0, 0)","(0, 0, 2, 7)",56.879397962354616,EXESSIVE_AVAILABLE_CAPACITY_UNTIL_PRICE_LIMIT_9999_€/MWh,1,4
2025-01-06 12:00:00,4.46,3.8866283906071284,"(1, 0, 0)","(2, 0, 2, 7)",60.13450914365793,EXESSIVE_AVAILABLE_CAPACITY_UNTIL_PRICE_LIMIT_9999_€/MWh,1,4
2025-01-07 12:00:00,4.66,4.859068242208562,"(2, 0, 0)","(0, 0, 1, 7)",57.531411438502964,EXESSIVE_AVAILABLE_CAPACITY_UNTIL_PRICE_LIMIT_9999_€/MWh,1,4
2025-01-08 12:00:00,6.03,5.892594146000753,"(2, 0, 0)","(0, 0, 1, 7)",57.49196206023616,EXESSIVE_AVAILABLE_CAPACITY_UNTIL_PRICE_LIMIT_9999_€/MWh,1,4
2025-01-09 12:00:00,8.76,5.80645373792013,"(2, 0, 0)","(0, 0, 2, 7)",57.458737689522025,EXESSIVE_AVAILABLE_CAPACITY_UNTIL_PRICE_LIMIT_9999_€/MWh,1,4
2025-01-10 12:00:00,7.36,8.595297410240438,"(2, 0, 0)","(0, 0, 1, 7)",54.73268553071932,EXESSIVE_AVAILABLE_CAPACITY_UNTIL_PRICE_LIMIT_9999_€/MWh,1,4
2025-01-11 12:00:00,5.65,5.523593554694543,"(2, 0, 0)","(0, 0, 2, 7)",55.09843978445596,EXESSIVE_AVAILABLE_CAPACITY_UNTIL_PRICE_LIMIT_9999_€/MWh,1,4
2025-01-12 12:00:00,4.77,6.55378122057495,"(2, 0, 0)","(0, 0, 1, 7)",55.74094274339302,EXESSIVE_AVAILABLE_CAPACITY_UNTIL_PRICE_LIMIT_9999_€/MWh,1,4
2025-01-13 12:00:00,5.96,5.472874583554993,"(2, 0, 0)","(0, 0, 2, 7)",52.98281805048172,EXESSIVE_AVAILABLE_CAPACITY_UNTIL_PRICE_LIMIT_9999_€/MWh,1,4
2025-01-14 12:00:00,5.92,3.7976449475347502,"(2, 0, 0)","(0, 0, 2, 7)",45.47385932634059,EXESSIVE_AVAILABLE_CAPACITY_UNTIL_PRICE_LIMIT_9999_€/MWh,1,4
2025-01-15 12:00:00,42.63,10.287596381320702,"(2, 0, 0)","(0, 0, 2, 7)",46.22580068992452,EXESSIVE_AVAILABLE_CAPACITY_UNTIL_PRICE_LIMIT_9999_€/MWh,1,4
2025-01-16 12:00:00,27.17,37.52589632266176,"(2, 0, 0)","(0, 0, 2, 7)",70.85409117148598,EXESSIVE_AVAILABLE_CAPACITY_UNTIL_PRICE_LIMIT_9999_€/MWh,1,4
2025-01-17 12:00:00,18.29,21.301609963503612,"(3, 0, 0)","(0, 0, 2, 7)",73.16194680345795,EXESSIVE_AVAILABLE_CAPACITY_UNTIL_PRICE_LIMIT_9999_€/MWh,1,4
2025-01-18 12:00:00,11.44,15.372653204829684,"(3, 0, 0)","(0, 0, 2, 7)",73.50990183525653,EXESSIVE_AVAILABLE_CAPACITY_UNTIL_PRICE_LIMIT_9999_€/MWh,1,4
2025-01-19 12:00:00,7.15,8.3918500798386,"(3, 0, 0)","(0, 0, 2, 7)",73.46065932182469,EXESSIVE_AVAILABLE_CAPACITY_UNTIL_PRICE_LIMIT_9999_€/MWh,1,4
2025-01-20 12:00:00,12.58,9.870040899299863,"(3, 0, 0)","(1, 0, 1, 7)",72.90516369143273,EXESSIVE_AVAILABLE_CAPACITY_UNTIL_PRICE_LIMIT_9999_€/MWh,1,4
2025-01-21 12:00:00,14.41,12.46120894617719,"(3, 0, 0)","(0, 0, 2, 7)",76.35533528114492,EXESSIVE_AVAILABLE_CAPACITY_UNTIL_PRICE_LIMIT_9999_€/MWh,1,4
2025-01-22 12:00:00,13.95,44.533473807666546,"(1, 0, 0)","(1, 0, 1, 7)",80.9402882746099,EXESSIVE_AVAILABLE_CAPACITY_UNTIL_PRICE_LIMIT_9999_€/MWh,1,4
2025-01-23 12:00:00,12.32,10.083085714233603,"(1, 0, 0)","(1, 0, 1, 7)",80.71382140642578,EXESSIVE_AVAILABLE_CAPACITY_UNTIL_PRICE_LIMIT_9999_€/MWh,1,4
2025-01-24 12:00:00,9.96,8.037001182363054,"(1, 0, 0)","(1, 0, 1, 7)",80.62265601498872,EXESSIVE_AVAILABLE_CAPACITY_UNTIL_PRICE_LIMIT_9999_€/MWh,1,4
2025-01-25 12:00:00,7.72,8.64299137613115,"(2, 0, 0)","(0, 0, 2, 7)",76.06051484906426,EXESSIVE_AVAILABLE_CAPACITY_UNTIL_PRICE_LIMIT_9999_€/MWh,1,4
2025-01-26 12:00:00,6.14,8.473550332223914,"(2, 0, 0)","(0, 0, 2, 7)",76.42818013468023,EXESSIVE_AVAILABLE_CAPACITY_UNTIL_PRICE_LIMIT_9999_€/MWh,1,4
2025-01-27 12:00:00,5.3,4.843882592190146,"(2, 0, 0)","(0, 0, 2, 7)",75.9927572060075,EXESSIVE_AVAILABLE_CAPACITY_UNTIL_PRICE_LIMIT_9999_€/MWh,1,4
2025-01-28 12:00:00,6.64,8.3731829048565,"(1, 0, 0)","(1, 0, 1, 7)",81.23405258586905,EXESSIVE_AVAILABLE_CAPACITY_UNTIL_PRICE_LIMIT_9999_€/MWh,1,4
2025-01-29 12:00:00,7.87,6.603464037261145,"(1, 0, 0)","(1, 0, 1, 7)",80.63528953381892,EXESSIVE_AVAILABLE_CAPACITY_UNTIL_PRICE_LIMIT_9999_€/MWh,1,4
2025-01-30 12:00:00,9.64,13.42645560373542,"(1, 0, 0)","(1, 0, 1, 7)",80.85125886323713,EXESSIVE_AVAILABLE_CAPACITY_UNTIL_PRICE_LIMIT_9999_€/MWh,1,4
2025-01-31 12:00:00,8.77,8.297172570583845,"(1, 0, 0)","(2, 0, 2, 7)",76.69644353525152,EXESSIVE_AVAILABLE_CAPACITY_UNTIL_PRICE_LIMIT_9999_€/MWh,1,4
2025-02-01 12:00:00,7.08,6.04090968155622,"(1, 0, 0)","(1, 0, 1, 7)",80.75708610005394,EXESSIVE_AVAILABLE_CAPACITY_UNTIL_PRICE_LIMIT_9999_€/MWh,1,4
2025-02-02 12:00:00,5.99,4.908905219316799,"(1, 0, 0)","(1, 0, 1, 7)",80.35240846401972,EXESSIVE_AVAILABLE_CAPACITY_UNTIL_PRICE_LIMIT_9999_€/MWh,1,4
2025-02-03 12:00:00,10.44,6.636247320640966,"(1, 0, 0)","(1, 0, 2, 7)",79.96204105544327,EXESSIVE_AVAILABLE_CAPACITY_UNTIL_PRICE_LIMIT_9999_€/MWh,1,4
2025-02-04 12:00:00,10.27,9.390455600552325,"(1, 0, 0)","(2, 0, 2, 7)",79.46271042413342,EXESSIVE_AVAILABLE_CAPACITY_UNTIL_PRICE_LIMIT_9999_€/MWh,1,4
2025-02-05 12:00:00,14.34,15.854224757757255,"(1, 0, 0)","(1, 0, 1, 7)",67.81054370107736,EXESSIVE_AVAILABLE_CAPACITY_UNTIL_PRICE_LIMIT_9999_€/MWh,1,4
2025-02-06 12:00:00,12.47,14.758827763977164,"(1, 0, 1)","(1, 0, 1, 7)",62.16568604977402,EXESSIVE_AVAILABLE_CAPACITY_UNTIL_PRICE_LIMIT_9999_€/MWh,1,4
2025-02-07 12:00:00,9.65,8.075805270116831,"(1, 0, 0)","(1, 0, 1, 7)",51.859614978577525,EXESSIVE_AVAILABLE_CAPACITY_UNTIL_PRICE_LIMIT_9999_€/MWh,1,4
2025-02-08 12:00:00,7.58,7.025492872489391,"(2, 0, 0)","(1, 0, 1, 7)",46.56209887624518,EXESSIVE_AVAILABLE_CAPACITY_UNTIL_PRICE_LIMIT_9999_€/MWh,1,4
2025-02-09 12:00:00,6.13,7.021543137753686,"(1, 0, 0)","(1, 0, 1, 7)",45.98789971508067,EXESSIVE_AVAILABLE_CAPACITY_UNTIL_PRICE_LIMIT_9999_€/MWh,1,4
2025-02-10 12:00:00,6.22,8.477076613491654,"(1, 0, 0)","(1, 0, 1, 7)",45.05704229613631,EXESSIVE_AVAILABLE_CAPACITY_UNTIL_PRICE_LIMIT_9999_€/MWh,1,4
2025-02-11 12:00:00,6.54,6.376455977706557,"(1, 0, 0)","(1, 0, 1, 7)",44.865889911233936,EXESSIVE_AVAILABLE_CAPACITY_UNTIL_PRICE_LIMIT_9999_€/MWh,1,4
2025-02-12 12:00:00,8.94,9.630148710790422,"(1, 0, 0)","(1, 0, 1, 7)",44.86493495276389,EXESSIVE_AVAILABLE_CAPACITY_UNTIL_PRICE_LIMIT_9999_€/MWh,1,4
2025-02-13 12:00:00,10.09,8.44418593517861,"(1, 0, 0)","(1, 0, 1, 7)",44.47529926092417,EXESSIVE_AVAILABLE_CAPACITY_UNTIL_PRICE_LIMIT_9999_€/MWh,1,4
2025-02-14 12:00:00,9.99,10.995121657229415,"(1, 0, 0)","(1, 0, 1, 7)",44.6644366122446,EXESSIVE_AVAILABLE_CAPACITY_UNTIL_PRICE_LIMIT_9999_€/MWh,1,4
2025-02-15 12:00:00,7.59,7.310175384696776,"(1, 0, 0)","(2, 0, 1, 7)",45.989572599781816,EXESSIVE_AVAILABLE_CAPACITY_UNTIL_PRICE_LIMIT_9999_€/MWh,1,4
2025-02-16 12:00:00,5.97,5.4332952480574335,"(1, 0, 0)","(1, 0, 2, 7)",45.929175858057924,EXESSIVE_AVAILABLE_CAPACITY_UNTIL_PRICE_LIMIT_9999_€/MWh,1,4
2025-02-17 12:00:00,7.89,7.149402260148288,"(1, 0, 0)","(1, 0, 1, 7)",45.444816011340016,EXESSIVE_AVAILABLE_CAPACITY_UNTIL_PRICE_LIMIT_9999_€/MWh,1,4
2025-02-18 12:00:00,184.93,7.057341583245537,"(1, 0, 0)","(1, 0, 1, 7)",44.825441073006054,EXESSIVE_AVAILABLE_CAPACITY_UNTIL_PRICE_LIMIT_9999_€/MWh,1,4
2025-02-19 12:00:00,46.79,31.785367534828247,"(1, 0, 0)","(1, 0, 1, 7)",74.8420078500662,EXESSIVE_AVAILABLE_CAPACITY_UNTIL_PRICE_LIMIT_9999_€/MWh,1,4
2025-02-20 12:00:00,22.64,37.239767077001666,"(1, 0, 0)","(1, 0, 2, 7)",81.60694627258135,EXESSIVE_AVAILABLE_CAPACITY_UNTIL_PRICE_LIMIT_9999_€/MWh,1,4
2025-02-21 12:00:00,12.81,21.561586122498742,"(1, 0, 0)","(2, 0, 1, 7)",82.1075932580746,EXESSIVE_AVAILABLE_CAPACITY_UNTIL_PRICE_LIMIT_9999_€/MWh,1,4
2025-02-22 12:00:00,8.32,9.624595777306858,"(1, 0, 0)","(2, 0, 1, 7)",82.18030829095702,EXESSIVE_AVAILABLE_CAPACITY_UNTIL_PRICE_LIMIT_9999_€/MWh,1,4
2025-02-23 12:00:00,6.09,7.303248870355395,"(1, 0, 0)","(1, 0, 1, 7)",80.05395380444206,EXESSIVE_AVAILABLE_CAPACITY_UNTIL_PRICE_LIMIT_9999_€/MWh,1,4
2025-02-24 12:00:00,7.0,6.161469818449648,"(1, 0, 0)","(2, 0, 1, 7)",81.98004516183943,EXESSIVE_AVAILABLE_CAPACITY_UNTIL_PRICE_LIMIT_9999_€/MWh,1,4
2025-02-25 12:00:00,9.17,23.66658458725732,"(1, 0, 0)","(2, 0, 1, 7)",80.79739327649295,EXESSIVE_AVAILABLE_CAPACITY_UNTIL_PRICE_LIMIT_9999_€/MWh,1,4
2025-02-26 12:00:00,8.86,10.167712383835456,"(1, 0, 0)","(1, 0, 1, 7)",72.06678426126803,EXESSIVE_AVAILABLE_CAPACITY_UNTIL_PRICE_LIMIT_9999_€/MWh,1,4
2025-02-27 12:00:00,7.97,6.24053037764915,"(1, 0, 0)","(1, 0, 1, 7)",71.05882683328699,EXESSIVE_AVAILABLE_CAPACITY_UNTIL_PRICE_LIMIT_9999_€/MWh,1,4
2025-02-28 12:00:00,7.24,5.988868273974683,"(1, 0, 0)","(1, 0, 1, 7)",70.5707449771715,EXESSIVE_AVAILABLE_CAPACITY_UNTIL_PRICE_LIMIT_9999_€/MWh,1,4
