DATE,ACTUAL_VALUE,D+1,ORDER,SEASONAL_ORDER,AIC,EXOGENOUS_FACTORS,NUM_FEATURES,FEATURE_NUMBERS,MARGINAL_PRICE,RMSE_COMPONENT,MAE,MAPE,ACCEPTANCE,REVENUE
2024-07-01 04:00:00,13.64,14.21746076310235,"(1, 0, 0)","(1, 0, 1, 7)",-40.65332191359629,"FCR_GERMANY_SETTLEMENTCAPACITY_PRICE_[EUR/MW], RES_SHARE",2,1_3,18.51,0.3334609329227479,0.5774607631023496,0.04233583307201976,1,14.21746076310235
2024-07-02 04:00:00,14.63,13.927541987961328,"(1, 0, 0)","(1, 0, 1, 7)",-40.567798659979495,"FCR_GERMANY_SETTLEMENTCAPACITY_PRICE_[EUR/MW], RES_SHARE",2,1_3,17.01,0.4934472586773235,0.7024580120386723,0.048014901711460854,1,13.927541987961328
2024-07-03 04:00:00,14.07,14.675234780651166,"(2, 0, 0)","(1, 0, 1, 7)",-40.74474579642902,"FCR_GERMANY_SETTLEMENTCAPACITY_PRICE_[EUR/MW], RES_SHARE",2,1_3,15.2,0.3663091397098653,0.6052347806511662,0.04301597588139063,1,14.675234780651166
2024-07-04 04:00:00,12.84,13.27696462174914,"(1, 0, 0)","(1, 0, 1, 7)",-41.07179317450225,"FCR_GERMANY_SETTLEMENTCAPACITY_PRICE_[EUR/MW], RES_SHARE",2,1_3,13.6,0.19093808066036966,0.43696462174914075,0.0340315125972851,1,13.27696462174914
2024-07-05 04:00:00,12.06,12.063576232108735,"(1, 0, 0)","(1, 0, 1, 7)",-41.49070328193651,"FCR_GERMANY_SETTLEMENTCAPACITY_PRICE_[EUR/MW], RES_SHARE",2,1_3,12.95,1.2789436095545042e-05,0.0035762321087347004,0.00029653665909906306,1,12.063576232108735
2024-07-06 04:00:00,11.19,11.187645818857108,"(1, 0, 0)","(1, 0, 1, 7)",-41.90845689279988,"FCR_GERMANY_SETTLEMENTCAPACITY_PRICE_[EUR/MW], RES_SHARE",2,1_3,11.62,5.542168853545085e-06,0.0023541811428913206,0.00021038258649609657,1,11.187645818857108
2024-07-07 04:00:00,10.07,9.90728357675698,"(2, 0, 0)","(1, 0, 1, 7)",-42.42515711314588,"FCR_GERMANY_SETTLEMENTCAPACITY_PRICE_[EUR/MW], RES_SHARE",2,1_3,10.48,0.026476634393001852,0.1627164232430207,0.016158532596129167,1,9.90728357675698
2024-07-08 04:00:00,14.51,10.804098252410371,"(2, 0, 0)","(1, 0, 1, 7)",-42.34807106298016,"FCR_GERMANY_SETTLEMENTCAPACITY_PRICE_[EUR/MW], RES_SHARE",2,1_3,17.14,13.733707762787862,3.7059017475896283,0.25540329066778966,1,10.804098252410371
2024-07-09 04:00:00,14.28,15.627141042101636,"(2, 0, 0)","(1, 0, 1, 7)",-41.644406956420205,"FCR_GERMANY_SETTLEMENTCAPACITY_PRICE_[EUR/MW], RES_SHARE",2,1_3,15.27,1.8147889873146832,1.3471410421016365,0.09433760799031068,0,0.0
2024-07-10 04:00:00,13.4,13.035186094300425,"(2, 0, 0)","(1, 0, 1, 7)",-42.76942860576335,"FCR_GERMANY_SETTLEMENTCAPACITY_PRICE_[EUR/MW], RES_SHARE",2,1_3,14.41,0.13308918579177884,0.3648139056995756,0.027224918335789224,1,13.035186094300425
2024-07-11 04:00:00,12.92,11.968855281747244,"(2, 0, 0)","(1, 0, 1, 7)",-43.99365736802997,"FCR_GERMANY_SETTLEMENTCAPACITY_PRICE_[EUR/MW], RES_SHARE",2,1_3,13.98,0.9046762750601148,0.9511447182527561,0.07361801224866533,1,11.968855281747244
2024-07-12 04:00:00,12.4,12.715852935633771,"(2, 0, 0)","(1, 0, 1, 7)",-46.04406290861886,"FCR_GERMANY_SETTLEMENTCAPACITY_PRICE_[EUR/MW], RES_SHARE",2,1_3,13.09,0.09976307694847104,0.3158529356337709,0.02547201093820733,1,12.715852935633771
2024-07-13 04:00:00,11.06,10.5091168837611,"(2, 0, 2)","(1, 0, 1, 7)",-43.79513011776105,"FCR_GERMANY_SETTLEMENTCAPACITY_PRICE_[EUR/MW], RES_SHARE",2,1_3,12.04,0.3034722077570815,0.5508831162389001,0.04980860002160037,1,10.5091168837611
2024-07-14 04:00:00,10.19,7.08362216477545,"(2, 0, 1)","(1, 0, 1, 7)",-41.749335810695726,"FCR_GERMANY_SETTLEMENTCAPACITY_PRICE_[EUR/MW], RES_SHARE",2,1_3,10.78,9.649583255174356,3.1063778352245492,0.3048457149386211,1,7.08362216477545
2024-07-15 04:00:00,12.46,10.528691288943358,"(1, 0, 0)","(1, 0, 0, 7)",-36.4377026936179,"FCR_GERMANY_SETTLEMENTCAPACITY_PRICE_[EUR/MW], RES_SHARE",2,1_3,14.29,3.72995333740327,1.9313087110566425,0.1550006991217209,1,10.528691288943358
2024-07-16 04:00:00,16.75,11.699950472494091,"(1, 0, 0)","(1, 0, 0, 7)",-44.506877162721736,"FCR_GERMANY_SETTLEMENTCAPACITY_PRICE_[EUR/MW], RES_SHARE",2,1_3,28.94,25.503000230262654,5.050049527505909,0.30149549417945726,1,11.699950472494091
2024-07-17 04:00:00,15.99,16.488446370130415,"(1, 0, 2)","(2, 0, 2, 7)",-47.90810222464704,"FCR_GERMANY_SETTLEMENTCAPACITY_PRICE_[EUR/MW], RES_SHARE",2,1_3,17.92,0.24844878389618638,0.4984463701304147,0.031172380871195417,1,16.488446370130415
2024-07-18 04:00:00,13.57,16.838244191466064,"(1, 0, 0)","(1, 0, 1, 7)",-51.98261189681069,"FCR_GERMANY_SETTLEMENTCAPACITY_PRICE_[EUR/MW], RES_SHARE",2,1_3,15.69,10.681420095051664,3.2682441914660636,0.24084334498644536,0,0.0
2024-07-19 04:00:00,12.29,13.181337845660654,"(1, 0, 2)","(2, 0, 2, 7)",-49.13234902659812,"FCR_GERMANY_SETTLEMENTCAPACITY_PRICE_[EUR/MW], RES_SHARE",2,1_3,13.65,0.7944831551069766,0.8913378456606544,0.0725254553019247,1,13.181337845660654
2024-07-20 04:00:00,11.23,11.77636160405924,"(1, 0, 1)","(1, 0, 1, 7)",-52.69249430245908,"FCR_GERMANY_SETTLEMENTCAPACITY_PRICE_[EUR/MW], RES_SHARE",2,1_3,11.72,0.29851100239018485,0.5463616040592392,0.04865196830447366,0,0.0
2024-07-21 04:00:00,9.96,10.045299422636283,"(1, 0, 1)","(2, 0, 2, 7)",-51.64777372400685,"FCR_GERMANY_SETTLEMENTCAPACITY_PRICE_[EUR/MW], RES_SHARE",2,1_3,10.89,0.007275991502083131,0.08529942263628243,0.008564199059867713,1,10.045299422636283
2024-07-22 04:00:00,11.36,12.475213881469776,"(1, 0, 2)","(2, 0, 2, 7)",-71.88365246453927,"FCR_GERMANY_SETTLEMENTCAPACITY_PRICE_[EUR/MW], RES_SHARE",2,1_3,12.66,1.2437020014228837,1.115213881469776,0.09817023604487465,1,12.475213881469776
2024-07-23 04:00:00,11.02,12.248845336916268,"(1, 0, 2)","(1, 0, 1, 7)",-90.72782595044887,"FCR_GERMANY_SETTLEMENTCAPACITY_PRICE_[EUR/MW], RES_SHARE",2,1_3,12.21,1.5100608620608582,1.2288453369162688,0.11151046614485198,0,0.0
2024-07-24 04:00:00,10.42,10.77588301910322,"(1, 0, 2)","(1, 0, 1, 7)",-101.85410735542376,"FCR_GERMANY_SETTLEMENTCAPACITY_PRICE_[EUR/MW], RES_SHARE",2,1_3,11.05,0.12665272328602337,0.35588301910322073,0.034153840604915615,1,10.77588301910322
2024-07-25 04:00:00,10.55,9.714086366003142,"(1, 0, 0)","(1, 0, 2, 7)",-115.10112684751012,"FCR_GERMANY_SETTLEMENTCAPACITY_PRICE_[EUR/MW], RES_SHARE",2,1_3,11.93,0.6987516035018335,0.8359136339968583,0.07923351981012874,1,9.714086366003142
2024-07-26 04:00:00,9.91,10.101837067263803,"(1, 0, 0)","(1, 0, 2, 7)",-124.9530402336916,"FCR_GERMANY_SETTLEMENTCAPACITY_PRICE_[EUR/MW], RES_SHARE",2,1_3,10.28,0.03680146037637688,0.191837067263803,0.01935792807909213,1,10.101837067263803
2024-07-27 04:00:00,8.93,9.620904258645734,"(1, 0, 0)","(1, 0, 2, 7)",-125.29518371678536,"FCR_GERMANY_SETTLEMENTCAPACITY_PRICE_[EUR/MW], RES_SHARE",2,1_3,9.46,0.47734869461481116,0.6909042586457339,0.07736889794465106,0,0.0
2024-07-28 04:00:00,8.3,8.393275935851605,"(1, 0, 0)","(1, 0, 2, 7)",-124.517541403296,"FCR_GERMANY_SETTLEMENTCAPACITY_PRICE_[EUR/MW], RES_SHARE",2,1_3,10.23,0.008700400208992624,0.09327593585160443,0.011238064560434267,1,8.393275935851605
2024-07-29 04:00:00,10.48,9.763426024670702,"(1, 0, 0)","(1, 0, 1, 7)",-127.06248459000052,"FCR_GERMANY_SETTLEMENTCAPACITY_PRICE_[EUR/MW], RES_SHARE",2,1_3,11.89,0.5134782621192342,0.7165739753292986,0.06837537932531475,1,9.763426024670702
2024-07-30 04:00:00,10.52,11.464243133223157,"(1, 0, 3)","(1, 0, 1, 7)",-122.87909884888094,"FCR_GERMANY_SETTLEMENTCAPACITY_PRICE_[EUR/MW], RES_SHARE",2,1_3,13.92,0.8915950946390848,0.9442431332231571,0.0897569518272963,1,11.464243133223157
2024-07-31 04:00:00,11.13,10.481065010188557,"(1, 0, 0)","(1, 0, 1, 7)",-131.0938215264586,"FCR_GERMANY_SETTLEMENTCAPACITY_PRICE_[EUR/MW], RES_SHARE",2,1_3,12.58,0.421116621001579,0.648934989811444,0.058305030531127046,1,10.481065010188557
2024-08-01 04:00:00,10.65,10.869981259463277,"(1, 0, 0)","(1, 0, 2, 7)",-130.15507732610627,"FCR_GERMANY_SETTLEMENTCAPACITY_PRICE_[EUR/MW], RES_SHARE",2,1_3,11.18,0.04839175451504933,0.2199812594632764,0.020655517320495437,1,10.869981259463277
2024-08-02 04:00:00,9.73,10.24781994747714,"(1, 0, 0)","(1, 0, 2, 7)",-129.91051855401477,"FCR_GERMANY_SETTLEMENTCAPACITY_PRICE_[EUR/MW], RES_SHARE",2,1_3,10.09,0.2681374980052277,0.5178199474771397,0.05321890518778413,0,0.0
2024-08-03 04:00:00,9.07,9.044746310014771,"(1, 0, 0)","(1, 0, 2, 7)",-129.6734522582946,"FCR_GERMANY_SETTLEMENTCAPACITY_PRICE_[EUR/MW], RES_SHARE",2,1_3,9.48,0.0006377488578700628,0.025253689985229144,0.0027843098109403687,1,9.044746310014771
2024-08-04 04:00:00,9.38,8.561912435069438,"(1, 0, 0)","(1, 0, 0, 7)",-112.1832749355749,"FCR_GERMANY_SETTLEMENTCAPACITY_PRICE_[EUR/MW], RES_SHARE",2,1_3,16.32,0.6692672638940181,0.818087564930563,0.08721615830816236,1,8.561912435069438
2024-08-05 04:00:00,12.18,10.55329532138988,"(1, 0, 0)","(1, 0, 2, 7)",-128.6319971784081,"FCR_GERMANY_SETTLEMENTCAPACITY_PRICE_[EUR/MW], RES_SHARE",2,1_3,18.3,2.646168111412052,1.6267046786101194,0.13355539233252212,1,10.55329532138988
2024-08-06 04:00:00,13.04,11.85021402336453,"(1, 0, 0)","(1, 0, 2, 7)",-128.16456208310242,"FCR_GERMANY_SETTLEMENTCAPACITY_PRICE_[EUR/MW], RES_SHARE",2,1_3,15.58,1.4155906701984189,1.18978597663547,0.09124125587695323,1,11.85021402336453
2024-08-07 04:00:00,12.97,13.110066516085604,"(1, 0, 0)","(1, 0, 0, 7)",-112.2707288469321,"FCR_GERMANY_SETTLEMENTCAPACITY_PRICE_[EUR/MW], RES_SHARE",2,1_3,13.64,0.019618628928358656,0.1400665160856036,0.010799268780694187,1,13.110066516085604
2024-08-08 04:00:00,11.99,12.756571464133811,"(1, 0, 0)","(1, 0, 0, 7)",-111.24206024627549,"FCR_GERMANY_SETTLEMENTCAPACITY_PRICE_[EUR/MW], RES_SHARE",2,1_3,13.06,0.5876318096242551,0.7665714641338113,0.06393423387271154,1,12.756571464133811
2024-08-09 04:00:00,10.96,11.008511579205294,"(1, 0, 0)","(1, 0, 2, 7)",-129.79716395483334,"FCR_GERMANY_SETTLEMENTCAPACITY_PRICE_[EUR/MW], RES_SHARE",2,1_3,11.35,0.0023533733169914194,0.04851157920529303,0.00442623897858513,1,11.008511579205294
2024-08-10 04:00:00,9.71,10.751017179388056,"(1, 0, 0)","(1, 0, 2, 7)",-129.76966359472348,"FCR_GERMANY_SETTLEMENTCAPACITY_PRICE_[EUR/MW], RES_SHARE",2,1_3,10.36,1.0837167677810613,1.0410171793880547,0.10721083206880068,0,0.0
2024-08-11 04:00:00,9.31,9.94068449488302,"(1, 0, 0)","(1, 0, 2, 7)",-129.39251989521992,"FCR_GERMANY_SETTLEMENTCAPACITY_PRICE_[EUR/MW], RES_SHARE",2,1_3,11.67,0.39776293208585056,0.6306844948830204,0.06774269547615686,1,9.94068449488302
2024-08-12 04:00:00,11.64,10.845651024500418,"(1, 0, 0)","(1, 0, 2, 7)",-129.31436915122364,"FCR_GERMANY_SETTLEMENTCAPACITY_PRICE_[EUR/MW], RES_SHARE",2,1_3,13.3,0.6309902948772367,0.7943489754995827,0.06824303913226655,1,10.845651024500418
2024-08-13 04:00:00,14.45,11.984064717115528,"(1, 0, 0)","(1, 0, 2, 7)",-129.22737027514614,"FCR_GERMANY_SETTLEMENTCAPACITY_PRICE_[EUR/MW], RES_SHARE",2,1_3,19.47,6.080836819374518,2.4659352828844714,0.17065296075325062,1,11.984064717115528
2024-08-14 04:00:00,14.53,14.383981980679168,"(1, 0, 1)","(1, 0, 2, 7)",-127.4428963042659,"FCR_GERMANY_SETTLEMENTCAPACITY_PRICE_[EUR/MW], RES_SHARE",2,1_3,16.85,0.02132126196637855,0.14601801932083092,0.01004941633316111,1,14.383981980679168
2024-08-15 04:00:00,13.41,14.17372836617746,"(1, 0, 0)","(1, 0, 2, 7)",-128.61392519383935,"FCR_GERMANY_SETTLEMENTCAPACITY_PRICE_[EUR/MW], RES_SHARE",2,1_3,14.22,0.5832810173040929,0.7637283661774603,0.056952152585940365,1,14.17372836617746
2024-08-16 04:00:00,11.94,13.039228693652056,"(2, 0, 0)","(2, 0, 0, 7)",-115.15912302031748,"FCR_GERMANY_SETTLEMENTCAPACITY_PRICE_[EUR/MW], RES_SHARE",2,1_3,12.8,1.2083037209480072,1.0992286936520568,0.09206270466097628,0,0.0
2024-08-17 04:00:00,11.02,11.32411664671648,"(2, 0, 0)","(1, 0, 1, 7)",-127.63473286337111,"FCR_GERMANY_SETTLEMENTCAPACITY_PRICE_[EUR/MW], RES_SHARE",2,1_3,11.41,0.09248693481007629,0.30411664671648,0.027596791898047184,1,11.32411664671648
2024-08-18 04:00:00,10.28,10.202885261665305,"(2, 0, 0)","(1, 0, 1, 7)",-127.5662686427002,"FCR_GERMANY_SETTLEMENTCAPACITY_PRICE_[EUR/MW], RES_SHARE",2,1_3,11.16,0.00594668286842842,0.07711473833469462,0.007501433690145391,1,10.202885261665305
2024-08-19 04:00:00,12.44,13.03859508531024,"(2, 0, 0)","(1, 0, 1, 7)",-127.62020091004293,"FCR_GERMANY_SETTLEMENTCAPACITY_PRICE_[EUR/MW], RES_SHARE",2,1_3,14.2,0.3583160761575737,0.5985950853102402,0.04811857598956915,1,13.03859508531024
2024-08-20 04:00:00,14.77,14.23616307674183,"(1, 0, 0)","(1, 0, 2, 7)",-133.0310218956861,"FCR_GERMANY_SETTLEMENTCAPACITY_PRICE_[EUR/MW], RES_SHARE",2,1_3,28.08,0.2849818606337487,0.5338369232581694,0.0361433258807156,1,14.23616307674183
2024-08-21 04:00:00,14.66,14.403211500355823,"(1, 0, 0)","(2, 0, 1, 7)",-129.6729127639755,"FCR_GERMANY_SETTLEMENTCAPACITY_PRICE_[EUR/MW], RES_SHARE",2,1_3,16.73,0.06594033354950746,0.25678849964417694,0.01751626873425491,1,14.403211500355823
2024-08-22 04:00:00,12.13,14.050473034816372,"(1, 0, 0)","(1, 0, 2, 7)",-131.35369960127457,"FCR_GERMANY_SETTLEMENTCAPACITY_PRICE_[EUR/MW], RES_SHARE",2,1_3,13.75,3.6882166774568037,1.9204730348163714,0.1583242402981345,0,0.0
2024-08-23 04:00:00,10.76,11.296394141255824,"(1, 0, 0)","(1, 0, 2, 7)",-132.52690071449592,"FCR_GERMANY_SETTLEMENTCAPACITY_PRICE_[EUR/MW], RES_SHARE",2,1_3,11.69,0.2877186747735733,0.5363941412558244,0.049850756622288515,1,11.296394141255824
2024-08-24 04:00:00,9.87,10.93840431884252,"(1, 0, 2)","(1, 0, 2, 7)",-133.3852964148976,"FCR_GERMANY_SETTLEMENTCAPACITY_PRICE_[EUR/MW], RES_SHARE",2,1_3,10.47,1.1414877885213521,1.0684043188425214,0.10824765135182589,0,0.0
2024-08-25 04:00:00,9.22,9.057067073353052,"(1, 0, 0)","(1, 0, 2, 7)",-137.0507998950341,"FCR_GERMANY_SETTLEMENTCAPACITY_PRICE_[EUR/MW], RES_SHARE",2,1_3,9.66,0.026547138585740072,0.16293292664694903,0.01767168401810727,1,9.057067073353052
2024-08-26 04:00:00,11.7,11.410274409652253,"(1, 0, 2)","(1, 0, 2, 7)",-134.36622846801333,"FCR_GERMANY_SETTLEMENTCAPACITY_PRICE_[EUR/MW], RES_SHARE",2,1_3,12.4,0.08394091770235021,0.2897255903477465,0.024762870969892863,1,11.410274409652253
2024-08-27 04:00:00,12.66,12.546112669076262,"(1, 0, 0)","(1, 0, 1, 7)",-137.65768128542877,"FCR_GERMANY_SETTLEMENTCAPACITY_PRICE_[EUR/MW], RES_SHARE",2,1_3,15.06,0.012970324144933069,0.11388733092373826,0.008995839725413764,1,12.546112669076262
2024-08-28 04:00:00,12.4,12.498055845423202,"(1, 0, 0)","(1, 0, 1, 7)",-137.8592803004846,"FCR_GERMANY_SETTLEMENTCAPACITY_PRICE_[EUR/MW], RES_SHARE",2,1_3,13.63,0.009614948821658907,0.09805584542320211,0.007907729469613073,1,12.498055845423202
2024-08-29 04:00:00,12.38,11.272816078509903,"(1, 0, 0)","(1, 0, 1, 7)",-137.76779425187036,"FCR_GERMANY_SETTLEMENTCAPACITY_PRICE_[EUR/MW], RES_SHARE",2,1_3,15.34,1.2258562360061906,1.1071839214900976,0.0894332731413649,1,11.272816078509903
2024-08-30 04:00:00,12.96,11.909850118872692,"(1, 0, 0)","(1, 0, 1, 7)",-137.60353752226388,"FCR_GERMANY_SETTLEMENTCAPACITY_PRICE_[EUR/MW], RES_SHARE",2,1_3,14.76,1.1028147728317015,1.0501498811273091,0.08103008342031706,1,11.909850118872692
2024-08-31 04:00:00,11.78,11.705402364288728,"(1, 0, 0)","(1, 0, 2, 7)",-136.92557385102333,"FCR_GERMANY_SETTLEMENTCAPACITY_PRICE_[EUR/MW], RES_SHARE",2,1_3,12.14,0.005564807253711492,0.07459763571127098,0.006332566698749659,1,11.705402364288728
2024-09-01 04:00:00,10.52,11.169707414209244,"(1, 0, 1)","(1, 0, 1, 7)",-138.18151892677545,"FCR_GERMANY_SETTLEMENTCAPACITY_PRICE_[EUR/MW], RES_SHARE",2,1_3,11.08,0.4221197240784622,0.649707414209244,0.06175925990582168,0,0.0
2024-09-02 04:00:00,11.91,11.415597789721604,"(1, 0, 0)","(1, 0, 1, 7)",-138.85494746948757,"FCR_GERMANY_SETTLEMENTCAPACITY_PRICE_[EUR/MW], RES_SHARE",2,1_3,13.56,0.24443354552816376,0.4944022102783965,0.0415115205943238,1,11.415597789721604
2024-09-03 04:00:00,13.39,13.013005908599656,"(1, 0, 1)","(1, 0, 1, 7)",-219.69799638159668,"FCR_GERMANY_SETTLEMENTCAPACITY_PRICE_[EUR/MW], RES_SHARE",2,1_3,17.05,0.1421245449507716,0.3769940914003449,0.02815489853624682,1,13.013005908599656
2024-09-04 04:00:00,16.96,13.269995960743207,"(1, 0, 1)","(1, 0, 1, 7)",-223.98622166051672,"FCR_GERMANY_SETTLEMENTCAPACITY_PRICE_[EUR/MW], RES_SHARE",2,1_3,25.68,13.61612980973145,3.6900040392567934,0.21757099288070714,1,13.269995960743207
2024-09-05 04:00:00,16.03,15.575128042174194,"(1, 0, 1)","(1, 0, 1, 7)",-213.81761424571724,"FCR_GERMANY_SETTLEMENTCAPACITY_PRICE_[EUR/MW], RES_SHARE",2,1_3,17.35,0.20690849801628267,0.4548719578258069,0.028376291816956136,1,15.575128042174194
2024-09-06 04:00:00,13.24,14.17840759250815,"(1, 0, 1)","(1, 0, 1, 7)",-215.65590145485908,"FCR_GERMANY_SETTLEMENTCAPACITY_PRICE_[EUR/MW], RES_SHARE",2,1_3,14.56,0.8806088096769402,0.938407592508149,0.07087670638279071,1,14.17840759250815
2024-09-07 04:00:00,11.84,11.317223205828046,"(1, 0, 1)","(1, 0, 1, 7)",-217.07863962510345,"FCR_GERMANY_SETTLEMENTCAPACITY_PRICE_[EUR/MW], RES_SHARE",2,1_3,12.2,0.273295576524705,0.5227767941719534,0.04415344545371228,1,11.317223205828046
2024-09-08 04:00:00,10.39,10.868342510545032,"(1, 0, 1)","(1, 0, 1, 7)",-220.8913253766026,"FCR_GERMANY_SETTLEMENTCAPACITY_PRICE_[EUR/MW], RES_SHARE",2,1_3,11.05,0.2288115573945237,0.47834251054503163,0.04603874018720227,1,10.868342510545032
2024-09-09 04:00:00,12.79,12.27556877904687,"(1, 0, 1)","(1, 0, 1, 7)",-221.8235938621268,"FCR_GERMANY_SETTLEMENTCAPACITY_PRICE_[EUR/MW], RES_SHARE",2,1_3,15.17,0.2646394810913277,0.5144312209531297,0.0402213620760852,1,12.27556877904687
2024-09-10 04:00:00,11.49,14.672452793073075,"(1, 0, 2)","(1, 0, 1, 7)",-227.1943063185479,"FCR_GERMANY_SETTLEMENTCAPACITY_PRICE_[EUR/MW], RES_SHARE",2,1_3,12.85,10.128005780138619,3.1824527930730753,0.27697587407076374,0,0.0
2024-09-11 04:00:00,10.9,11.370241902722173,"(1, 0, 1)","(1, 0, 1, 7)",-218.886466657874,"FCR_GERMANY_SETTLEMENTCAPACITY_PRICE_[EUR/MW], RES_SHARE",2,1_3,11.62,0.22112744707576892,0.47024190272217226,0.0431414589653369,1,11.370241902722173
2024-09-12 04:00:00,11.07,10.389403966389857,"(1, 0, 1)","(1, 0, 1, 7)",-218.23822138790064,"FCR_GERMANY_SETTLEMENTCAPACITY_PRICE_[EUR/MW], RES_SHARE",2,1_3,12.97,0.4632109609658596,0.6805960336101435,0.06148112318068144,1,10.389403966389857
2024-09-13 04:00:00,10.8,10.97513031120154,"(1, 0, 1)","(1, 0, 1, 7)",-225.0278816545572,"FCR_GERMANY_SETTLEMENTCAPACITY_PRICE_[EUR/MW], RES_SHARE",2,1_3,11.15,0.03067062590154774,0.17513031120153855,0.016215769555698013,1,10.97513031120154
2024-09-14 04:00:00,9.64,9.780561657588144,"(1, 0, 1)","(1, 0, 1, 7)",-233.01183307125,"FCR_GERMANY_SETTLEMENTCAPACITY_PRICE_[EUR/MW], RES_SHARE",2,1_3,10.04,0.019757579583926606,0.14056165758814387,0.014581084812048119,1,9.780561657588144
2024-09-15 04:00:00,8.58,8.673943991849901,"(1, 0, 1)","(1, 0, 1, 7)",-235.95941867088436,"FCR_GERMANY_SETTLEMENTCAPACITY_PRICE_[EUR/MW], RES_SHARE",2,1_3,8.96,0.008825473604694305,0.09394399184990121,0.010949183199289185,1,8.673943991849901
2024-09-16 04:00:00,11.98,10.282914615044064,"(1, 0, 1)","(1, 0, 1, 7)",-235.9649434527821,"FCR_GERMANY_SETTLEMENTCAPACITY_PRICE_[EUR/MW], RES_SHARE",2,1_3,15.99,2.88009880383104,1.6970853849559369,0.1416598818827994,1,10.282914615044064
2024-09-17 04:00:00,13.93,11.070538945573327,"(1, 0, 1)","(1, 0, 1, 7)",-232.92824403875343,"FCR_GERMANY_SETTLEMENTCAPACITY_PRICE_[EUR/MW], RES_SHARE",2,1_3,17.64,8.176517521782898,2.8594610544266725,0.20527358610385302,1,11.070538945573327
2024-09-18 04:00:00,13.51,13.567618159370198,"(1, 0, 1)","(1, 0, 1, 7)",-231.8487141432387,"FCR_GERMANY_SETTLEMENTCAPACITY_PRICE_[EUR/MW], RES_SHARE",2,1_3,14.58,0.003319852289209598,0.05761815937019854,0.004264852655085014,1,13.567618159370198
2024-09-19 04:00:00,12.76,13.204567541272516,"(1, 0, 1)","(1, 0, 1, 7)",-232.4638737389112,"FCR_GERMANY_SETTLEMENTCAPACITY_PRICE_[EUR/MW], RES_SHARE",2,1_3,13.76,0.19764029875309008,0.44456754127251585,0.03484071640066739,1,13.204567541272516
2024-09-20 04:00:00,12.31,12.124075862532496,"(1, 0, 1)","(1, 0, 1, 7)",-232.88367044445857,"FCR_GERMANY_SETTLEMENTCAPACITY_PRICE_[EUR/MW], RES_SHARE",2,1_3,13.05,0.03456778489303534,0.18592413746750402,0.015103504262185541,1,12.124075862532496
2024-09-21 04:00:00,10.91,11.226527403132996,"(1, 0, 1)","(1, 0, 1, 7)",-232.8893080756752,"FCR_GERMANY_SETTLEMENTCAPACITY_PRICE_[EUR/MW], RES_SHARE",2,1_3,11.4,0.10018959693411823,0.3165274031329961,0.029012594237671503,1,11.226527403132996
2024-09-22 04:00:00,9.99,10.170010469883431,"(1, 0, 1)","(1, 0, 1, 7)",-232.9261432042563,"FCR_GERMANY_SETTLEMENTCAPACITY_PRICE_[EUR/MW], RES_SHARE",2,1_3,10.41,0.03240376926765364,0.18001046988343106,0.018019066054397504,1,10.170010469883431
2024-09-23 04:00:00,16.38,12.534018662859712,"(1, 0, 1)","(1, 0, 1, 7)",-233.12438870699572,"FCR_GERMANY_SETTLEMENTCAPACITY_PRICE_[EUR/MW], RES_SHARE",2,1_3,27.86,14.791572445631392,3.8459813371402873,0.23479739542980999,1,12.534018662859712
2024-09-24 04:00:00,15.64,17.983392009043957,"(1, 0, 1)","(1, 0, 1, 7)",-216.96231637913905,"FCR_GERMANY_SETTLEMENTCAPACITY_PRICE_[EUR/MW], RES_SHARE",2,1_3,17.91,5.49148610805107,2.3433920090439564,0.1498332486600995,0,0.0
2024-09-25 04:00:00,13.4,13.167516993777104,"(1, 0, 2)","(2, 0, 1, 7)",-200.5878611247773,"FCR_GERMANY_SETTLEMENTCAPACITY_PRICE_[EUR/MW], RES_SHARE",2,1_3,14.88,0.05404834818243519,0.2324830062228962,0.017349478076335537,1,13.167516993777104
2024-09-26 04:00:00,11.95,13.296914272365491,"(2, 0, 2)","(1, 0, 1, 7)",-188.21577638979704,"FCR_GERMANY_SETTLEMENTCAPACITY_PRICE_[EUR/MW], RES_SHARE",2,1_3,12.53,1.8141780571018624,1.3469142723654919,0.11271249141133824,0,0.0
2024-09-27 04:00:00,10.42,10.993907825738004,"(1, 0, 1)","(1, 0, 1, 7)",-204.87218767645055,"FCR_GERMANY_SETTLEMENTCAPACITY_PRICE_[EUR/MW], RES_SHARE",2,1_3,11.8,0.3293701924433236,0.5739078257380044,0.055077526462380455,1,10.993907825738004
2024-09-28 04:00:00,9.5,9.335217396851434,"(1, 0, 1)","(1, 0, 1, 7)",-203.5570180781372,"FCR_GERMANY_SETTLEMENTCAPACITY_PRICE_[EUR/MW], RES_SHARE",2,1_3,9.95,0.02715330630041793,0.1647826031485664,0.017345537173533307,1,9.335217396851434
2024-09-29 04:00:00,8.65,8.796022696431029,"(1, 0, 1)","(1, 0, 1, 7)",-204.11814306228663,"FCR_GERMANY_SETTLEMENTCAPACITY_PRICE_[EUR/MW], RES_SHARE",2,1_3,9.16,0.02132262787298837,0.14602269643102872,0.016881236581621818,1,8.796022696431029
2024-09-30 04:00:00,9.56,11.234343768760269,"(1, 0, 1)","(1, 0, 1, 7)",-203.38452967544345,"FCR_GERMANY_SETTLEMENTCAPACITY_PRICE_[EUR/MW], RES_SHARE",2,1_3,12.27,2.803427055986339,1.6743437687602682,0.1751405615858021,1,11.234343768760269
2024-10-01 04:00:00,9.88,9.140140252825892,"(1, 0, 1)","(1, 0, 1, 7)",-200.92313681973104,"FCR_GERMANY_SETTLEMENTCAPACITY_PRICE_[EUR/MW], RES_SHARE",2,1_3,11.47,0.5473924454885356,0.7398597471741084,0.07488458979495023,1,9.140140252825892
2024-10-02 04:00:00,10.35,10.6339150716089,"(1, 0, 1)","(1, 0, 1, 7)",-199.80565712973464,"FCR_GERMANY_SETTLEMENTCAPACITY_PRICE_[EUR/MW], RES_SHARE",2,1_3,11.5,0.0806077678866871,0.2839150716089005,0.027431407884917925,1,10.6339150716089
2024-10-03 04:00:00,9.65,9.59467252453945,"(1, 0, 1)","(1, 0, 1, 7)",-200.39423425737664,"FCR_GERMANY_SETTLEMENTCAPACITY_PRICE_[EUR/MW], RES_SHARE",2,1_3,10.1,0.0030611295408378794,0.05532747546055106,0.005733417146171094,1,9.59467252453945
2024-10-04 04:00:00,8.96,9.380410733048755,"(1, 0, 1)","(1, 0, 1, 7)",-199.30561769454116,"FCR_GERMANY_SETTLEMENTCAPACITY_PRICE_[EUR/MW], RES_SHARE",2,1_3,9.5,0.17674518446259116,0.42041073304875454,0.04692084074204849,1,9.380410733048755
2024-10-05 04:00:00,8.28,8.127743990366744,"(1, 0, 1)","(1, 0, 1, 7)",-199.1712164149577,"FCR_GERMANY_SETTLEMENTCAPACITY_PRICE_[EUR/MW], RES_SHARE",2,1_3,8.59,0.023181892469441984,0.15225600963325547,0.018388406960538103,1,8.127743990366744
2024-10-06 04:00:00,7.4,7.999723964807979,"(1, 0, 1)","(1, 0, 1, 7)",-199.04732278242503,"FCR_GERMANY_SETTLEMENTCAPACITY_PRICE_[EUR/MW], RES_SHARE",2,1_3,7.85,0.3596688339650013,0.5997239648079784,0.08104377902810518,0,0.0
2024-10-07 04:00:00,8.69,9.315713124035767,"(1, 0, 1)","(1, 0, 1, 7)",-200.52380978596716,"FCR_GERMANY_SETTLEMENTCAPACITY_PRICE_[EUR/MW], RES_SHARE",2,1_3,9.9,0.3915169135905999,0.6257131240357676,0.07200381174174542,1,9.315713124035767
2024-10-08 04:00:00,8.01,8.993254368206037,"(1, 0, 1)","(1, 0, 1, 7)",-202.96385262209972,"FCR_GERMANY_SETTLEMENTCAPACITY_PRICE_[EUR/MW], RES_SHARE",2,1_3,8.54,0.9667891525962526,0.9832543682060368,0.12275335433283856,0,0.0
2024-10-09 04:00:00,7.46,7.476335102350956,"(1, 0, 1)","(1, 0, 1, 7)",-198.05879946065647,"FCR_GERMANY_SETTLEMENTCAPACITY_PRICE_[EUR/MW], RES_SHARE",2,1_3,7.85,0.00026683556881620566,0.01633510235095592,0.0021896920041495874,1,7.476335102350956
2024-10-10 04:00:00,7.01,6.930113821110169,"(1, 0, 1)","(1, 0, 1, 7)",-198.29083218018656,"FCR_GERMANY_SETTLEMENTCAPACITY_PRICE_[EUR/MW], RES_SHARE",2,1_3,7.97,0.006381801577618092,0.07988617888983107,0.011396031225368199,1,6.930113821110169
2024-10-11 04:00:00,7.17,6.999991607075471,"(1, 0, 1)","(1, 0, 1, 7)",-196.35274767384516,"FCR_GERMANY_SETTLEMENTCAPACITY_PRICE_[EUR/MW], RES_SHARE",2,1_3,8.87,0.028902853664780917,0.17000839292452863,0.023711072932291303,1,6.999991607075471
2024-10-12 04:00:00,7.12,6.797921729641781,"(1, 0, 1)","(1, 0, 1, 7)",-196.9298221097164,"FCR_GERMANY_SETTLEMENTCAPACITY_PRICE_[EUR/MW], RES_SHARE",2,1_3,7.78,0.10373441223694188,0.3220782703582188,0.04523571212896331,1,6.797921729641781
2024-10-13 04:00:00,6.45,6.066688281717053,"(1, 0, 1)","(1, 0, 1, 7)",-197.71058124356767,"FCR_GERMANY_SETTLEMENTCAPACITY_PRICE_[EUR/MW], RES_SHARE",2,1_3,6.81,0.1469278733730252,0.38331171828294686,0.05942817337720106,1,6.066688281717053
2024-10-14 04:00:00,21.41,8.234875218810755,"(1, 0, 2)","(1, 0, 1, 7)",-195.7854289653703,"FCR_GERMANY_SETTLEMENTCAPACITY_PRICE_[EUR/MW], RES_SHARE",2,1_3,48.29,173.58391299990694,13.175124781189245,0.6153724792708661,1,8.234875218810755
2024-10-15 04:00:00,29.08,17.60543338446088,"(1, 0, 1)","(1, 0, 1, 7)",-136.98491481092225,"FCR_GERMANY_SETTLEMENTCAPACITY_PRICE_[EUR/MW], RES_SHARE",2,1_3,40.85,131.66567901444483,11.474566615539118,0.3945861972331196,1,17.60543338446088
2024-10-16 04:00:00,19.72,14.20206841940626,"(1, 0, 1)","(1, 0, 1, 7)",-133.99528428261624,"FCR_GERMANY_SETTLEMENTCAPACITY_PRICE_[EUR/MW], RES_SHARE",2,1_3,24.05,30.44756892811372,5.517931580593739,0.2798139746751389,1,14.20206841940626
2024-10-17 04:00:00,15.71,15.902604499579684,"(2, 0, 0)","(1, 0, 1, 7)",-133.2993474119533,"FCR_GERMANY_SETTLEMENTCAPACITY_PRICE_[EUR/MW], RES_SHARE",2,1_3,18.8,0.03709649325834035,0.19260449957968362,0.012259993607872922,1,15.902604499579684
2024-10-18 04:00:00,14.36,16.893994909334143,"(1, 0, 1)","(1, 0, 1, 7)",-133.7498238192383,"FCR_GERMANY_SETTLEMENTCAPACITY_PRICE_[EUR/MW], RES_SHARE",2,1_3,15.18,6.421130200531356,2.533994909334144,0.17646204103998217,0,0.0
2024-10-19 04:00:00,11.95,12.515541140818836,"(1, 0, 1)","(1, 0, 1, 7)",-132.64928852042237,"FCR_GERMANY_SETTLEMENTCAPACITY_PRICE_[EUR/MW], RES_SHARE",2,1_3,13.01,0.31983678195867177,0.5655411408188371,0.04732561847856378,1,12.515541140818836
2024-10-20 04:00:00,10.07,11.545679209301232,"(1, 0, 0)","(2, 0, 1, 7)",-131.85087754604325,"FCR_GERMANY_SETTLEMENTCAPACITY_PRICE_[EUR/MW], RES_SHARE",2,1_3,10.5,2.177629128763909,1.4756792093012319,0.14654212604778866,0,0.0
2024-10-21 04:00:00,9.84,15.686752483848856,"(1, 0, 1)","(1, 0, 1, 7)",-131.9518660161365,"FCR_GERMANY_SETTLEMENTCAPACITY_PRICE_[EUR/MW], RES_SHARE",2,1_3,11.9,34.18451460739277,5.8467524838488565,0.5941821629927699,0,0.0
2024-10-22 04:00:00,10.79,10.86263238749892,"(1, 0, 0)","(1, 0, 2, 7)",-130.1725014737223,"FCR_GERMANY_SETTLEMENTCAPACITY_PRICE_[EUR/MW], RES_SHARE",2,1_3,11.76,0.005275463713793348,0.07263238749892054,0.006731453892393007,1,10.86263238749892
2024-10-23 04:00:00,14.06,11.969095586115683,"(1, 0, 0)","(1, 0, 2, 7)",-131.12736925344927,"FCR_GERMANY_SETTLEMENTCAPACITY_PRICE_[EUR/MW], RES_SHARE",2,1_3,22.28,4.371881268000919,2.090904413884317,0.14871297396047775,1,11.969095586115683
2024-10-24 04:00:00,13.22,13.650396738052514,"(1, 0, 2)","(2, 0, 1, 7)",-121.02087993462244,"FCR_GERMANY_SETTLEMENTCAPACITY_PRICE_[EUR/MW], RES_SHARE",2,1_3,14.0,0.18524135212624376,0.43039673805251333,0.032556485480522944,1,13.650396738052514
2024-10-25 04:00:00,11.25,12.822847443415489,"(1, 0, 1)","(1, 0, 2, 7)",-125.26808958490292,"FCR_GERMANY_SETTLEMENTCAPACITY_PRICE_[EUR/MW], RES_SHARE",2,1_3,11.9,2.473849080258639,1.5728474434154887,0.1398086616369323,0,0.0
2024-10-26 04:00:00,9.22,10.524645915655167,"(1, 0, 1)","(1, 0, 2, 7)",-125.2537603088434,"FCR_GERMANY_SETTLEMENTCAPACITY_PRICE_[EUR/MW], RES_SHARE",2,1_3,9.96,1.7021009652357082,1.3046459156551666,0.1415017262098879,0,0.0
2024-10-27 04:00:00,7.7,7.101893635807312,"(1, 0, 1)","(1, 0, 2, 7)",-124.68010101513704,"FCR_GERMANY_SETTLEMENTCAPACITY_PRICE_[EUR/MW], RES_SHARE",2,1_3,8.2,0.35773122288779635,0.598106364192688,0.07767615119385558,1,7.101893635807312
2024-10-28 04:00:00,8.66,11.212934262608456,"(1, 0, 1)","(2, 0, 1, 7)",-123.09726033220568,"FCR_GERMANY_SETTLEMENTCAPACITY_PRICE_[EUR/MW], RES_SHARE",2,1_3,10.78,6.517473349200182,2.5529342626084564,0.2947961042273044,0,0.0
2024-10-29 04:00:00,8.84,8.462221887438462,"(2, 0, 0)","(1, 0, 1, 7)",-120.40946169436832,"FCR_GERMANY_SETTLEMENTCAPACITY_PRICE_[EUR/MW], RES_SHARE",2,1_3,10.43,0.1427163023305581,0.37777811256153804,0.04273508060650883,1,8.462221887438462
2024-10-30 04:00:00,8.2,9.901640300752709,"(1, 0, 1)","(1, 0, 1, 7)",-120.21520801091214,"FCR_GERMANY_SETTLEMENTCAPACITY_PRICE_[EUR/MW], RES_SHARE",2,1_3,9.52,2.8955797131457706,1.7016403007527092,0.20751710984789137,0,0.0
2024-10-31 04:00:00,7.52,7.569425477829241,"(2, 0, 0)","(1, 0, 2, 7)",-120.1068252483775,"FCR_GERMANY_SETTLEMENTCAPACITY_PRICE_[EUR/MW], RES_SHARE",2,1_3,7.85,0.002442877858648827,0.04942547782924134,0.006572536945377838,1,7.569425477829241
2024-11-01 04:00:00,6.58,6.238259059787268,"(1, 0, 1)","(1, 0, 2, 7)",-119.57185409723502,"FCR_GERMANY_SETTLEMENTCAPACITY_PRICE_[EUR/MW], RES_SHARE",2,1_3,7.09,0.11678687021748226,0.34174094021273227,0.051936313102238944,1,6.238259059787268
2024-11-02 04:00:00,5.88,6.454957178191936,"(2, 0, 0)","(1, 0, 2, 7)",-117.61719791503596,"FCR_GERMANY_SETTLEMENTCAPACITY_PRICE_[EUR/MW], RES_SHARE",2,1_3,6.81,0.33057575675443396,0.5749571781919363,0.0977818330258395,1,6.454957178191936
2024-11-03 04:00:00,5.38,5.694577321067212,"(1, 0, 1)","(1, 0, 2, 7)",-117.1013144432741,"FCR_GERMANY_SETTLEMENTCAPACITY_PRICE_[EUR/MW], RES_SHARE",2,1_3,5.83,0.09895889092982367,0.3145773210672118,0.058471621016210375,1,5.694577321067212
2024-11-04 04:00:00,7.23,5.693571990579254,"(1, 0, 1)","(1, 0, 2, 7)",-117.69576788499634,"FCR_GERMANY_SETTLEMENTCAPACITY_PRICE_[EUR/MW], RES_SHARE",2,1_3,8.4,2.3606110281325985,1.5364280094207468,0.21250733187008944,1,5.693571990579254
2024-11-05 04:00:00,19.03,7.590689011644822,"(1, 0, 1)","(1, 0, 2, 7)",-117.37622586594026,"FCR_GERMANY_SETTLEMENTCAPACITY_PRICE_[EUR/MW], RES_SHARE",2,1_3,31.03,130.85783588830353,11.439310988355178,0.6011198627617014,1,7.590689011644822
2024-11-06 04:00:00,24.84,20.113244659552468,"(2, 0, 0)","(1, 0, 1, 7)",-82.45476042789042,"FCR_GERMANY_SETTLEMENTCAPACITY_PRICE_[EUR/MW], RES_SHARE",2,1_3,44.62,22.342216048449266,4.726755340447532,0.19028805718387812,1,20.113244659552468
2024-11-07 04:00:00,29.74,18.23546542376143,"(2, 0, 0)","(1, 0, 1, 7)",-71.58029299546712,"FCR_GERMANY_SETTLEMENTCAPACITY_PRICE_[EUR/MW], RES_SHARE",2,1_3,37.24,132.35431581586874,11.50453457623857,0.38683707384796806,1,18.23546542376143
2024-11-08 04:00:00,22.1,17.82577784932944,"(1, 0, 2)","(1, 0, 1, 7)",-59.038236710305085,"FCR_GERMANY_SETTLEMENTCAPACITY_PRICE_[EUR/MW], RES_SHARE",2,1_3,27.5,18.26897499328287,4.27422215067056,0.19340371722491223,1,17.82577784932944
2024-11-09 04:00:00,15.84,17.089902321364555,"(2, 0, 0)","(1, 0, 1, 7)",-55.29482789647783,"FCR_GERMANY_SETTLEMENTCAPACITY_PRICE_[EUR/MW], RES_SHARE",2,1_3,17.0,1.5622558129525035,1.249902321364555,0.0789079748336209,0,0.0
2024-11-10 04:00:00,8.67,17.008649139394464,"(2, 0, 0)","(1, 0, 1, 7)",-55.52032327238794,"FCR_GERMANY_SETTLEMENTCAPACITY_PRICE_[EUR/MW], RES_SHARE",2,1_3,9.74,69.53306946992404,8.338649139394464,0.9617819076579543,0,0.0
2024-11-11 04:00:00,7.86,8.080818187707196,"(2, 0, 0)","(2, 0, 1, 7)",-49.81219417731887,"FCR_GERMANY_SETTLEMENTCAPACITY_PRICE_[EUR/MW], RES_SHARE",2,1_3,9.69,0.04876067202229043,0.22081818770719597,0.028093917011093632,1,8.080818187707196
2024-11-12 04:00:00,10.55,10.105236573785316,"(2, 0, 0)","(1, 0, 1, 7)",-48.25913300835519,"FCR_GERMANY_SETTLEMENTCAPACITY_PRICE_[EUR/MW], RES_SHARE",2,1_3,18.97,0.19781450529822545,0.4447634262146849,0.04215767073124975,1,10.105236573785316
2024-11-13 04:00:00,12.38,9.680280975560526,"(2, 0, 0)","(1, 0, 2, 7)",-47.03134145150071,"FCR_GERMANY_SETTLEMENTCAPACITY_PRICE_[EUR/MW], RES_SHARE",2,1_3,18.0,7.288482810920428,2.6997190244394744,0.21807100358961828,1,9.680280975560526
2024-11-14 04:00:00,10.15,10.536357279877816,"(2, 0, 0)","(1, 0, 2, 7)",-46.892477975981855,"FCR_GERMANY_SETTLEMENTCAPACITY_PRICE_[EUR/MW], RES_SHARE",2,1_3,13.23,0.1492719477145846,0.38635727987781543,0.038064756638208415,1,10.536357279877816
2024-11-15 04:00:00,9.13,10.186320183030022,"(2, 0, 0)","(1, 0, 1, 7)",-47.8798262300489,"FCR_GERMANY_SETTLEMENTCAPACITY_PRICE_[EUR/MW], RES_SHARE",2,1_3,9.79,1.1158123290765767,1.0563201830300208,0.11569771993757073,0,0.0
2024-11-16 04:00:00,7.41,6.788534197193741,"(2, 0, 0)","(1, 0, 1, 7)",-47.96231414687727,"FCR_GERMANY_SETTLEMENTCAPACITY_PRICE_[EUR/MW], RES_SHARE",2,1_3,7.89,0.3862197440576285,0.6214658028062594,0.08386852939355727,1,6.788534197193741
2024-11-17 04:00:00,5.9,4.886838332783839,"(2, 0, 0)","(1, 0, 1, 7)",-47.2294961120823,"FCR_GERMANY_SETTLEMENTCAPACITY_PRICE_[EUR/MW], RES_SHARE",2,1_3,6.39,1.0264965639162322,1.0131616672161616,0.17172231647731553,1,4.886838332783839
2024-11-18 04:00:00,7.09,7.66031206629338,"(2, 0, 0)","(1, 0, 2, 7)",-45.03038780583304,"FCR_GERMANY_SETTLEMENTCAPACITY_PRICE_[EUR/MW], RES_SHARE",2,1_3,7.97,0.32525585295982473,0.57031206629338,0.08043893741796616,1,7.66031206629338
2024-11-19 04:00:00,7.13,7.772350900512584,"(2, 0, 0)","(1, 0, 2, 7)",-44.981539433237465,"FCR_GERMANY_SETTLEMENTCAPACITY_PRICE_[EUR/MW], RES_SHARE",2,1_3,8.56,0.4126146793893276,0.642350900512584,0.09009129039447182,1,7.772350900512584
2024-11-20 04:00:00,6.78,8.44151207839617,"(1, 0, 1)","(1, 0, 1, 7)",-43.010366961687566,"FCR_GERMANY_SETTLEMENTCAPACITY_PRICE_[EUR/MW], RES_SHARE",2,1_3,7.42,2.760622386656362,1.6615120783961705,0.24506077852450892,0,0.0
2024-11-21 04:00:00,6.47,6.009238704701064,"(2, 0, 0)","(1, 0, 1, 7)",-43.52044738855282,"FCR_GERMANY_SETTLEMENTCAPACITY_PRICE_[EUR/MW], RES_SHARE",2,1_3,6.78,0.21230097124555347,0.46076129529893617,0.07121503791328225,1,6.009238704701064
2024-11-22 04:00:00,6.0,6.666988819359951,"(2, 0, 0)","(1, 0, 1, 7)",-43.78988190756267,"FCR_GERMANY_SETTLEMENTCAPACITY_PRICE_[EUR/MW], RES_SHARE",2,1_3,6.27,0.4448740851511818,0.6669888193599514,0.11116480322665856,0,0.0
2024-11-23 04:00:00,5.22,5.124030243612344,"(2, 0, 0)","(1, 0, 1, 7)",-43.12436929980887,"FCR_GERMANY_SETTLEMENTCAPACITY_PRICE_[EUR/MW], RES_SHARE",2,1_3,5.62,0.009210194141106003,0.09596975638765581,0.018385010802232916,1,5.124030243612344
2024-11-24 04:00:00,4.29,4.273687569679683,"(2, 0, 0)","(1, 0, 1, 7)",-42.39067365132055,"FCR_GERMANY_SETTLEMENTCAPACITY_PRICE_[EUR/MW], RES_SHARE",2,1_3,4.79,0.0002660953829552059,0.01631243032031726,0.0038024313100972636,1,4.273687569679683
2024-11-25 04:00:00,5.24,6.083322384401397,"(2, 0, 0)","(1, 0, 1, 7)",-41.65156710239866,"FCR_GERMANY_SETTLEMENTCAPACITY_PRICE_[EUR/MW], RES_SHARE",2,1_3,7.15,0.711192644032457,0.8433223844013966,0.16093938633614438,1,6.083322384401397
2024-11-26 04:00:00,14.79,6.906493148015592,"(2, 0, 0)","(1, 0, 1, 7)",-41.4420385581612,"FCR_GERMANY_SETTLEMENTCAPACITY_PRICE_[EUR/MW], RES_SHARE",2,1_3,24.61,62.1496802852851,7.883506851984407,0.5330295369833947,1,6.906493148015592
2024-11-27 04:00:00,17.3,17.382768780081367,"(2, 0, 1)","(2, 0, 1, 7)",-26.792604008657364,"FCR_GERMANY_SETTLEMENTCAPACITY_PRICE_[EUR/MW], RES_SHARE",2,1_3,28.1,0.006850670956157586,0.08276878008136634,0.004784322548055858,1,17.382768780081367
2024-11-28 04:00:00,15.16,12.959634867874517,"(2, 0, 0)","(2, 0, 1, 7)",-25.10333477566506,"FCR_GERMANY_SETTLEMENTCAPACITY_PRICE_[EUR/MW], RES_SHARE",2,1_3,19.17,4.841606714673596,2.2003651321254836,0.1451428187417865,1,12.959634867874517
2024-11-29 04:00:00,13.88,15.166283411670872,"(2, 0, 1)","(2, 0, 1, 7)",-25.663887099988465,"FCR_GERMANY_SETTLEMENTCAPACITY_PRICE_[EUR/MW], RES_SHARE",2,1_3,18.0,1.6545250151396549,1.2862834116708708,0.09267171553824717,1,15.166283411670872
2024-11-30 04:00:00,9.89,9.304196493513958,"(2, 0, 0)","(1, 0, 1, 7)",-24.925581999345734,"FCR_GERMANY_SETTLEMENTCAPACITY_PRICE_[EUR/MW], RES_SHARE",2,1_3,11.6,0.3431657482113431,0.5858035064860427,0.05923190156582838,1,9.304196493513958
2024-12-01 04:00:00,8.47,7.5236204114044,"(2, 0, 0)","(1, 0, 2, 7)",-26.062880281595405,"FCR_GERMANY_SETTLEMENTCAPACITY_PRICE_[EUR/MW], RES_SHARE",2,1_3,9.05,0.895634325710379,0.946379588595601,0.11173312734304615,1,7.5236204114044
2024-12-02 04:00:00,8.62,9.00386520470854,"(2, 0, 0)","(1, 0, 2, 7)",-26.07056468032525,"FCR_GERMANY_SETTLEMENTCAPACITY_PRICE_[EUR/MW], RES_SHARE",2,1_3,11.5,0.14735249538592934,0.38386520470854,0.04453192630029467,1,9.00386520470854
2024-12-03 04:00:00,8.67,11.05724301482741,"(2, 0, 1)","(1, 0, 1, 7)",-24.04263272240034,"FCR_GERMANY_SETTLEMENTCAPACITY_PRICE_[EUR/MW], RES_SHARE",2,1_3,9.48,5.6989292118422625,2.38724301482741,0.2753452150896667,0,0.0
2024-12-04 04:00:00,16.56,8.915875032633657,"(2, 0, 1)","(2, 0, 1, 7)",-23.140780863879243,"FCR_GERMANY_SETTLEMENTCAPACITY_PRICE_[EUR/MW], RES_SHARE",2,1_3,23.75,58.43264651671347,7.644124967366341,0.46160174923709796,1,8.915875032633657
2024-12-05 04:00:00,12.64,15.859040329921593,"(2, 0, 0)","(2, 0, 1, 7)",-12.809589995749594,"FCR_GERMANY_SETTLEMENTCAPACITY_PRICE_[EUR/MW], RES_SHARE",2,1_3,14.51,10.362220645661711,3.219040329921592,0.2546709121773411,0,0.0
2024-12-06 04:00:00,9.63,9.82520327880979,"(1, 0, 0)","(1, 0, 2, 7)",-15.368770420471616,"FCR_GERMANY_SETTLEMENTCAPACITY_PRICE_[EUR/MW], RES_SHARE",2,1_3,10.8,0.03810432005809215,0.19520327880978883,0.020270330094474435,1,9.82520327880979
2024-12-07 04:00:00,8.08,7.807961012420719,"(1, 0, 0)","(1, 0, 2, 7)",-15.007628164760234,"FCR_GERMANY_SETTLEMENTCAPACITY_PRICE_[EUR/MW], RES_SHARE",2,1_3,8.65,0.07400521076316009,0.2720389875792808,0.033668191532089206,1,7.807961012420719
2024-12-08 04:00:00,6.61,6.823069762905246,"(1, 0, 1)","(1, 0, 2, 7)",-15.420962939911355,"FCR_GERMANY_SETTLEMENTCAPACITY_PRICE_[EUR/MW], RES_SHARE",2,1_3,7.28,0.04539872386449757,0.2130697629052456,0.032234457323032616,1,6.823069762905246
2024-12-09 04:00:00,6.83,6.757608817119442,"(2, 0, 0)","(1, 0, 2, 7)",-15.611096043955094,"FCR_GERMANY_SETTLEMENTCAPACITY_PRICE_[EUR/MW], RES_SHARE",2,1_3,7.83,0.005240483358846444,0.07239118288055835,0.0105990018858797,1,6.757608817119442
2024-12-10 04:00:00,7.61,10.488537593919368,"(2, 0, 0)","(1, 0, 2, 7)",-15.981459534309202,"FCR_GERMANY_SETTLEMENTCAPACITY_PRICE_[EUR/MW], RES_SHARE",2,1_3,10.43,8.285978679607101,2.8785375939193676,0.3782572396740299,0,0.0
2024-12-11 04:00:00,14.34,9.31224666269175,"(2, 0, 0)","(1, 0, 2, 7)",-13.940701014965548,"FCR_GERMANY_SETTLEMENTCAPACITY_PRICE_[EUR/MW], RES_SHARE",2,1_3,21.72,25.27830362081424,5.0277533373082495,0.3506104140382322,1,9.31224666269175
2024-12-12 04:00:00,20.66,13.793420954644755,"(2, 0, 1)","(1, 0, 2, 7)",-7.708000996609407,"FCR_GERMANY_SETTLEMENTCAPACITY_PRICE_[EUR/MW], RES_SHARE",2,1_3,28.98,47.14990778611174,6.866579045355245,0.33236103801332256,1,13.793420954644755
2024-12-13 04:00:00,19.18,17.334334900312786,"(2, 0, 0)","(1, 0, 2, 7)",-3.442329361410451,"FCR_GERMANY_SETTLEMENTCAPACITY_PRICE_[EUR/MW], RES_SHARE",2,1_3,25.0,3.4064796602034115,1.8456650996872135,0.09622862876367119,1,17.334334900312786
2024-12-14 04:00:00,13.0,11.730620021514632,"(2, 0, 0)","(1, 0, 2, 7)",-3.423890113574437,"FCR_GERMANY_SETTLEMENTCAPACITY_PRICE_[EUR/MW], RES_SHARE",2,1_3,14.24,1.6113255297795135,1.269379978485368,0.0976446137296437,1,11.730620021514632
2024-12-15 04:00:00,9.37,9.475807744725994,"(2, 0, 0)","(1, 0, 2, 7)",-3.4738404599660235,"FCR_GERMANY_SETTLEMENTCAPACITY_PRICE_[EUR/MW], RES_SHARE",2,1_3,10.56,0.011195278844001339,0.10580774472599508,0.011292181934471193,1,9.475807744725994
2024-12-16 04:00:00,8.28,9.04916261521973,"(2, 0, 1)","(1, 0, 2, 7)",-3.6056800948154937,"FCR_GERMANY_SETTLEMENTCAPACITY_PRICE_[EUR/MW], RES_SHARE",2,1_3,9.46,0.5916111286516558,0.7691626152197308,0.09289403565455687,1,9.04916261521973
2024-12-17 04:00:00,8.47,8.00115279556848,"(2, 0, 0)","(1, 0, 0, 7)",0.9682094945437124,"FCR_GERMANY_SETTLEMENTCAPACITY_PRICE_[EUR/MW], RES_SHARE",2,1_3,9.6,0.2198177011032523,0.46884720443152084,0.05535386120797176,1,8.00115279556848
2024-12-18 04:00:00,7.72,10.502748174686712,"(2, 0, 0)","(2, 0, 1, 7)",-2.256311107055588,"FCR_GERMANY_SETTLEMENTCAPACITY_PRICE_[EUR/MW], RES_SHARE",2,1_3,8.82,7.743687403722228,2.782748174686712,0.3604596081200404,0,0.0
2024-12-19 04:00:00,7.08,6.913001773780189,"(2, 0, 0)","(2, 0, 1, 7)",-0.8290230577997164,"FCR_GERMANY_SETTLEMENTCAPACITY_PRICE_[EUR/MW], RES_SHARE",2,1_3,7.89,0.027888407560563273,0.1669982262198113,0.02358732008754397,1,6.913001773780189
2024-12-20 04:00:00,6.77,8.060601920137318,"(2, 0, 4)","(0, 0, 0, 7)",-3.763269974852548,"FCR_GERMANY_SETTLEMENTCAPACITY_PRICE_[EUR/MW], RES_SHARE",2,1_3,7.05,1.665653316262132,1.290601920137318,0.19063543872043104,0,0.0
2024-12-21 04:00:00,5.98,6.284971516872755,"(2, 0, 4)","(0, 0, 0, 7)",-3.2454566055780205,"FCR_GERMANY_SETTLEMENTCAPACITY_PRICE_[EUR/MW], RES_SHARE",2,1_3,6.25,0.09300762610366876,0.3049715168727545,0.05099858141684857,0,0.0
2024-12-22 04:00:00,4.99,5.565573792222516,"(2, 0, 0)","(1, 0, 2, 7)",-0.6932077382383355,"FCR_GERMANY_SETTLEMENTCAPACITY_PRICE_[EUR/MW], RES_SHARE",2,1_3,5.23,0.3312851902934074,0.5755737922225155,0.11534544934318947,0,0.0
2024-12-23 04:00:00,4.27,5.270212051734385,"(2, 0, 1)","(1, 0, 2, 7)",-1.7396410590958666,"FCR_GERMANY_SETTLEMENTCAPACITY_PRICE_[EUR/MW], RES_SHARE",2,1_3,4.98,1.0004241484347083,1.000212051734385,0.23424169829845087,0,0.0
2024-12-24 04:00:00,4.6,4.946588074764374,"(2, 0, 0)","(1, 0, 2, 7)",-0.1922205154771568,"FCR_GERMANY_SETTLEMENTCAPACITY_PRICE_[EUR/MW], RES_SHARE",2,1_3,5.34,0.12012329356887524,0.3465880747643739,0.07534523364442912,1,4.946588074764374
2024-12-25 04:00:00,4.32,4.4441129568231945,"(2, 0, 4)","(0, 0, 0, 7)",-3.883295744332269,"FCR_GERMANY_SETTLEMENTCAPACITY_PRICE_[EUR/MW], RES_SHARE",2,1_3,4.85,0.015404026051396076,0.12411295682319423,0.028729851116480146,1,4.4441129568231945
2024-12-26 04:00:00,4.15,4.666826364357939,"(2, 0, 0)","(1, 0, 1, 7)",0.9354909734530104,"FCR_GERMANY_SETTLEMENTCAPACITY_PRICE_[EUR/MW], RES_SHARE",2,1_3,4.4,0.2671094908954446,0.5168263643579385,0.12453647333926228,0,0.0
2024-12-27 04:00:00,4.14,3.7398869835475415,"(2, 0, 2)","(0, 0, 1, 7)",4.624315678827363,"FCR_GERMANY_SETTLEMENTCAPACITY_PRICE_[EUR/MW], RES_SHARE",2,1_3,4.86,0.16009042593468512,0.4001130164524582,0.09664565614793677,1,3.7398869835475415
2024-12-28 04:00:00,3.95,4.017145785134455,"(2, 0, 0)","(1, 0, 1, 7)",1.6412144199546503,"FCR_GERMANY_SETTLEMENTCAPACITY_PRICE_[EUR/MW], RES_SHARE",2,1_3,4.23,0.00450855646132243,0.06714578513445524,0.016998932945431706,1,4.017145785134455
2024-12-29 04:00:00,3.62,3.288537414164444,"(2, 0, 0)","(1, 0, 1, 7)",1.9385121469554267,"FCR_GERMANY_SETTLEMENTCAPACITY_PRICE_[EUR/MW], RES_SHARE",2,1_3,4.89,0.10986744580879347,0.3314625858355562,0.09156425023081663,1,3.288537414164444
2024-12-30 04:00:00,3.56,3.2056792318463594,"(2, 0, 0)","(1, 0, 1, 7)",2.206866212664986,"FCR_GERMANY_SETTLEMENTCAPACITY_PRICE_[EUR/MW], RES_SHARE",2,1_3,3.94,0.12554320674498598,0.35432076815364066,0.09952830566113502,1,3.2056792318463594
2024-12-31 04:00:00,3.27,4.177626817043556,"(2, 0, 0)","(1, 0, 1, 7)",1.5776865132222664,"FCR_GERMANY_SETTLEMENTCAPACITY_PRICE_[EUR/MW], RES_SHARE",2,1_3,3.57,0.8237864390166174,0.9076268170435564,0.27756171775032307,0,0.0
2025-01-01 04:00:00,2.84,2.478031426571081,"(2, 0, 0)","(1, 0, 1, 7)",3.4150252685949383,"FCR_GERMANY_SETTLEMENTCAPACITY_PRICE_[EUR/MW], RES_SHARE",2,1_3,3.24,0.13102124815016647,0.36196857342891864,0.12745372303835165,1,2.478031426571081
2025-01-02 04:00:00,3.18,3.2600801898693605,"(2, 0, 0)","(1, 0, 1, 7)",5.356413032473883,"FCR_GERMANY_SETTLEMENTCAPACITY_PRICE_[EUR/MW], RES_SHARE",2,1_3,4.49,0.00641283680951281,0.08008018986936039,0.02518244964445295,1,3.2600801898693605
2025-01-03 04:00:00,3.73,3.0215134282865,"(2, 0, 0)","(1, 0, 1, 7)",5.339676727901904,"FCR_GERMANY_SETTLEMENTCAPACITY_PRICE_[EUR/MW], RES_SHARE",2,1_3,4.47,0.5019532222983482,0.7084865717134998,0.18994278062024125,1,3.0215134282865
2025-01-04 04:00:00,3.79,3.788829171925898,"(2, 0, 0)","(1, 0, 1, 7)",5.305417459101115,"FCR_GERMANY_SETTLEMENTCAPACITY_PRICE_[EUR/MW], RES_SHARE",2,1_3,4.38,1.3708383791050434e-06,0.0011708280741018484,0.00030892561321948505,1,3.788829171925898
2025-01-05 04:00:00,3.79,3.451801459475404,"(2, 0, 0)","(1, 0, 1, 7)",5.410738220060921,"FCR_GERMANY_SETTLEMENTCAPACITY_PRICE_[EUR/MW], RES_SHARE",2,1_3,7.05,0.11437825281296678,0.33819854052459597,0.08923444341018363,1,3.451801459475404
2025-01-06 04:00:00,3.79,3.4273706601737666,"(2, 0, 0)","(1, 0, 1, 7)",5.622105011190298,"FCR_GERMANY_SETTLEMENTCAPACITY_PRICE_[EUR/MW], RES_SHARE",2,1_3,5.36,0.1315000381028099,0.36262933982623347,0.09568056459795078,1,3.4273706601737666
2025-01-07 04:00:00,3.95,3.7853549180809294,"(2, 0, 0)","(1, 0, 1, 7)",5.585628249811505,"FCR_GERMANY_SETTLEMENTCAPACITY_PRICE_[EUR/MW], RES_SHARE",2,1_3,5.08,0.02710800300013753,0.1646450819190708,0.04168229922001792,1,3.7853549180809294
2025-01-08 04:00:00,4.45,4.10848049134032,"(2, 0, 0)","(1, 0, 1, 7)",5.496829790790743,"FCR_GERMANY_SETTLEMENTCAPACITY_PRICE_[EUR/MW], RES_SHARE",2,1_3,5.72,0.11663557479514959,0.3415195086596805,0.07674595700217539,1,4.10848049134032
2025-01-09 04:00:00,51.57,4.929015564646166,"(2, 0, 0)","(1, 0, 1, 7)",5.473364397885209,"FCR_GERMANY_SETTLEMENTCAPACITY_PRICE_[EUR/MW], RES_SHARE",2,1_3,304.39,2175.381429098919,46.640984435353836,0.9044208732858995,1,4.929015564646166
2025-01-10 04:00:00,25.64,28.5533073698698,"(2, 0, 0)","(1, 0, 0, 7)",38.66158094705067,"FCR_GERMANY_SETTLEMENTCAPACITY_PRICE_[EUR/MW], RES_SHARE",2,1_3,37.46,8.487359831337683,2.9133073698697984,0.11362353236621678,1,28.5533073698698
2025-01-11 04:00:00,11.49,23.57514310790138,"(2, 0, 0)","(1, 0, 0, 7)",41.78901062444941,"FCR_GERMANY_SETTLEMENTCAPACITY_PRICE_[EUR/MW], RES_SHARE",2,1_3,15.41,146.0506839384562,12.085143107901379,1.05179661513502,0,0.0
2025-01-12 04:00:00,8.01,9.015839454984892,"(1, 0, 1)","(1, 0, 1, 7)",42.614990891691264,"FCR_GERMANY_SETTLEMENTCAPACITY_PRICE_[EUR/MW], RES_SHARE",2,1_3,9.05,1.0117130092043054,1.0058394549848924,0.12557296566602902,1,9.015839454984892
2025-01-13 04:00:00,10.29,8.79153064596219,"(1, 0, 1)","(1, 0, 0, 7)",40.74457391538255,"FCR_GERMANY_SETTLEMENTCAPACITY_PRICE_[EUR/MW], RES_SHARE",2,1_3,17.23,2.2454104049904884,1.498469354037809,0.14562384392981623,1,8.79153064596219
2025-01-14 04:00:00,10.36,9.014989433506384,"(1, 0, 1)","(1, 0, 0, 7)",29.60453235705088,"FCR_GERMANY_SETTLEMENTCAPACITY_PRICE_[EUR/MW], RES_SHARE",2,1_3,13.04,1.8090534239794749,1.345010566493615,0.12982727475807096,1,9.014989433506384
2025-01-15 04:00:00,16.97,11.042610068967733,"(1, 0, 1)","(1, 0, 0, 7)",29.617564940439543,"FCR_GERMANY_SETTLEMENTCAPACITY_PRICE_[EUR/MW], RES_SHARE",2,1_3,26.58,35.133951394502695,5.927389931032266,0.3492863836789786,1,11.042610068967733
2025-01-16 04:00:00,16.01,25.30098897841946,"(1, 0, 1)","(1, 0, 0, 7)",29.34702214226911,"FCR_GERMANY_SETTLEMENTCAPACITY_PRICE_[EUR/MW], RES_SHARE",2,1_3,20.62,86.32247619711188,9.29098897841946,0.5803241085833516,0,0.0
2025-01-17 04:00:00,13.85,14.068214122225744,"(1, 0, 1)","(1, 0, 1, 7)",29.211998250948124,"FCR_GERMANY_SETTLEMENTCAPACITY_PRICE_[EUR/MW], RES_SHARE",2,1_3,16.3,0.04761740313875189,0.21821412222574388,0.015755532290667427,1,14.068214122225744
2025-01-18 04:00:00,10.57,12.58367791724652,"(1, 0, 1)","(1, 0, 1, 7)",29.1203918918474,"FCR_GERMANY_SETTLEMENTCAPACITY_PRICE_[EUR/MW], RES_SHARE",2,1_3,12.3,4.054898754406283,2.01367791724652,0.19050879065719206,0,0.0
2025-01-19 04:00:00,8.26,9.271349535177178,"(1, 0, 1)","(1, 0, 1, 7)",28.96229752959395,"FCR_GERMANY_SETTLEMENTCAPACITY_PRICE_[EUR/MW], RES_SHARE",2,1_3,8.79,1.0228278823030943,1.0113495351771782,0.1224394110383993,0,0.0
2025-01-20 04:00:00,14.29,8.558574399610295,"(1, 0, 1)","(1, 0, 1, 7)",28.85022740718,"FCR_GERMANY_SETTLEMENTCAPACITY_PRICE_[EUR/MW], RES_SHARE",2,1_3,21.73,32.849239412802476,5.731425600389704,0.4010794681868233,1,8.558574399610295
2025-01-21 04:00:00,16.51,15.63853422416268,"(1, 0, 1)","(1, 0, 0, 7)",33.43240860951942,"FCR_GERMANY_SETTLEMENTCAPACITY_PRICE_[EUR/MW], RES_SHARE",2,1_3,29.48,0.7594525984557458,0.8714657758373221,0.05278411725241199,1,15.63853422416268
2025-01-22 04:00:00,16.38,17.424199328425384,"(1, 0, 1)","(1, 0, 1, 7)",33.18598747166355,"FCR_GERMANY_SETTLEMENTCAPACITY_PRICE_[EUR/MW], RES_SHARE",2,1_3,22.58,1.090352237484026,1.0441993284253854,0.06374843274880253,1,17.424199328425384
2025-01-23 04:00:00,13.85,14.36269561131845,"(1, 0, 1)","(1, 0, 1, 7)",32.964630714846535,"FCR_GERMANY_SETTLEMENTCAPACITY_PRICE_[EUR/MW], RES_SHARE",2,1_3,15.89,0.26285678986520006,0.5126956113184509,0.03701773366920223,1,14.36269561131845
2025-01-24 04:00:00,10.35,12.697697074166165,"(1, 0, 1)","(1, 0, 0, 7)",32.94598328081558,"FCR_GERMANY_SETTLEMENTCAPACITY_PRICE_[EUR/MW], RES_SHARE",2,1_3,11.76,5.511681552048371,2.347697074166165,0.22683063518513671,0,0.0
2025-01-25 04:00:00,8.23,8.929243082334482,"(1, 0, 1)","(1, 0, 0, 7)",32.84932476994956,"FCR_GERMANY_SETTLEMENTCAPACITY_PRICE_[EUR/MW], RES_SHARE",2,1_3,8.68,0.4889408881926265,0.6992430823344815,0.08496270745254939,0,0.0
2025-01-26 04:00:00,6.63,8.32825022710313,"(1, 0, 1)","(1, 0, 0, 7)",32.66928728447776,"FCR_GERMANY_SETTLEMENTCAPACITY_PRICE_[EUR/MW], RES_SHARE",2,1_3,7.38,2.884053833855832,1.69825022710313,0.2561463389295822,0,0.0
2025-01-27 04:00:00,5.71,5.954341308940392,"(1, 0, 1)","(1, 0, 0, 7)",32.45879857660068,"FCR_GERMANY_SETTLEMENTCAPACITY_PRICE_[EUR/MW], RES_SHARE",2,1_3,6.48,0.05970267525470402,0.24434130894039185,0.0427918229317674,1,5.954341308940392
2025-01-28 04:00:00,6.98,6.347303690035834,"(1, 0, 1)","(0, 0, 1, 7)",33.11880497539935,"FCR_GERMANY_SETTLEMENTCAPACITY_PRICE_[EUR/MW], RES_SHARE",2,1_3,11.27,0.4003046206422726,0.6326963099641665,0.09064417048197226,1,6.347303690035834
2025-01-29 04:00:00,18.07,6.746319257199236,"(1, 0, 1)","(0, 0, 1, 7)",33.25682521094247,"FCR_GERMANY_SETTLEMENTCAPACITY_PRICE_[EUR/MW], RES_SHARE",2,1_3,100.89,128.22574556487686,11.323680742800764,0.6266563775761352,1,6.746319257199236
2025-01-30 04:00:00,15.34,24.01484351677509,"(1, 0, 1)","(1, 0, 1, 7)",41.40495247391337,"FCR_GERMANY_SETTLEMENTCAPACITY_PRICE_[EUR/MW], RES_SHARE",2,1_3,19.75,75.25291004053483,8.674843516775091,0.5655047924885979,0,0.0
2025-01-31 04:00:00,11.04,13.20761081472392,"(1, 0, 1)","(1, 0, 0, 7)",42.53621845742986,"FCR_GERMANY_SETTLEMENTCAPACITY_PRICE_[EUR/MW], RES_SHARE",2,1_3,13.41,4.6985366441080965,2.16761081472392,0.19634155930470293,1,13.20761081472392
2025-02-01 04:00:00,8.5,9.898030938914973,"(1, 0, 1)","(1, 0, 0, 7)",42.53550129059252,"FCR_GERMANY_SETTLEMENTCAPACITY_PRICE_[EUR/MW], RES_SHARE",2,1_3,9.27,1.9544905061634803,1.3980309389149728,0.16447422810764387,0,0.0
2025-02-02 04:00:00,6.64,7.699044723250641,"(1, 0, 1)","(1, 0, 1, 7)",42.68063030201568,"FCR_GERMANY_SETTLEMENTCAPACITY_PRICE_[EUR/MW], RES_SHARE",2,1_3,7.18,1.1215757258450283,1.0590447232506417,0.15949468723654242,0,0.0
2025-02-03 04:00:00,14.56,6.895573262373396,"(1, 0, 1)","(1, 0, 1, 7)",42.49797166619937,"FCR_GERMANY_SETTLEMENTCAPACITY_PRICE_[EUR/MW], RES_SHARE",2,1_3,21.8,58.7434372164456,7.664426737626605,0.5264029352765525,1,6.895573262373396
2025-02-04 04:00:00,14.29,15.719700781584944,"(3, 0, 0)","(1, 0, 1, 7)",50.59992611079534,"FCR_GERMANY_SETTLEMENTCAPACITY_PRICE_[EUR/MW], RES_SHARE",2,1_3,16.37,2.044044324864602,1.4297007815849447,0.10004903999894646,1,15.719700781584944
2025-02-05 04:00:00,12.28,14.66929223282036,"(1, 0, 1)","(1, 0, 0, 7)",44.59950882535107,"FCR_GERMANY_SETTLEMENTCAPACITY_PRICE_[EUR/MW], RES_SHARE",2,1_3,18.0,5.708717373815708,2.3892922328203614,0.19456777140230958,1,14.66929223282036
2025-02-06 04:00:00,14.01,12.844345340053914,"(1, 0, 0)","(1, 0, 1, 7)",47.18964281469456,"FCR_GERMANY_SETTLEMENTCAPACITY_PRICE_[EUR/MW], RES_SHARE",2,1_3,18.91,1.3587507862540238,1.1656546599460853,0.08320161741228303,1,12.844345340053914
2025-02-07 04:00:00,11.03,11.874766263745885,"(3, 0, 0)","(1, 0, 1, 7)",41.36299996571488,"FCR_GERMANY_SETTLEMENTCAPACITY_PRICE_[EUR/MW], RES_SHARE",2,1_3,12.89,0.713630040363183,0.8447662637458855,0.07658805654994429,1,11.874766263745885
2025-02-08 04:00:00,8.51,9.418917213848903,"(1, 0, 1)","(1, 0, 1, 7)",37.74266772152252,"FCR_GERMANY_SETTLEMENTCAPACITY_PRICE_[EUR/MW], RES_SHARE",2,1_3,8.8,0.8261305016308537,0.9089172138489037,0.10680578306097575,0,0.0
2025-02-09 04:00:00,6.75,7.943991252469091,"(1, 0, 1)","(1, 0, 1, 7)",34.90676043736197,"FCR_GERMANY_SETTLEMENTCAPACITY_PRICE_[EUR/MW], RES_SHARE",2,1_3,7.09,1.4256151109727095,1.1939912524690914,0.1768875929583839,0,0.0
2025-02-10 04:00:00,9.66,7.254837026376651,"(1, 0, 1)","(1, 0, 1, 7)",31.88466511517438,"FCR_GERMANY_SETTLEMENTCAPACITY_PRICE_[EUR/MW], RES_SHARE",2,1_3,14.07,5.78480892968871,2.405162973623349,0.24898167428813134,1,7.254837026376651
2025-02-11 04:00:00,8.69,9.522322310741384,"(1, 0, 1)","(1, 0, 1, 7)",32.214642123641894,"FCR_GERMANY_SETTLEMENTCAPACITY_PRICE_[EUR/MW], RES_SHARE",2,1_3,10.5,0.6927604289578773,0.8323223107413842,0.09577932229475078,1,9.522322310741384
2025-02-12 04:00:00,10.22,12.150399892118388,"(1, 0, 1)","(1, 0, 1, 7)",32.42960266896921,"FCR_GERMANY_SETTLEMENTCAPACITY_PRICE_[EUR/MW], RES_SHARE",2,1_3,13.18,3.7264437434906825,1.9303998921183876,0.18888452956148605,1,12.150399892118388
2025-02-13 04:00:00,12.12,11.294309885972677,"(1, 0, 1)","(1, 0, 1, 7)",32.64231868996784,"FCR_GERMANY_SETTLEMENTCAPACITY_PRICE_[EUR/MW], RES_SHARE",2,1_3,15.07,0.6817641644024528,0.8256901140273225,0.06812624703195731,1,11.294309885972677
2025-02-14 04:00:00,13.57,10.554859424018352,"(1, 0, 1)","(1, 0, 1, 7)",32.057610763200174,"FCR_GERMANY_SETTLEMENTCAPACITY_PRICE_[EUR/MW], RES_SHARE",2,1_3,16.68,9.091072692930949,3.0151405759816488,0.22219164156091736,1,10.554859424018352
2025-02-15 04:00:00,9.85,11.165143625448689,"(1, 0, 1)","(1, 0, 1, 7)",32.59816275150904,"FCR_GERMANY_SETTLEMENTCAPACITY_PRICE_[EUR/MW], RES_SHARE",2,1_3,10.4,1.7296027555583222,1.3151436254486892,0.13351711933489233,0,0.0
2025-02-16 04:00:00,7.38,7.46684381389391,"(1, 0, 1)","(1, 0, 1, 7)",32.764359517062914,"FCR_GERMANY_SETTLEMENTCAPACITY_PRICE_[EUR/MW], RES_SHARE",2,1_3,7.93,0.007541848011640161,0.0868438138939105,0.011767454457169443,1,7.46684381389391
2025-02-17 04:00:00,12.78,10.281582623173486,"(2, 0, 0)","(1, 0, 1, 7)",33.40544390422142,"FCR_GERMANY_SETTLEMENTCAPACITY_PRICE_[EUR/MW], RES_SHARE",2,1_3,17.82,6.242089388828674,2.498417376826513,0.19549431743556442,1,10.281582623173486
2025-02-18 04:00:00,11.3,12.098437392427485,"(1, 0, 1)","(0, 0, 2, 7)",34.771929351521564,"FCR_GERMANY_SETTLEMENTCAPACITY_PRICE_[EUR/MW], RES_SHARE",2,1_3,13.08,0.6375022696264003,0.7984373924274841,0.07065817632101629,1,12.098437392427485
2025-02-19 04:00:00,10.15,9.941234734765166,"(1, 0, 1)","(2, 0, 0, 7)",35.39245836394311,"FCR_GERMANY_SETTLEMENTCAPACITY_PRICE_[EUR/MW], RES_SHARE",2,1_3,11.8,0.04358293596857085,0.20876526523483463,0.020568006427077304,1,9.941234734765166
2025-02-20 04:00:00,9.31,9.762459215800275,"(1, 0, 1)","(2, 0, 0, 7)",35.276988168519495,"FCR_GERMANY_SETTLEMENTCAPACITY_PRICE_[EUR/MW], RES_SHARE",2,1_3,9.98,0.20471934196259955,0.4524592158002747,0.04859927129970727,1,9.762459215800275
2025-02-21 04:00:00,8.54,9.259381960256473,"(1, 0, 1)","(2, 0, 0, 7)",35.22955307110739,"FCR_GERMANY_SETTLEMENTCAPACITY_PRICE_[EUR/MW], RES_SHARE",2,1_3,9.42,0.5175104047424467,0.7193819602564737,0.08423676349607422,1,9.259381960256473
2025-02-22 04:00:00,6.85,6.775758288261084,"(1, 0, 1)","(2, 0, 0, 7)",35.14180435499544,"FCR_GERMANY_SETTLEMENTCAPACITY_PRICE_[EUR/MW], RES_SHARE",2,1_3,7.51,0.0055118317619242355,0.07424171173891558,0.010838206093272348,1,6.775758288261084
2025-02-23 04:00:00,5.92,6.740514835157415,"(1, 0, 1)","(2, 0, 0, 7)",35.238243144418874,"FCR_GERMANY_SETTLEMENTCAPACITY_PRICE_[EUR/MW], RES_SHARE",2,1_3,6.45,0.6732445947134006,0.8205148351574154,0.13860047891172558,0,0.0
2025-02-24 04:00:00,6.23,6.09999862075595,"(1, 0, 1)","(0, 0, 2, 7)",34.82765757933731,"FCR_GERMANY_SETTLEMENTCAPACITY_PRICE_[EUR/MW], RES_SHARE",2,1_3,9.44,0.016900358605355423,0.13000137924405042,0.020866995063250467,1,6.09999862075595
2025-02-25 04:00:00,10.2,6.613336416369904,"(1, 0, 1)","(2, 0, 0, 7)",35.72062991061344,"FCR_GERMANY_SETTLEMENTCAPACITY_PRICE_[EUR/MW], RES_SHARE",2,1_3,14.2,12.864155662138277,3.586663583630095,0.3516336846696172,1,6.613336416369904
2025-02-26 04:00:00,10.52,10.819424967168828,"(1, 0, 1)","(2, 0, 0, 7)",27.152043636466477,"FCR_GERMANY_SETTLEMENTCAPACITY_PRICE_[EUR/MW], RES_SHARE",2,1_3,12.2,0.08965531096405416,0.2994249671688287,0.028462449350649118,1,10.819424967168828
2025-02-27 04:00:00,9.52,9.569819605472295,"(1, 0, 0)","(1, 0, 1, 7)",27.759934973159552,"FCR_GERMANY_SETTLEMENTCAPACITY_PRICE_[EUR/MW], RES_SHARE",2,1_3,10.38,0.002481993089415195,0.04981960547229569,0.005233151835325178,1,9.569819605472295
2025-02-28 04:00:00,8.9,9.4332615007918,"(1, 0, 1)","(2, 0, 0, 7)",25.55573709446538,"FCR_GERMANY_SETTLEMENTCAPACITY_PRICE_[EUR/MW], RES_SHARE",2,1_3,9.63,0.2843678282267234,0.5332615007918005,0.05991702256087646,1,9.4332615007918
