DATE,ACTUAL_VALUE,D+1,ORDER,AIC
2023-12-01 04:00:00,18.68,12.081556833984054,"(2, 0, 1)",451.708965665658
2023-12-02 04:00:00,10.5,17.561751234229636,"(2, 0, 1)",452.5464049154724
2023-12-03 04:00:00,9.13,11.84363425668538,"(1, 0, 3)",453.2372866938017
2023-12-04 04:00:00,11.34,10.292612558069418,"(1, 0, 3)",453.194294088585
2023-12-05 04:00:00,12.6,11.916387852443425,"(2, 0, 1)",451.9530921678488
2023-12-06 04:00:00,10.0,12.658812016877883,"(2, 0, 1)",451.4261154890055
2023-12-07 04:00:00,9.0,10.760245073724668,"(2, 0, 1)",451.0135384545439
2023-12-08 04:00:00,10.78,9.849812093521686,"(2, 0, 1)",450.70863013683794
2023-12-09 04:00:00,9.95,10.94608126373991,"(2, 0, 1)",450.58379096095814
2023-12-10 04:00:00,54.12,10.285106862055379,"(2, 0, 1)",449.57786654876406
2023-12-11 04:00:00,26.45,30.633877695410757,"(2, 0, 1)",464.8181876077099
2023-12-12 04:00:00,15.48,21.471413448926235,"(2, 0, 1)",464.6692663094873
2023-12-13 04:00:00,12.93,15.349864518454549,"(2, 0, 1)",464.3772772426576
2023-12-14 04:00:00,10.62,13.556202603999305,"(2, 0, 1)",464.42128002296806
2023-12-15 04:00:00,9.0,11.71779577686086,"(2, 0, 1)",464.6953478982215
2023-12-16 04:00:00,13.64,10.440722390486094,"(1, 0, 3)",464.79305238056605
2023-12-17 04:00:00,39.0,13.254026762707326,"(2, 0, 1)",464.0989053935514
2023-12-18 04:00:00,24.33,27.01512387948481,"(2, 0, 1)",469.4607053988451
2023-12-19 04:00:00,17.59,20.79856424429891,"(2, 0, 1)",468.36016601415747
2023-12-20 04:00:00,15.63,17.04795470778739,"(2, 0, 1)",468.4948826144072
2023-12-21 04:00:00,29.05,16.223240098918406,"(1, 0, 3)",467.5231840269224
2023-12-22 04:00:00,45.85,24.563559487712368,"(1, 0, 3)",468.805083178557
2023-12-23 04:00:00,41.04,33.53157549168756,"(1, 0, 3)",470.4297839011832
2023-12-24 04:00:00,39.04,32.69336085399115,"(2, 0, 1)",469.5784360014359
2023-12-25 04:00:00,34.65,32.69147880134288,"(2, 0, 1)",469.34648206803905
2023-12-26 04:00:00,28.7,30.917155774111055,"(2, 0, 1)",469.28379274047495
2023-12-27 04:00:00,19.88,27.56317409310047,"(2, 0, 1)",469.2971579650613
2023-12-28 04:00:00,28.23,21.458707176536556,"(2, 0, 1)",469.4237467557856
2023-12-29 04:00:00,28.61,26.927782094479937,"(2, 0, 1)",465.8393706881981
2023-12-30 04:00:00,23.89,27.289210937325972,"(2, 0, 1)",461.5123643447668
2023-12-31 04:00:00,23.13,24.190166764506035,"(2, 0, 1)",461.59583151538766
2024-01-01 04:00:00,23.4,23.518883944139766,"(2, 0, 1)",461.6022411196393
2024-01-02 04:00:00,19.32,23.56663852019958,"(2, 0, 1)",461.5759759093605
2024-01-03 04:00:00,26.96,20.538671417003886,"(2, 0, 1)",461.75854413481807
2024-01-04 04:00:00,21.33,25.57025052111652,"(2, 0, 1)",461.2097747350011
2024-01-05 04:00:00,15.19,21.89230022449259,"(2, 0, 1)",453.981899860719
2024-01-06 04:00:00,14.07,17.131057358714315,"(2, 0, 1)",450.4328002557015
2024-01-07 04:00:00,14.23,15.836676208981862,"(2, 0, 1)",450.0577598110883
2024-01-08 04:00:00,11.53,15.789743021367926,"(1, 0, 3)",449.8740369103806
2024-01-09 04:00:00,9.0,13.092699329706118,"(1, 0, 3)",450.07683802670783
2024-01-10 04:00:00,7.51,10.831417752192301,"(2, 0, 2)",450.06581672174644
2024-01-11 04:00:00,5.94,9.199511919178649,"(2, 0, 1)",449.47104698984174
2024-01-12 04:00:00,4.82,7.490006611255585,"(2, 0, 1)",450.43051097357954
2024-01-13 04:00:00,7.36,6.185312920166629,"(2, 0, 1)",451.06907068981326
2024-01-14 04:00:00,7.86,8.145786856698777,"(2, 0, 2)",450.7738391023732
2024-01-15 04:00:00,11.25,8.285534135732561,"(2, 0, 1)",449.4664983125565
2024-01-16 04:00:00,6.71,9.973190904393274,"(1, 0, 3)",449.21319899883747
2024-01-17 04:00:00,6.18,6.959491853910736,"(1, 0, 3)",446.63214473296864
2024-01-18 04:00:00,4.97,6.824936556485822,"(2, 0, 2)",445.3157766043673
2024-01-19 04:00:00,5.0,5.735886049937967,"(2, 0, 1)",444.8147990644503
2024-01-20 04:00:00,6.51,5.599284910689189,"(2, 0, 1)",437.6707144528458
2024-01-21 04:00:00,8.4,6.623048900330783,"(2, 0, 1)",437.75246788940444
2024-01-22 04:00:00,25.28,7.908062084327079,"(2, 0, 1)",437.831462177308
2024-01-23 04:00:00,17.75,17.665471307501427,"(2, 0, 1)",444.7860017269095
2024-01-24 04:00:00,25.75,14.460661548938353,"(2, 0, 1)",444.69011840859133
2024-01-25 04:00:00,16.76,19.521273590275587,"(2, 0, 1)",446.0767644830428
2024-01-26 04:00:00,11.05,14.422434903525359,"(3, 0, 3)",445.50767144707845
2024-01-27 04:00:00,10.4,11.040348743477296,"(1, 0, 3)",434.96587252547397
2024-01-28 04:00:00,7.74,11.203853442212258,"(1, 0, 3)",433.43006631503795
2024-01-29 04:00:00,11.74,8.557621084675038,"(2, 0, 2)",433.680346854602
2024-01-30 04:00:00,7.04,11.371626597911822,"(2, 0, 1)",432.8443052656298
2024-01-31 04:00:00,5.73,7.863591642915384,"(2, 0, 1)",434.05171309016737
2024-02-01 04:00:00,13.36,6.722596865571206,"(3, 0, 1)",433.01614218332395
2024-02-02 04:00:00,9.34,11.965929310964725,"(2, 0, 1)",434.18935141225387
2024-02-03 04:00:00,21.7,9.403244915284766,"(2, 0, 1)",434.20862365761883
2024-02-04 04:00:00,23.64,17.092831139528023,"(2, 0, 1)",437.88150540375943
2024-02-05 04:00:00,21.34,18.875266269248474,"(2, 0, 1)",438.39845610499094
2024-02-06 04:00:00,18.83,18.156519434664045,"(2, 0, 1)",438.4538009345327
2024-02-07 04:00:00,15.0,16.720063637682085,"(3, 0, 2)",438.00981801203164
2024-02-08 04:00:00,9.46,14.841774895645806,"(1, 0, 3)",434.4492282509008
2024-02-09 04:00:00,8.68,10.702112419499528,"(1, 0, 3)",431.06148733635905
2024-02-10 04:00:00,6.89,9.885186662840981,"(2, 0, 2)",430.22269349326376
2024-02-11 04:00:00,10.97,8.067134335501478,"(2, 0, 1)",429.9444644174307
2024-02-12 04:00:00,7.46,10.993760621471772,"(2, 0, 1)",429.9893484914318
2024-02-13 04:00:00,6.51,8.290422099841539,"(2, 0, 1)",430.7227401698219
2024-02-14 04:00:00,5.4,7.3678983676383805,"(2, 0, 1)",430.75311653458624
2024-02-15 04:00:00,4.66,6.338976937937313,"(1, 0, 3)",429.83428931837466
2024-02-16 04:00:00,4.03,5.45363331756121,"(1, 0, 3)",428.694838576848
2024-02-17 04:00:00,4.15,4.817446301542204,"(2, 0, 2)",428.6627818146179
2024-02-18 04:00:00,3.81,4.76491179176068,"(2, 0, 1)",427.3878666451558
2024-02-19 04:00:00,7.06,4.262439639139244,"(1, 0, 3)",426.89444981288096
2024-02-20 04:00:00,4.65,6.762587848836257,"(2, 0, 2)",427.2387487217128
2024-02-21 04:00:00,4.87,4.961212855088393,"(2, 0, 1)",426.7644537324518
2024-02-22 04:00:00,5.94,4.777931315647908,"(1, 0, 3)",425.8388209313632
2024-02-23 04:00:00,15.0,5.807901480031168,"(2, 0, 3)",423.6631300856144
2024-02-24 04:00:00,7.63,11.569345319372808,"(2, 0, 2)",426.98862295454956
2024-02-25 04:00:00,6.59,7.291885101902741,"(2, 0, 1)",426.4986665527817
2024-02-26 04:00:00,5.21,6.595357366687746,"(2, 0, 1)",426.55170960045814
2024-02-27 04:00:00,4.17,5.551157627351402,"(2, 0, 1)",426.8238993209668
2024-02-28 04:00:00,3.52,4.661928868639575,"(2, 0, 1)",426.94846431347685
2024-02-29 04:00:00,4.38,4.0382890111984,"(2, 0, 1)",427.11027486660333
2024-03-01 04:00:00,3.47,4.728900300571304,"(1, 0, 3)",420.3550295497596
2024-03-02 04:00:00,3.87,3.856287782019026,"(1, 0, 3)",420.8056383854778
2024-03-03 04:00:00,4.79,4.122680317316607,"(2, 0, 2)",420.68286196246135
2024-03-04 04:00:00,3.48,4.6811079707575445,"(3, 0, 2)",418.01614686558
2024-03-05 04:00:00,3.17,3.7990552921181866,"(3, 0, 2)",415.41149375943024
2024-03-06 04:00:00,2.84,3.421775169505833,"(3, 0, 2)",415.25416814220364
2024-03-07 04:00:00,2.54,3.1618372703468376,"(3, 0, 2)",415.43884732602237
2024-03-08 04:00:00,2.8,2.8250779481360864,"(3, 0, 3)",409.0769499958672
2024-03-09 04:00:00,4.5,2.993817541663604,"(3, 0, 2)",407.7705789824539
2024-03-10 04:00:00,7.2,4.172783127500621,"(1, 0, 3)",401.6841552278447
2024-03-11 04:00:00,4.5,6.038789913928088,"(2, 0, 3)",401.27316999803406
2024-03-12 04:00:00,3.41,4.077381141603645,"(1, 0, 3)",399.38777322523936
2024-03-13 04:00:00,2.76,3.5563518683624418,"(2, 0, 1)",399.28983350579944
2024-03-14 04:00:00,2.58,3.100229245824528,"(1, 0, 3)",397.2577531022613
2024-03-15 04:00:00,3.93,2.8602300978786532,"(1, 0, 3)",392.24209582684534
2024-03-16 04:00:00,6.95,3.883060501378228,"(1, 0, 3)",392.83231808785007
2024-03-17 04:00:00,4.79,5.905139625983552,"(3, 0, 1)",394.74087102189173
2024-03-18 04:00:00,4.01,4.379418233400922,"(3, 0, 1)",394.87919240845423
2024-03-19 04:00:00,3.5,3.82283078455115,"(1, 0, 3)",391.0291867389752
2024-03-20 04:00:00,2.78,3.712836181830005,"(1, 0, 3)",390.2615221550366
2024-03-21 04:00:00,2.46,3.036253843315939,"(1, 0, 3)",390.1591608290027
2024-03-22 04:00:00,3.28,2.7376349276555585,"(1, 0, 3)",389.78114967895385
2024-03-23 04:00:00,3.9,3.408601564589049,"(1, 0, 3)",388.5674099301575
2024-03-24 04:00:00,11.08,3.7742674057295513,"(3, 0, 1)",387.18082041664564
2024-03-25 04:00:00,5.92,8.283566051956353,"(2, 0, 1)",393.24116526290277
2024-03-26 04:00:00,4.44,5.130979242787075,"(1, 0, 3)",393.81315086448035
2024-03-27 04:00:00,3.8,4.054225876613022,"(1, 0, 3)",393.69305559400175
2024-03-28 04:00:00,3.43,4.15449447519704,"(1, 0, 3)",393.27193645160065
2024-03-29 04:00:00,12.09,3.7013403854194773,"(1, 0, 3)",393.48074564358683
2024-03-30 04:00:00,7.12,9.461942586247668,"(1, 0, 3)",401.41696766029816
2024-03-31 04:00:00,6.6,6.360120479354531,"(1, 0, 3)",400.96183995969085
2024-04-01 04:00:00,5.92,5.629323884385802,"(1, 0, 3)",400.5643930582251
2024-04-02 04:00:00,7.04,6.057531355813012,"(1, 0, 3)",400.1202552294394
2024-04-03 04:00:00,5.15,6.664009538770095,"(1, 0, 3)",400.1245285232905
2024-04-04 04:00:00,5.01,5.284591679989402,"(1, 0, 3)",400.3753034477031
2024-04-05 04:00:00,4.08,5.158374730105216,"(1, 0, 3)",400.2225080081994
2024-04-06 04:00:00,4.56,4.536695570298429,"(1, 0, 3)",400.3994634198845
2024-04-07 04:00:00,8.73,4.76904921918904,"(3, 0, 3)",394.07387049751594
2024-04-08 04:00:00,5.33,7.702164337239199,"(1, 0, 3)",387.0744795758351
2024-04-09 04:00:00,4.2,5.2143486490332895,"(1, 0, 3)",385.8380545365485
2024-04-10 04:00:00,8.11,4.486870000614012,"(3, 0, 1)",384.7572037919641
2024-04-11 04:00:00,7.23,7.517870957550453,"(1, 0, 3)",384.3666205058348
2024-04-12 04:00:00,5.72,6.584199176416758,"(2, 0, 2)",384.1145768298003
2024-04-13 04:00:00,6.2,5.740176879993706,"(2, 0, 1)",383.4746856009063
2024-04-14 04:00:00,8.72,6.06926353137559,"(2, 0, 1)",383.40821211380046
2024-04-15 04:00:00,5.48,7.778509786634748,"(2, 0, 1)",384.04242592356843
2024-04-16 04:00:00,36.6,5.670545019338527,"(2, 0, 1)",384.7717466928235
2024-04-17 04:00:00,13.2,21.863493364933316,"(2, 0, 1)",405.1538518432443
2024-04-18 04:00:00,8.12,11.525553968871519,"(2, 0, 1)",406.11787690801486
2024-04-19 04:00:00,7.71,8.381499531575535,"(2, 0, 1)",406.6728466445907
2024-04-20 04:00:00,10.53,8.025367876446861,"(2, 0, 1)",406.6897732930316
2024-04-21 04:00:00,7.84,9.904259733683787,"(2, 0, 1)",407.10913701104016
2024-04-22 04:00:00,7.84,8.134183628056991,"(2, 0, 1)",407.3734051814549
2024-04-23 04:00:00,5.33,8.102395000644655,"(1, 0, 3)",405.427466069506
2024-04-24 04:00:00,4.99,6.2368741744057745,"(1, 0, 3)",406.37539465834845
2024-04-25 04:00:00,4.25,5.738695266920229,"(1, 0, 3)",403.5182383974742
2024-04-26 04:00:00,3.6,5.0579988593367,"(1, 0, 3)",403.6856134993494
2024-04-27 04:00:00,3.76,4.2787400534118785,"(2, 0, 1)",403.2986666682559
2024-04-28 04:00:00,7.26,4.266214725511291,"(2, 0, 1)",403.2966917208104
2024-04-29 04:00:00,5.49,6.627530731285638,"(2, 0, 1)",404.91704856352817
2024-04-30 04:00:00,4.24,5.524871468649659,"(2, 0, 1)",405.1196898905304
2024-05-01 04:00:00,5.4,4.595933129553697,"(2, 0, 1)",405.5213605517414
2024-05-02 04:00:00,4.95,5.359188776802385,"(2, 0, 1)",405.61727198582605
2024-05-03 04:00:00,4.14,5.042360656135942,"(2, 0, 1)",405.6441950051267
2024-05-04 04:00:00,3.99,4.427414517241625,"(2, 0, 1)",405.5700250200126
2024-05-05 04:00:00,5.19,4.2501458654602615,"(1, 0, 3)",405.45228495896833
2024-05-06 04:00:00,4.1,5.066650184792735,"(1, 0, 3)",405.53424564092563
2024-05-07 04:00:00,3.57,4.221287765908583,"(1, 0, 3)",405.31206486330757
2024-05-08 04:00:00,3.05,3.792519647983392,"(1, 0, 3)",403.4681137124464
2024-05-09 04:00:00,3.56,3.415232296811109,"(1, 0, 3)",403.56956601764415
2024-05-10 04:00:00,3.04,3.7008278169618065,"(2, 0, 1)",403.0653653454516
2024-05-11 04:00:00,3.26,3.2870066951259345,"(2, 0, 1)",403.12018857439386
2024-05-12 04:00:00,4.78,3.3982031872096448,"(2, 0, 1)",403.0811001661268
2024-05-13 04:00:00,4.92,4.410344955745041,"(2, 0, 1)",403.6993875877318
2024-05-14 04:00:00,18.44,4.568158657884191,"(2, 0, 1)",403.3875153482848
2024-05-15 04:00:00,9.22,11.816526614924458,"(2, 0, 1)",414.2663256781996
2024-05-16 04:00:00,7.16,7.763647945462791,"(2, 0, 1)",413.7416868997438
2024-05-17 04:00:00,5.77,6.684263378359241,"(2, 0, 1)",413.7471615888055
2024-05-18 04:00:00,6.21,5.795241211114726,"(2, 0, 1)",413.7660586996602
2024-05-19 04:00:00,6.17,6.2792581865514085,"(1, 0, 3)",411.9809768427387
2024-05-20 04:00:00,6.05,6.225980377815428,"(1, 0, 3)",411.67247091095453
2024-05-21 04:00:00,5.36,5.987829809270067,"(2, 0, 1)",411.5508882394641
2024-05-22 04:00:00,8.25,5.508208761585402,"(2, 0, 1)",410.53601619025676
2024-05-23 04:00:00,5.65,7.404448169565649,"(2, 0, 1)",411.04847468056687
2024-05-24 04:00:00,4.7,5.761519557055496,"(2, 0, 1)",410.9604088743923
2024-05-25 04:00:00,4.49,5.036212374781805,"(2, 0, 1)",410.2678614242222
2024-05-26 04:00:00,4.9,4.82012372624926,"(2, 0, 1)",409.42866128730014
2024-05-27 04:00:00,4.46,5.060430810952096,"(2, 0, 1)",409.39268728468244
2024-05-28 04:00:00,3.88,4.7071977854717595,"(2, 0, 1)",409.107825725016
2024-05-29 04:00:00,4.35,4.227893283474525,"(2, 0, 1)",408.5984589471358
2024-05-30 04:00:00,3.62,4.515288505470414,"(2, 0, 1)",408.25993350759603
2024-05-31 04:00:00,3.3,3.941522467006691,"(2, 0, 1)",408.51730914388565
2024-06-01 04:00:00,3.28,3.6441934802649754,"(2, 0, 1)",408.4566194420737
2024-06-02 04:00:00,11.31,3.578818987470027,"(2, 0, 1)",407.9980442006974
2024-06-03 04:00:00,105.39,8.449301830316843,"(2, 0, 1)",415.42938468090983
2024-06-04 04:00:00,45.78,23.157420591744188,"(2, 0, 3)",437.8340317095286
2024-06-05 04:00:00,25.59,26.661352193253197,"(2, 0, 1)",442.5528692208711
2024-06-06 04:00:00,14.6,18.460504563591,"(2, 0, 3)",441.6313408200232
2024-06-07 04:00:00,9.52,12.497180211242691,"(2, 0, 3)",440.1824537960166
2024-06-08 04:00:00,8.5,8.990958198770073,"(3, 0, 1)",438.9265664011284
2024-06-09 04:00:00,10.66,8.323608332212928,"(2, 0, 1)",437.2542682690738
2024-06-10 04:00:00,8.2,11.072029689976324,"(1, 0, 3)",435.48926847433114
2024-06-11 04:00:00,14.4,8.247986243637545,"(2, 0, 1)",434.75683681217765
2024-06-12 04:00:00,11.15,12.512190424781744,"(2, 0, 3)",434.35534274643146
2024-06-13 04:00:00,7.99,11.0252791809415,"(1, 0, 3)",425.04232928891366
2024-06-14 04:00:00,6.66,8.177790035906806,"(1, 0, 3)",424.9390880474807
2024-06-15 04:00:00,8.03,7.7031136330716325,"(1, 0, 3)",424.74737738674105
2024-06-16 04:00:00,9.08,8.743848881685661,"(1, 0, 3)",424.67499887717133
2024-06-17 04:00:00,7.13,8.854471848878653,"(2, 0, 1)",419.93367079966526
2024-06-18 04:00:00,6.0,7.471523536226511,"(2, 0, 2)",420.30834743134386
2024-06-19 04:00:00,5.16,6.562261242828895,"(2, 0, 1)",412.03429350415945
2024-06-20 04:00:00,4.86,5.87466190678766,"(2, 0, 2)",406.242248037076
2024-06-21 04:00:00,4.22,5.595398292762745,"(1, 0, 3)",403.123695132231
2024-06-22 04:00:00,7.65,4.89290819001249,"(2, 0, 1)",402.7425050928998
2024-06-23 04:00:00,8.36,7.545163366040065,"(2, 0, 2)",403.42163325960473
2024-06-24 04:00:00,5.5,7.8707311559473085,"(2, 0, 1)",402.28275304947607
2024-06-25 04:00:00,4.74,5.763299726349771,"(2, 0, 2)",403.35072593681923
2024-06-26 04:00:00,4.03,5.229126871512206,"(2, 0, 2)",403.51516687579783
2024-06-27 04:00:00,8.1,4.596915770785913,"(3, 0, 1)",403.3707595141426
2024-06-28 04:00:00,5.45,7.432683090755408,"(1, 0, 3)",399.9325007525459
2024-06-29 04:00:00,5.2,5.510486364966641,"(1, 0, 3)",400.4577201199058
2024-06-30 04:00:00,7.01,5.4130505533947755,"(3, 0, 1)",399.89008440514766
2024-07-01 04:00:00,5.41,6.673173463689506,"(2, 0, 1)",398.9809285648962
2024-07-02 04:00:00,6.0,5.56605147593904,"(2, 0, 1)",398.6058417806007
2024-07-03 04:00:00,5.12,5.965001825036341,"(2, 0, 1)",397.4142104467476
2024-07-04 04:00:00,7.46,5.320255368814623,"(2, 0, 1)",397.37048022949335
2024-07-05 04:00:00,6.57,6.911039127396712,"(2, 0, 1)",397.9297057726029
2024-07-06 04:00:00,7.28,6.343717579181273,"(2, 0, 1)",397.76519046590687
2024-07-07 04:00:00,9.77,6.832223816085681,"(3, 0, 1)",396.784580313774
2024-07-08 04:00:00,6.77,8.487548202327446,"(2, 0, 1)",396.0328275868745
2024-07-09 04:00:00,5.56,6.611953094609831,"(2, 0, 1)",393.8477373819741
2024-07-10 04:00:00,5.18,5.747999905846274,"(2, 0, 1)",391.0405225381627
2024-07-11 04:00:00,4.65,5.433811939303965,"(2, 0, 1)",391.02061784360455
2024-07-12 04:00:00,3.9,4.994501872052097,"(2, 0, 1)",391.0574900746603
2024-07-13 04:00:00,4.68,4.359873721774797,"(2, 0, 1)",391.05367748710154
2024-07-14 04:00:00,7.57,4.946788670475113,"(3, 0, 1)",390.2832507580717
2024-07-15 04:00:00,4.9,6.880416186555299,"(2, 0, 1)",389.8172578311095
2024-07-16 04:00:00,62.23,5.083430620667763,"(2, 0, 1)",389.81745152360617
2024-07-17 04:00:00,17.8,21.93827432560677,"(2, 0, 1)",413.52585882003063
2024-07-18 04:00:00,8.61,13.308539886788177,"(2, 0, 1)",413.7109771766308
2024-07-19 04:00:00,5.7,8.172797867350853,"(2, 0, 1)",414.64696880394774
2024-07-20 04:00:00,5.39,6.14171271214937,"(2, 0, 1)",414.91805075943813
2024-07-21 04:00:00,6.1,5.880709115742811,"(2, 0, 1)",414.0939120339704
2024-07-22 04:00:00,5.25,6.305476974064425,"(2, 0, 1)",412.94393302942694
2024-07-23 04:00:00,5.17,5.639561416325237,"(2, 0, 1)",412.50682571344373
2024-07-24 04:00:00,4.45,5.54468165883055,"(3, 0, 1)",412.43030900697613
2024-07-25 04:00:00,4.1,4.9394816866531075,"(2, 0, 1)",410.82587375752644
2024-07-26 04:00:00,3.76,4.611743325490155,"(2, 0, 1)",401.4187878416816
2024-07-27 04:00:00,3.7,4.290409565040916,"(2, 0, 1)",398.99041307878304
2024-07-28 04:00:00,6.0,4.189694472987131,"(2, 0, 1)",399.1087221785469
2024-07-29 04:00:00,4.15,5.870139932792248,"(2, 0, 1)",399.62757252861877
2024-07-30 04:00:00,3.73,4.523912714337391,"(2, 0, 1)",399.4094980989229
2024-07-31 04:00:00,3.26,4.162246410815836,"(2, 0, 1)",399.5862108147301
2024-08-01 04:00:00,3.0,3.745456579172444,"(2, 0, 1)",399.9177734410558
2024-08-02 04:00:00,2.68,3.5041393872734865,"(2, 0, 2)",399.4990271542926
2024-08-03 04:00:00,3.04,3.189880161314514,"(2, 0, 1)",397.9975476479905
2024-08-04 04:00:00,4.07,3.4428576677872083,"(2, 0, 1)",398.0064428582601
2024-08-05 04:00:00,3.21,4.207922851134767,"(2, 0, 1)",397.93691883349965
2024-08-06 04:00:00,2.73,3.5399719419539286,"(2, 0, 1)",397.65082741139383
2024-08-07 04:00:00,3.06,3.128755901611167,"(2, 0, 1)",396.5687409217089
2024-08-08 04:00:00,2.66,3.353209384022211,"(2, 0, 1)",396.24003389890674
2024-08-09 04:00:00,3.07,3.0090735578762233,"(2, 0, 1)",396.1259209927854
2024-08-10 04:00:00,3.65,3.291861647288353,"(2, 0, 1)",396.0492245009298
2024-08-11 04:00:00,4.34,3.694436953544361,"(2, 0, 1)",396.0843539368942
2024-08-12 04:00:00,3.39,4.164546469478432,"(2, 0, 1)",396.0845256624899
2024-08-13 04:00:00,12.38,3.5050630625261756,"(2, 0, 1)",395.7989205893127
2024-08-14 04:00:00,6.08,8.635990231948048,"(2, 0, 1)",404.9070200723459
2024-08-15 04:00:00,4.4,5.399015979698622,"(2, 0, 1)",405.5829792238704
2024-08-16 04:00:00,3.94,4.357652078141479,"(2, 0, 1)",405.78813976080085
2024-08-17 04:00:00,3.71,4.039375191118046,"(2, 0, 1)",405.71471448693234
2024-08-18 04:00:00,4.78,3.864710464269324,"(2, 0, 1)",405.3375110696368
2024-08-19 04:00:00,3.84,4.585689117281571,"(2, 0, 1)",405.53852258514166
2024-08-20 04:00:00,14.77,3.952869617163441,"(2, 0, 1)",405.70652752086073
2024-08-21 04:00:00,8.8,9.986050718906386,"(2, 0, 1)",415.4661185089602
2024-08-22 04:00:00,5.83,7.196546732250869,"(2, 0, 1)",414.98109398419695
2024-08-23 04:00:00,6.87,5.472592087940064,"(3, 0, 3)",413.22349603979137
2024-08-24 04:00:00,5.63,6.160899728722244,"(2, 0, 1)",413.21767282563053
2024-08-25 04:00:00,9.39,5.812708189010967,"(1, 0, 3)",402.30792181543393
2024-08-26 04:00:00,6.9,7.7912928739196365,"(2, 0, 3)",392.0111918002526
2024-08-27 04:00:00,5.1,6.4213643020296525,"(3, 0, 1)",390.4235360756046
2024-08-28 04:00:00,4.6,5.265600908810405,"(2, 0, 1)",388.83611482456934
2024-08-29 04:00:00,4.1,4.902580514305184,"(2, 0, 1)",382.5285497673765
2024-08-30 04:00:00,3.71,4.476645513410842,"(2, 0, 1)",382.5315500750586
2024-08-31 04:00:00,3.75,4.134525576038622,"(2, 0, 1)",382.7338553422775
2024-09-01 04:00:00,5.0,4.111339710110333,"(2, 0, 1)",382.6457673023142
2024-09-02 04:00:00,4.32,4.970117895759632,"(2, 0, 1)",382.6649745633776
2024-09-03 04:00:00,3.78,4.210699762042302,"(2, 0, 3)",381.15163446154605
2024-09-04 04:00:00,3.61,3.920327504663458,"(2, 0, 3)",380.5846728299805
2024-09-05 04:00:00,3.88,3.778581808588823,"(2, 0, 3)",377.810758657395
2024-09-06 04:00:00,8.09,3.9164592725884417,"(2, 0, 3)",375.7068446645227
2024-09-07 04:00:00,5.1,6.628964567132325,"(3, 0, 1)",377.2956207508796
2024-09-08 04:00:00,5.87,4.950035893349717,"(2, 0, 1)",375.9796336615915
2024-09-09 04:00:00,4.86,5.046002050304597,"(1, 0, 3)",370.5832646399141
2024-09-10 04:00:00,6.19,4.824600290788872,"(2, 0, 3)",369.1835021448006
2024-09-11 04:00:00,11.9,5.629834520450144,"(3, 0, 1)",367.81000534046086
2024-09-12 04:00:00,6.59,8.804829795545352,"(2, 0, 1)",369.45066980878033
2024-09-13 04:00:00,5.25,5.998901458267891,"(2, 0, 1)",369.2655463279029
2024-09-14 04:00:00,6.91,5.164799428802088,"(2, 0, 1)",369.2489408462259
2024-09-15 04:00:00,6.99,6.196259689534361,"(2, 0, 1)",368.9653613764724
2024-09-16 04:00:00,7.16,6.259904971963393,"(2, 0, 1)",368.07921859910766
2024-09-17 04:00:00,10.44,6.380196288685133,"(2, 0, 1)",367.18264881939604
2024-09-18 04:00:00,6.67,8.247553475996579,"(2, 0, 1)",368.6544955573474
2024-09-19 04:00:00,6.09,6.1901960700836,"(2, 0, 1)",368.9371416132508
2024-09-20 04:00:00,5.65,5.8699250108696095,"(2, 0, 1)",367.1375068926434
2024-09-21 04:00:00,5.56,5.581850127153851,"(2, 0, 1)",367.10336012172405
2024-09-22 04:00:00,5.24,5.508082483143993,"(2, 0, 1)",366.8745667260273
2024-09-23 04:00:00,5.0,5.4002487930311,"(2, 0, 3)",363.4905140538338
2024-09-24 04:00:00,4.76,5.1342333047480215,"(3, 0, 1)",362.00251569969635
2024-09-25 04:00:00,9.49,4.967665247660709,"(2, 0, 1)",360.05795912495296
2024-09-26 04:00:00,7.23,7.837837652315037,"(2, 0, 1)",359.5115288970919
2024-09-27 04:00:00,14.73,6.567278997917152,"(2, 0, 1)",358.76813853405383
2024-09-28 04:00:00,13.7,10.66528696656687,"(2, 0, 1)",362.723709867646
2024-09-29 04:00:00,8.56,10.319251678080427,"(2, 0, 1)",362.0552253037087
2024-09-30 04:00:00,12.38,7.664684264927667,"(3, 0, 3)",361.27322516888273
2024-10-01 04:00:00,18.98,9.749495976867761,"(2, 0, 3)",359.08403857283247
2024-10-02 04:00:00,9.3,13.441203923043403,"(3, 0, 1)",359.9810343377246
2024-10-03 04:00:00,8.09,8.46395310060405,"(2, 0, 1)",358.93668010715476
2024-10-04 04:00:00,6.65,7.713913286430356,"(2, 0, 1)",358.8297254740338
2024-10-05 04:00:00,5.9,6.720465357965547,"(2, 0, 1)",358.38746934085066
2024-10-06 04:00:00,5.75,6.162356689884316,"(2, 0, 1)",356.75666409987656
2024-10-07 04:00:00,8.7,6.026086987126496,"(2, 0, 1)",356.0337506096803
2024-10-08 04:00:00,6.61,7.967022133994385,"(2, 0, 1)",356.29737823771285
2024-10-09 04:00:00,5.33,6.6268520534045265,"(2, 0, 1)",355.7311318400191
2024-10-10 04:00:00,12.74,5.7266512221313075,"(2, 0, 1)",354.5604420551148
2024-10-11 04:00:00,7.34,10.268231951598679,"(2, 0, 1)",358.09399391362956
2024-10-12 04:00:00,5.78,7.165572595382606,"(2, 0, 1)",358.2419098258219
2024-10-13 04:00:00,18.97,6.123953162589852,"(2, 0, 1)",356.7131952280345
2024-10-14 04:00:00,15.22,13.471788519024102,"(2, 0, 1)",363.3711894752903
2024-10-15 04:00:00,24.29,11.917710638265188,"(2, 0, 1)",362.4507491273149
2024-10-16 04:00:00,20.96,16.735371872473408,"(2, 0, 1)",358.9628888148721
2024-10-17 04:00:00,25.04,15.615838101709876,"(2, 0, 1)",357.3906302372719
2024-10-18 04:00:00,12.61,18.219459129200985,"(2, 0, 1)",346.2520987441311
2024-10-19 04:00:00,10.92,11.560352172436147,"(2, 0, 1)",347.02431938990867
2024-10-20 04:00:00,8.53,10.526946241003465,"(2, 0, 1)",346.9075515495777
2024-10-21 04:00:00,24.98,8.880233791897005,"(2, 0, 1)",347.10575814698865
2024-10-22 04:00:00,10.99,18.677681836519476,"(2, 0, 1)",353.2463278404506
2024-10-23 04:00:00,8.31,10.870226154722443,"(2, 0, 1)",350.14497361591555
2024-10-24 04:00:00,7.12,8.95584134724226,"(2, 0, 1)",350.6194575467829
2024-10-25 04:00:00,5.81,7.97017996690131,"(2, 0, 1)",350.48626558275276
2024-10-26 04:00:00,4.8,6.843384413975483,"(3, 0, 1)",350.153463276867
2024-10-27 04:00:00,4.67,5.87960003420037,"(2, 0, 3)",348.1590125075483
2024-10-28 04:00:00,4.16,5.5765197611184005,"(3, 0, 1)",346.50043549223477
2024-10-29 04:00:00,3.72,5.161236570509167,"(2, 0, 1)",345.58068324462135
2024-10-30 04:00:00,3.24,4.688194193723258,"(2, 0, 1)",340.43360507765
2024-10-31 04:00:00,2.9,4.086506002513731,"(2, 0, 3)",340.5904423032054
2024-11-01 04:00:00,6.5,3.6921758752255407,"(3, 0, 1)",339.2773336169844
2024-11-02 04:00:00,4.75,6.553755130984064,"(2, 0, 1)",340.2013976078772
2024-11-03 04:00:00,3.85,5.253464823510257,"(2, 0, 1)",339.3265411018424
2024-11-04 04:00:00,3.32,4.498970288694765,"(2, 0, 1)",338.7689245715098
2024-11-05 04:00:00,8.48,4.000721561379126,"(2, 0, 1)",337.539155553428
2024-11-06 04:00:00,3.82,7.578789399442459,"(2, 0, 1)",340.0837337479214
2024-11-07 04:00:00,3.04,4.3712513939539015,"(2, 0, 1)",339.94791677274907
2024-11-08 04:00:00,2.55,3.6794265401019306,"(2, 0, 1)",340.8119560491339
2024-11-09 04:00:00,2.22,3.1916481482806964,"(2, 0, 1)",341.56141620462574
2024-11-10 04:00:00,1.96,2.825559745928348,"(2, 0, 1)",342.1317388851634
2024-11-11 04:00:00,3.0,2.349396420007006,"(1, 0, 3)",339.2727987182303
2024-11-12 04:00:00,2.73,3.24375711830091,"(2, 0, 3)",336.12975602260883
2024-11-13 04:00:00,2.36,3.1378241123770647,"(3, 0, 1)",333.9921516386577
2024-11-14 04:00:00,4.11,2.6776727137890846,"(2, 0, 1)",333.1791376996898
2024-11-15 04:00:00,2.8,3.957171680716338,"(2, 0, 1)",328.3816394627805
2024-11-16 04:00:00,5.17,2.852865329950768,"(1, 0, 3)",327.3029001077796
2024-11-17 04:00:00,23.96,4.610149852355231,"(2, 0, 3)",325.40592466795806
2024-11-18 04:00:00,18.21,14.265261846318921,"(3, 0, 1)",341.68787942356306
2024-11-19 04:00:00,8.94,12.550055911909007,"(2, 0, 1)",341.2809599545185
2024-11-20 04:00:00,7.0,7.5870530780488235,"(2, 0, 1)",339.5033604723637
2024-11-21 04:00:00,5.97,6.699976156624599,"(2, 0, 3)",336.4334732075071
2024-11-22 04:00:00,4.7,5.855084629094315,"(2, 0, 2)",334.4148770973736
2024-11-23 04:00:00,4.98,4.836784065557544,"(2, 0, 1)",333.65833758052895
2024-11-24 04:00:00,21.02,5.0318433328275,"(2, 0, 1)",330.98710060931614
2024-11-25 04:00:00,26.28,14.166630559753273,"(2, 0, 1)",343.96449410881485
2024-11-26 04:00:00,15.3,17.312695403664378,"(3, 0, 1)",345.9664805128713
2024-11-27 04:00:00,8.51,11.84258851068917,"(2, 0, 1)",344.74507891479067
2024-11-28 04:00:00,23.46,7.803537979800723,"(2, 0, 1)",344.94561212300437
2024-11-29 04:00:00,8.59,16.485300217699187,"(2, 0, 1)",352.8915032503221
2024-11-30 04:00:00,8.1,8.517738726254917,"(3, 0, 1)",354.39495734814363
2024-12-01 04:00:00,6.9,7.713068807663546,"(2, 0, 2)",352.77651331366656
2024-12-02 04:00:00,13.0,6.866765854745534,"(2, 0, 1)",351.78301154830774
2024-12-03 04:00:00,13.76,10.909407306300059,"(2, 0, 1)",353.88386609541783
2024-12-04 04:00:00,7.93,11.497786262470415,"(2, 0, 1)",354.23606595964276
2024-12-05 04:00:00,7.23,7.7702839431735615,"(2, 0, 1)",355.13489980029067
2024-12-06 04:00:00,37.4,7.276179811626394,"(2, 0, 1)",354.3814634137601
2024-12-07 04:00:00,18.47,18.224496190674415,"(2, 0, 1)",364.7492071605763
2024-12-08 04:00:00,12.23,14.683320036398788,"(2, 0, 3)",364.01433268921414
2024-12-09 04:00:00,17.42,11.222862549533707,"(2, 0, 2)",362.3072645316495
2024-12-10 04:00:00,14.37,14.653810784656898,"(2, 0, 1)",361.92238485008386
2024-12-11 04:00:00,10.0,13.000974730444584,"(2, 0, 1)",360.80492972224704
2024-12-12 04:00:00,9.05,10.01717768399572,"(2, 0, 1)",358.94373582293827
2024-12-13 04:00:00,7.92,9.312037540619782,"(2, 0, 1)",358.58724364180887
2024-12-14 04:00:00,7.2,8.46387218268747,"(2, 0, 1)",357.8391519985865
2024-12-15 04:00:00,14.1,7.913893334830943,"(2, 0, 1)",356.48161706638774
2024-12-16 04:00:00,29.75,12.509814165042162,"(2, 0, 1)",358.6472040520716
2024-12-17 04:00:00,22.0,19.244307141097007,"(2, 0, 1)",361.99386234198516
2024-12-18 04:00:00,16.01,17.818432563616238,"(2, 0, 1)",360.6704495591912
2024-12-19 04:00:00,29.34,14.528381900428839,"(2, 0, 1)",360.25673087006885
2024-12-20 04:00:00,26.0,20.444122704545403,"(2, 0, 1)",363.31730783352685
2024-12-21 04:00:00,21.11,21.036298825487336,"(2, 0, 1)",363.6900398213972
2024-12-22 04:00:00,24.15,18.63173167100439,"(2, 0, 1)",362.7032520571645
2024-12-23 04:00:00,23.31,20.757853382358817,"(2, 0, 1)",361.6101838125708
2024-12-24 04:00:00,14.51,20.530750974181895,"(2, 0, 1)",360.5373001651442
2024-12-25 04:00:00,12.54,14.713893579968511,"(2, 0, 1)",359.78167139502136
2024-12-26 04:00:00,9.85,13.13856873673036,"(2, 0, 1)",356.2000953880803
2024-12-27 04:00:00,8.28,10.929214335218393,"(2, 0, 1)",355.71383317862524
2024-12-28 04:00:00,6.43,9.442236428437415,"(2, 0, 1)",355.44917116619956
2024-12-29 04:00:00,5.64,6.8678784089356,"(2, 0, 2)",354.4063227518694
2024-12-30 04:00:00,16.41,6.127006602595314,"(2, 0, 2)",353.2932802017205
2024-12-31 04:00:00,14.3,14.833741526073219,"(2, 0, 1)",357.05944213978245
2025-01-01 04:00:00,23.72,13.529538741714338,"(2, 0, 1)",356.44863206056544
2025-01-02 04:00:00,22.0,18.830237457822236,"(2, 0, 2)",358.96744851261315
2025-01-03 04:00:00,12.97,18.802869212545527,"(2, 0, 1)",357.74051995449145
2025-01-04 04:00:00,9.43,13.065559453386298,"(2, 0, 1)",357.40337671334436
2025-01-05 04:00:00,7.6,10.385385442283386,"(2, 0, 1)",358.0928236037271
2025-01-06 04:00:00,33.0,8.821209787063914,"(2, 0, 1)",358.5936933144591
2025-01-07 04:00:00,22.22,19.602760632341603,"(2, 0, 1)",365.2443516283886
2025-01-08 04:00:00,18.05,19.032503958961627,"(2, 0, 1)",365.34307841167845
2025-01-09 04:00:00,10.83,16.645259065856113,"(2, 0, 1)",365.27968317581394
2025-01-10 04:00:00,12.05,11.68777958946353,"(2, 0, 1)",366.3090759588222
2025-01-11 04:00:00,8.95,12.521811047113315,"(2, 0, 1)",365.75232372059963
2025-01-12 04:00:00,7.59,10.139298636423964,"(2, 0, 1)",365.47865149428014
2025-01-13 04:00:00,6.26,8.92580491348211,"(2, 0, 1)",365.8253463323075
2025-01-14 04:00:00,7.24,7.6823398759538355,"(2, 0, 1)",366.6217093655115
2025-01-15 04:00:00,8.7,8.385867671770288,"(2, 0, 1)",365.9979146784094
2025-01-16 04:00:00,5.52,9.403978036934026,"(2, 0, 1)",364.65636673440434
2025-01-17 04:00:00,4.88,6.745759197662286,"(2, 0, 1)",366.0690488408377
2025-01-18 04:00:00,4.28,6.016226420517472,"(2, 0, 1)",365.28676471221445
2025-01-19 04:00:00,3.7,5.304005930260021,"(2, 0, 1)",364.942332207561
2025-01-20 04:00:00,4.0,4.662546833094926,"(2, 0, 3)",359.0167705839636
2025-01-21 04:00:00,3.92,4.783468658741855,"(2, 0, 3)",359.23113601458556
2025-01-22 04:00:00,3.34,4.722049153471629,"(2, 0, 3)",358.1590753359574
2025-01-23 04:00:00,3.79,4.015444612597997,"(2, 0, 1)",360.5046319398131
2025-01-24 04:00:00,12.0,4.284421948287651,"(2, 0, 1)",358.66856689020443
2025-01-25 04:00:00,7.57,10.149103410227584,"(2, 0, 2)",361.91667088316046
2025-01-26 04:00:00,5.26,8.089656660013828,"(2, 0, 2)",362.38658056494694
2025-01-27 04:00:00,40.0,6.2239819093772635,"(2, 0, 3)",362.3824332936021
2025-01-28 04:00:00,18.0,16.57970141511993,"(3, 0, 1)",374.7858642466135
2025-01-29 04:00:00,14.0,15.389007937798432,"(3, 0, 1)",374.3624620627604
2025-01-30 04:00:00,9.98,13.003374595741409,"(2, 0, 3)",368.184006499357
2025-01-31 04:00:00,7.25,10.110830110396265,"(2, 0, 2)",369.6203039215532
2025-02-01 04:00:00,5.91,8.245067557564354,"(3, 0, 3)",367.4645135023877
2025-02-02 04:00:00,4.8,7.083960209864272,"(2, 0, 3)",362.8886316174368
2025-02-03 04:00:00,4.38,5.8639541499707795,"(2, 0, 2)",363.0153698413577
2025-02-04 04:00:00,3.73,5.450887784387359,"(2, 0, 2)",362.8685250777137
2025-02-05 04:00:00,3.69,4.868725178979101,"(2, 0, 1)",361.73231474551335
2025-02-06 04:00:00,3.12,4.775756478177135,"(2, 0, 2)",362.416993632291
2025-02-07 04:00:00,3.33,4.2494343216824495,"(2, 0, 1)",362.74018419474
2025-02-08 04:00:00,4.86,4.317476508728221,"(2, 0, 1)",363.51210451227325
2025-02-09 04:00:00,3.08,5.717411573218533,"(2, 0, 1)",363.4380944902955
2025-02-10 04:00:00,2.7,4.217319823203018,"(2, 0, 2)",364.24919072003337
2025-02-11 04:00:00,9.63,3.7177014745732286,"(2, 0, 3)",365.314506386679
2025-02-12 04:00:00,5.16,9.421907856547843,"(2, 0, 1)",369.9793318545669
2025-02-13 04:00:00,3.7,5.569651857030596,"(2, 0, 3)",372.3471220828534
2025-02-14 04:00:00,2.99,4.789085022910352,"(2, 0, 2)",374.07679001804877
2025-02-15 04:00:00,2.63,3.9862861363871827,"(2, 0, 3)",375.4561772365728
2025-02-16 04:00:00,2.98,3.5779350176107525,"(2, 0, 3)",375.77673664481034
2025-02-17 04:00:00,2.38,3.8049917825374093,"(2, 0, 3)",374.1642912751262
2025-02-18 04:00:00,2.15,3.1507990884594457,"(2, 0, 3)",374.9531755717706
2025-02-19 04:00:00,2.37,2.5910777409757277,"(2, 0, 2)",376.53922078187736
2025-02-20 04:00:00,2.19,2.7132430551759197,"(2, 0, 2)",376.58676232285745
2025-02-21 04:00:00,1.99,2.5128373981468948,"(2, 0, 3)",370.37857011286496
2025-02-22 04:00:00,14.88,2.309964787053389,"(2, 0, 2)",369.24599888102364
2025-02-23 04:00:00,6.12,10.973389581261355,"(2, 0, 3)",388.62148068071417
2025-02-24 04:00:00,16.53,5.710545750971366,"(2, 0, 3)",389.8633003303229
2025-02-25 04:00:00,8.36,12.53879546971044,"(2, 0, 2)",395.1512299202676
2025-02-26 04:00:00,5.37,8.81896947843287,"(2, 0, 2)",395.7317349590871
2025-02-27 04:00:00,3.87,6.2751091597696425,"(2, 0, 2)",396.9423550898424
2025-02-28 04:00:00,3.08,4.149738315073622,"(2, 0, 1)",397.9102639682093
